,Comparison,Correlation_Gbm,P_value_Gbm,Correlation_kidney,P_value_kidney,Correlation_Ovar,P_value_Ovar,Correlation_Brca,P_value_Brca,Correlation_Luad,P_value_Luad,Correlation_hnscc,P_value_hnscc,Correlation_colon,P_value_colon,Correlation_Lscc,P_value_Lscc
0,EGFR_proteomics,0.9999999999999998,0.0,1.0,0.0,0.9999999999999998,0.0,1.0,0.0,1.0,0.0,1.0,0.0,1.0,0.0,1.0,0.0
1,PHLDA1_proteomics,0.8168478152481624,6.553435386439516e-25,,,,,,,,,0.6642710702729873,3.42661533200948e-15,,,0.7098116757596845,3.919195497958473e-18
2,GRB2_proteomics,-0.6108891162098071,1.886384108144321e-11,,,,,,,,,-0.532341215310538,2.5598240490135205e-09,,,,
3,SOCS2_proteomics,0.5627196030682289,1.3434640782638405e-09,,,,,,,,,,,,,,
4,CDH4_proteomics,0.5591797537196763,1.7900481215202167e-09,,,,,,,,,,,,,,
5,PLA2G15_proteomics,-0.5566242323733048,2.1975620249173136e-09,,,,,,,,,,,,,,
6,DAB2_proteomics,-0.5564015379913563,2.2370098379586097e-09,,,,,,,,,,,,,,
7,GLA_proteomics,-0.5504906315237544,3.5702294261417187e-09,,,,,,,,,,,,,,
8,CTSC_proteomics,-0.5462852751917662,4.951742478740451e-09,,,,,,,,,,,,,,
9,CKB_proteomics,0.5442462597158703,5.793441254542527e-09,,,,,,,,,,,,,,
10,DCBLD2_proteomics,-0.5653725668293248,6.4080703524936024e-09,,,,,,,,,,,,,,
11,ARNT2_proteomics,0.5420787847456093,6.837755397258697e-09,,,,,,,,,,,,,,
12,SHC1_proteomics,-0.5405244914396086,7.695117931637705e-09,,,,,,,,,,,,,,
13,SCPEP1_proteomics,-0.531494133013942,1.51074842787198e-08,,,,,,,,,,,,,,
14,ROBO2_proteomics,0.5271277906035979,2.078744078781758e-08,,,,,,,,,,,,,,
15,PHLDA3_proteomics,0.5258827854613878,2.2749193535040245e-08,0.4325299757098131,3.651700740714689e-06,,,,,,,0.7637844857470779,4.542520609977958e-22,,,0.6856437017419061,1.4123094176462207e-16
16,BLOC1S2_proteomics,-0.5229648266822912,2.8063596415516746e-08,,,,,,,,,,,,,,
17,ATP7A_proteomics,-0.5224817306372646,2.9050654593125225e-08,,,,,,,,,,,,,,
18,MEOX2_proteomics,0.5458632466939957,3.15918193420926e-08,,,,,,,,,,,,,,
19,CD180_proteomics,-0.5182666129723484,3.9188354698101024e-08,,,,,,,,,,,,,,
20,FAM129B_proteomics,-0.5149840251387472,4.9338151849772536e-08,,,,,,,,,,,,,,
21,SEC23IP_proteomics,-0.5144035788843105,5.137602364276023e-08,,,,,,,,,,,,,,
22,TOR4A_proteomics,-0.5138471291537452,5.340484729091261e-08,,,,,,,,,,,,,,
23,XRN1_proteomics,-0.5116564308207833,6.215974541674247e-08,,,,,,,,,,,,,,
24,PCDH17_proteomics,0.5060447136622968,9.126315836197023e-08,,,,,,,,,,,,,,
25,WAS_proteomics,-0.5019180366341212,1.2051684359689666e-07,,,,,,,,,-0.5034268684782973,2.4113325017541083e-08,,,,
26,LRP4_proteomics,0.5008960940270109,1.2903455595560912e-07,,,,,,,,,,,,,,
27,ARHGAP4_proteomics,-0.4989264348229207,1.470944267430579e-07,,,,,,,,,-0.4664129768292121,3.1939818346802137e-07,,,,
28,NPC2_proteomics,-0.498790591960705,1.4842485672807221e-07,,,,,,,,,,,,,,
29,IKBKE_proteomics,-0.5197345389973977,1.5256152296365938e-07,,,,,,,,,,,,,,
30,GPRIN3_proteomics,-0.4978363548048215,1.5809856909910795e-07,,,,,,,,,-0.5445271846593618,7.159621410487706e-08,,,,
31,PPP1R18_proteomics,-0.4972021285670396,1.648569205371532e-07,,,,,,,,,,,,,,
32,NEO1_proteomics,0.4969841203020866,1.6724287017663087e-07,,,,,,,,,,,,,,
33,CTSB_proteomics,-0.4968953119173142,1.682242054480339e-07,,,,,,,,,,,,,,
34,EPHB3_proteomics,0.4960189368683785,1.7820656121740215e-07,,,,,,,,,,,,,,
35,KYNU_proteomics,-0.4955165794395106,1.8418019170073093e-07,,,,,,,,,,,,,,
36,LRRC75A_proteomics,0.4954021585844763,1.855671837806378e-07,,,,,,,,,,,,,,
37,RGMA_proteomics,0.4950729034600597,1.8961401926600872e-07,,,,,,,,,,,,,,
38,CLIP2_proteomics,0.4932799211035536,2.131667000797299e-07,,,,,,,,,,,,,,
39,STAB1_proteomics,-0.4929776568817793,2.1740173356435914e-07,,,,,,,,,,,,,,
40,ARHGAP45_proteomics,-0.4925637699560174,2.233306774461418e-07,,,,,,,,,-0.4436198247737188,1.3562729523466459e-06,,,,
41,HSD17B11_proteomics,-0.4918426646717746,2.3402960541558966e-07,,,,,0.4816670749023298,5.0440470648095895e-08,,,,,,,,
42,SVIL_proteomics,-0.4913031523433264,2.423511222761499e-07,,,,,,,,,,,,,,
43,SOX9_proteomics,0.4906701048845136,2.524741038548541e-07,,,,,,,,,,,,,,
44,DOCK10_proteomics,-0.4897150736461749,2.685098314979208e-07,,,,,,,,,,,,,,
45,MITF_proteomics,-0.5096486438817509,2.892238411102922e-07,,,,,,,,,,,,,,
46,SH3BP1_proteomics,-0.4884798437640261,2.906896554006407e-07,,,,,,,,,,,,,,
47,GPHN_proteomics,0.4865991159955391,3.278328525577992e-07,,,,,,,,,,,,,,
48,DPP6_proteomics,0.4863244796622994,3.3362018609614224e-07,,,,,,,,,,,,,,
49,ENG_proteomics,-0.4856390335726473,3.484908307567381e-07,,,,,,,,,,,,,,
50,ST14_proteomics,-0.4846592320611137,3.708446279663333e-07,,,,,,,,,,,,,,
51,ARHGAP27_proteomics,-0.4844488272181881,3.7581942145057674e-07,,,,,,,,,,,,,,
52,OSTF1_proteomics,-0.4842980609146354,3.794230400264636e-07,,,,,,,,,,,,,,
53,APBB1IP_proteomics,-0.4830555483585245,4.1039702836079743e-07,,,,,,,,,,,,,,
54,PPP2R3A_proteomics,-0.5037773152130771,4.157858052098756e-07,,,,,0.4461367763598457,5.820667303693802e-07,,,,,,,,
55,COL6A2_proteomics,-0.4827741454334567,4.177380830117714e-07,,,,,,,,,,,,,,
56,HAAO_proteomics,-0.481973589288038,4.393105507041477e-07,,,,,0.4629989162539492,1.8873270422494322e-07,,,,,,,,
57,CTSZ_proteomics,-0.4817090471537244,4.4666869836978187e-07,,,,,,,,,,,,,,
58,CSK_proteomics,-0.481564725075465,4.507321450705375e-07,,,,,,,,,,,,,,
59,THEMIS2_proteomics,-0.4810653113683931,4.650658810265321e-07,,,,,,,,,,,,,,
60,NFIA_proteomics,0.4804297800333734,4.839326688475611e-07,,,,,,,,,,,,,,
61,NIPSNAP2_proteomics,0.4788812086777817,5.329931202626609e-07,,,,,,,0.42155672041097736,4.508490888530989e-06,,,,,,
62,LANCL2_proteomics,0.4787231306558208,5.382585258228344e-07,,,,,,,0.5888080582787203,1.3285073202682635e-11,0.7967283641326608,3.798194315546157e-25,,,0.5722612417035284,6.528910213751107e-11
63,RNF130_proteomics,-0.4754253341978527,6.600401161969358e-07,,,,,,,,,,,,,,
64,ARHGAP15_proteomics,-0.4748493488654879,6.838276050482958e-07,,,,,,,,,,,,,,
65,CD14_proteomics,-0.4746481984106531,6.923247520802883e-07,,,,,,,,,,,,,,
66,KCND3_proteomics,0.4746196748668135,6.935377402357279e-07,,,,,,,,,,,,,,
67,FCGRT_proteomics,-0.4743710606768027,7.041959501140814e-07,,,,,,,,,,,,,,
68,ABCA1_proteomics,-0.4740946903532618,7.162263363932542e-07,,,,,,,,,,,,,,
69,ZYG11B_proteomics,0.4738725020249037,7.260392455215334e-07,,,,,,,0.4427123003127549,1.2798776198439659e-06,,,,,,
70,BCR_proteomics,0.473802830539309,7.29142438563256e-07,,,,,,,,,,,,,,
71,ARMT1_proteomics,-0.4735976201606943,7.383558239359148e-07,,,,,-0.4737404840606695,8.918252380568419e-08,,,,,,,,
72,DOCK11_proteomics,-0.473476158513799,7.438610119950587e-07,,,,,,,,,,,,,,
73,PLCG2_proteomics,-0.4724528986019063,7.918099271287726e-07,,,,,,,,,,,,,,
74,GGA2_proteomics,-0.4714654913986547,8.40845681956795e-07,,,,,-0.4555283468975414,3.131792745360764e-07,,,,,,,,
75,SYK_proteomics,-0.4708487814463348,8.729179979271179e-07,,,,,,,,,,,,,,
76,GBA_proteomics,-0.4707960576500572,8.75713070820446e-07,,,,,,,,,,,,,,
77,PROCR_proteomics,-0.47078406471315504,8.763500414536871e-07,,,,,,,,,,,,,,
78,UAP1_proteomics,-0.4701864303894616,9.08653735392082e-07,,,,,,,,,,,,,,
79,CTNND2_proteomics,0.4700018930346916,9.188543432270417e-07,,,,,-0.4681084440171536,1.3254744186245338e-07,,,,,,,,
80,GMIP_proteomics,-0.4698996531247181,9.245524424223942e-07,,,,,,,,,-0.4827415434899717,1.0607590312205474e-07,,,,
81,APC_proteomics,0.4683330913466173,1.0161593863179835e-06,,,,,,,,,,,,,,
82,ARHGAP24_proteomics,-0.4678576140628673,1.0456226741850344e-06,,,,,,,,,,,,,,
83,CD4_proteomics,-0.467479032996641,1.069658518176667e-06,,,,,,,,,,,,,,
84,NCKAP1L_proteomics,-0.4671625433058982,1.0901529368139768e-06,,,,,,,,,,,,,,
85,ARHGAP30_proteomics,-0.4670639849246152,1.0966106988421598e-06,,,,,,,,,-0.4656505687590924,3.3580145885310175e-07,,,,
86,PI4K2A_proteomics,-0.4666231050334723,1.1259442531821032e-06,,,,,,,,,,,,,,
87,PIK3CD_proteomics,-0.4662648948315302,1.1503230583396594e-06,,,,,,,,,,,,,,
88,SCRN1_proteomics,0.4659651498233915,1.1711062077486946e-06,,,,,,,,,,,,,,
89,BLOC1S1_proteomics,-0.4658473823629272,1.1793686357676015e-06,,,,,,,,,,,,,,
90,LDLRAP1_proteomics,-0.465400890732669,1.2111980974805808e-06,,,,,,,,,,,,,,
91,NPAS3_proteomics,0.4651766456630772,1.2274892687755456e-06,,,,,,,,,,,,,,
92,FYB1_proteomics,-0.4650349443921815,1.2378904631954076e-06,,,,,,,,,,,,,,
93,RASAL3_proteomics,-0.4645787127341439,1.2719486848179605e-06,,,,,,,,,-0.4249307088419797,4.115124083578488e-06,,,,
94,ADAP2_proteomics,-0.4644349187011614,1.2828656641120942e-06,,,,,,,,,,,,,,
95,FAM19A5_proteomics,0.4640521725822081,1.3123580555885118e-06,,,,,,,,,,,,,,
96,PARVG_proteomics,-0.4631967506858821,1.3806093311406378e-06,,,,,,,,,,,,,,
97,DOCK8_proteomics,-0.4629196820492616,1.4034267493707835e-06,,,,,,,,,-0.4710626597250119,2.3471339936321526e-07,,,,
98,MAN2A1_proteomics,-0.4621881013097853,1.4654022962371955e-06,,,,,,,,,,,,,,
99,REL_proteomics,-0.4611850658076229,1.5545942514295218e-06,,,,,,,,,,,,,,
100,LCP2_proteomics,-0.4608809701320738,1.582634110168639e-06,,,,,,,,,,,,,,
101,CTNNB1_proteomics,0.4608358789852845,1.5868323599812544e-06,,,,,,,,,,,,,,
102,EHBP1L1_proteomics,-0.4600736240604506,1.6594172612743353e-06,,,,,0.4209661340997355,2.8046773165167772e-06,,,,,,,,
103,DNAJC21_proteomics,-0.4600181607794885,1.6648194750632718e-06,,,,,,,,,,,,,,
104,ABI3_proteomics,-0.4585684170672143,1.8120722625614602e-06,,,,,,,,,-0.4401279828463472,1.6772631313646083e-06,,,,
105,RAB3IL1_proteomics,-0.4583886434542359,1.8311677593124092e-06,,,,,,,,,,,,,,
106,AIF1_proteomics,-0.45812400454394603,1.8596242009010608e-06,,,,,,,,,,,,,,
107,MLC1_proteomics,0.4580797432124604,1.864424223489147e-06,,,,,,,,,,,,,,
108,FCGR2A_proteomics,-0.4561475438424893,2.0857650169367127e-06,,,,,,,,,,,,,,
109,PLCB2_proteomics,-0.4539868320636522,2.362634100990606e-06,,,,,,,,,,,,,,
110,TRAF3IP3_proteomics,-0.4537069264726966,2.4009424834709734e-06,,,,,,,,,,,,,,
111,CTSL_proteomics,-0.4530784324156623,2.489108678720406e-06,,,,,,,,,,,,,,
112,INPP5F_proteomics,-0.45233733977324503,2.5970001028285062e-06,,,,,,,,,,,,,,
113,MSR1_proteomics,-0.4518416229187484,2.6716184804940325e-06,,,,,,,,,,,,,,
114,TBXAS1_proteomics,-0.4517004156979906,2.693241675045255e-06,,,,,,,,,,,,,,
115,COL6A3_proteomics,-0.4506960778806665,2.851874186008257e-06,,,,,,,,,,,,,,
116,NAIP_proteomics,-0.45059904142645096,2.8676596764713416e-06,,,,,,,,,,,,,,
117,OTULINL_proteomics,-0.450567114368572,2.872871454449018e-06,,,,,,,,,,,,,,
118,FGD3_proteomics,-0.4505039970948786,2.8832010612871964e-06,,,,,,,,,,,,,,
119,COL1A1_proteomics,-0.4504654484371207,2.8895270750601026e-06,,,,,,,,,,,,,,
120,RIN2_proteomics,-0.4499853188856706,2.969424942369167e-06,,,,,,,,,,,,,,
121,RGS12_proteomics,0.4498798737719337,2.987249160811488e-06,,,,,,,,,,,,,,
122,GAS2_proteomics,-0.4697398983127423,2.999487745964869e-06,,,,,,,,,,,,,,
123,PHLDB2_proteomics,-0.4490432852775595,3.132287791032836e-06,,,,,,,,,,,,,,
124,TNFAIP8_proteomics,-0.4487992023446223,3.175841313088115e-06,,,,,,,,,,,,,,
125,MYO10_proteomics,0.4474781939588647,3.421652102638465e-06,,,,,0.5158009122647153,3.6494541056389578e-09,,,,,,,,
126,FCGR3A_proteomics,-0.44714792640110335,3.485855457407905e-06,,,,,,,,,,,,,,
127,VAV1_proteomics,-0.44714281575333015,3.4868578325968787e-06,,,,,,,,,-0.43946391089850745,1.7459438233465169e-06,,,,
128,MAN2B1_proteomics,-0.4470946229040094,3.496323507772922e-06,,,,,,,,,,,,,,
129,HEXB_proteomics,-0.4468664074316057,3.5414781316379732e-06,,,,,,,,,,,,,,
130,IL18_proteomics,-0.44685949345758735,3.542854679296972e-06,,,,,,,,,,,,,,
131,LIG4_proteomics,-0.4459812151698548,3.7218825977673714e-06,,,,,,,,,,,,,,
132,B4GALT1_proteomics,-0.44594460701449457,3.729527011232262e-06,,,,,,,,,,,,,,
133,GAA_proteomics,-0.4458984482707353,3.7391868692414635e-06,,,,,,,,,,,,,,
134,ST6GAL1_proteomics,-0.4456766956565269,3.7859241266766863e-06,,,,,,,,,-0.4310267641993515,2.885975527804016e-06,,,,
135,EMILIN3_proteomics,0.4448454995715303,3.9660608068097495e-06,,,,,,,,,,,,,,
136,TBC1D2B_proteomics,-0.4447880007431165,3.9788163544768615e-06,,,,,,,,,,,,,,
137,RNASET2_proteomics,-0.4446926822173949,4.000047119515243e-06,,,,,,,,,,,,,,
138,ACSL1_proteomics,-0.4430988657917541,4.3712706832383725e-06,,,,,,,,,,,,,,
139,TMX2_proteomics,0.442471215963916,4.526188443300322e-06,,,,,,,,,,,,,,
140,AFAP1L1_proteomics,0.4424701949535215,4.526444617121426e-06,,,,,,,,,,,,,,
141,PTBP3_proteomics,-0.4421726263221297,4.6016907007768496e-06,,,,,,,,,,,,,,
142,ATP11A_proteomics,,,0.5770791126332542,4.144635867955436e-11,,,,,,,,,,,,
143,PLCB1_proteomics,,,0.5619523505883179,1.684847335580958e-10,,,,,,,,,,,,
144,APAF1_proteomics,,,0.5609093043557825,1.8511189504927288e-10,,,,,,,,,,,,
145,HPCAL1_proteomics,,,0.5566812490346316,2.7019395981994784e-10,,,,,,,,,,,,
146,NUDCD3_proteomics,,,0.5562135224443416,2.816460455552968e-10,,,,,0.5683828297279072,9.362812950164468e-11,,,,,,
147,ENPP3_proteomics,,,0.5544967541293412,3.278203183081584e-10,,,,,,,,,,,,
148,SCARB1_proteomics,,,0.5399166280816554,1.1502548086507168e-09,,,,,,,,,,,,
149,ZC3HAV1L_proteomics,,,0.5354991544082187,1.66297406435354e-09,,,,,,,,,,,,
150,PGK1_proteomics,,,0.53244966986068,2.1382656310959776e-09,,,,,,,,,,,,
151,DYNC1LI1_proteomics,,,-0.5309866646802255,2.4102153084607178e-09,,,,,,,,,,,,
152,TMEM30A_proteomics,,,0.5277094863954344,3.1450736135582613e-09,,,,,,,,,,,,
153,PPP1R13L_proteomics,,,0.5274531008381123,3.210856384306833e-09,,,,,,,,,,,0.44044573079697796,1.4707404632233955e-06
154,PBRM1_proteomics,,,-0.5215220759085548,5.158430687182847e-09,,,,,,,,,,,,
155,NDUFA4L2_proteomics,,,0.5204969693553742,5.593779284591104e-09,,,0.6098649748436494,2.6391190237714396e-11,,,,,,,,
156,NR2C2AP_proteomics,,,0.5156896111109901,8.150349539746208e-09,,,,,,,,,,,,
157,SLC16A3_proteomics,,,0.5145067279205569,8.933302541247294e-09,,,,,,,,,,,,
158,SLC39A14_proteomics,,,0.5110418515536013,1.1663481610537328e-08,,,,,,,,,,,,
159,YBX3_proteomics,,,0.5371583288770783,1.1816723456955546e-08,,,,,,,,,,,,
160,YBX3_proteomics,,,0.5371583288770783,1.1816723456955546e-08,,,,,,,,,,,,
161,ALDOC_proteomics,,,0.5104417616271529,1.2211126643766836e-08,,,,,,,,,,,,
162,CEMIP2_proteomics,,,0.5080964343410768,1.4597229206345586e-08,,,,,,,,,,,,
163,TPI1_proteomics,,,0.5070935778067069,1.5748440436595408e-08,,,,,,,,,,,,
164,PUS7_proteomics,,,0.5059292037346123,1.7194171384730954e-08,,,,,,,,,,,,
165,JPT2_proteomics,,,0.5050421842010804,1.8379916326499027e-08,,,,,,,,,,,,
166,PYGL_proteomics,,,0.5031492276613793,2.1177554453469477e-08,,,,,,,,,,,,
167,AMPD2_proteomics,,,0.5006987732586918,2.540839155806318e-08,,,,,,,,,,,,
168,NOL3_proteomics,,,0.4959086735293742,3.612607367791957e-08,,,,,,,,,,,0.4432696345486756,1.2366809250864646e-06
169,USP11_proteomics,,,-0.4913958893007957,5.0082749130791286e-08,,,,,,,,,,,,
170,COX7A2L_proteomics,,,-0.4908370552881602,5.213316860266355e-08,,,,,,,,,,,,
171,POLD2_proteomics,,,0.4803005162975936,1.096276407566736e-07,,,,,,,,,,,,
172,ARPC5L_proteomics,,,-0.4800605280249553,1.1146716017316392e-07,,,,,,,,,,,,
173,EMC2_proteomics,,,-0.479059024246901,1.1946647882364632e-07,,,,,,,,,,,,
174,TCAF2_proteomics,,,0.4784493398720986,1.246012792468267e-07,,,,,,,,,,,,
175,RHOB_proteomics,,,0.4759623651931178,1.4781130788453861e-07,,,,,,,,,,,,
176,CFAP36_proteomics,,,0.4731977367304722,1.7843846820032478e-07,,,,,,,,,,,,
177,TRNT1_proteomics,,,-0.4704782580114704,2.1440488049048293e-07,,,,,,,,,,,,
178,TM6SF1_proteomics,,,-0.6139687480218804,2.3241574701224732e-07,,,,,,,,,,,,
179,KIAA1671_proteomics,,,0.4684325116586195,2.4590712754988433e-07,,,,,,,,,,,,
180,EIF4EBP1_proteomics,,,0.46748729387527793,2.6190800667532964e-07,,,,,,,,,,,,
181,PDCD5_proteomics,,,0.4668654289670046,2.729706004952117e-07,,,,,,,,,,,,
182,TMSB10_proteomics,,,0.4668196524948384,2.7380227882238665e-07,,,,,,,,,,,,
183,TMEM243_proteomics,,,0.5999782499355109,3.217349461056677e-07,,,,,,,,,,,,
184,SEMA4B_proteomics,,,0.4622726463604424,3.695874873646038e-07,,,,,,,,,,,,
185,SEPT9_proteomics,,,0.4616985374897984,3.8373642127868756e-07,,,,,,,,,,,,
186,SEPT9_proteomics,,,0.4616985374897984,3.8373642127868756e-07,,,,,,,,,,,,
187,LDHA_proteomics,,,0.4574243924174143,5.064884016686267e-07,,,,,,,,,,,,
188,DENND6A_proteomics,,,-0.4562732087575914,5.454505608018136e-07,,,,,,,,,,,,
189,YWHAG_proteomics,,,0.4506110008257434,7.822788457056202e-07,,,,,,,,,,,,
190,SRI_proteomics,,,0.4505481503744962,7.853877852232792e-07,,,,,,,,,,,,
191,PFKP_proteomics,,,0.4475114417645887,9.5039276980772e-07,,,0.5576454572411504,9.56282529768725e-11,,,0.4721345292919824,2.1848077134321886e-07,,,,
192,PLEKHA2_proteomics,,,0.44576260418819735,1.0598316025739392e-06,,,,,,,,,,,,
193,PDK1_proteomics,,,0.44563576753551737,1.0682172263440644e-06,,,,,,,,,,,,
194,ADAM9_proteomics,,,0.4443930552223458,1.1537759456259224e-06,,,,,,,,,,,,
195,ANKZF1_proteomics,,,0.4432515294453041,1.2380621802416251e-06,,,,,,,,,,,,
196,GYS1_proteomics,,,0.4409781052531989,1.4236260357289118e-06,,,,,,,,,,,,
197,EEF1AKMT1_proteomics,,,0.43965906042703984,1.5430733886817767e-06,,,,,,,,,,,,
198,GNAI3_proteomics,,,0.4392895954120083,1.5781968747042254e-06,,,,,,,,,,,,
199,CA9_proteomics,,,0.4381393311124113,1.6924629922071698e-06,,,,,,,,,,,,
200,KIF1BP_proteomics,,,0.4372581278308557,1.7852580532942818e-06,,,,,,,,,,,,
201,CTPS2_proteomics,,,0.4371423163922751,1.7978059830382683e-06,,,,,,,,,,,,
202,UBP1_proteomics,,,-0.4371052344624067,1.801841361209094e-06,,,,,,,,,,,,
203,EIF6_proteomics,,,0.4369884268142504,1.8146089162399715e-06,,,,,,,,,,,,
204,UQCRB_proteomics,,,-0.4366188103373512,1.855576545454054e-06,,,,,,,,,,,,
205,EIF4A2_proteomics,,,-0.4363636628018028,1.8843661282486743e-06,,,,,,,,,,,,
206,MICALL1_proteomics,,,-0.43550116886982937,1.984850019922789e-06,,,0.4333833188205412,1.3117348516738287e-06,,,,,,,0.4640939485242632,3.279137320826339e-07
207,FAM13A_proteomics,,,0.4354934389879527,1.985773111501948e-06,,,,,0.4376030424221389,1.7483769589710067e-06,,,,,,
208,MTR_proteomics,,,0.4351272310750163,2.029974029159228e-06,,,,,,,,,,,,
209,PFKL_proteomics,,,0.43479765166586304,2.070549053070406e-06,,,,,,,,,,,,
210,LPCAT1_proteomics,,,0.4318754950216019,2.465463573533973e-06,,,,,,,,,,,,
211,PFKFB2_proteomics,,,-0.4372035461697456,2.786226199621911e-06,,,,,,,,,,,,
212,PFKFB2_proteomics,,,-0.4372035461697456,2.786226199621911e-06,,,,,,,,,,,,
213,NDUFS1_proteomics,,,-0.4286134523222177,2.9901991038899894e-06,,,,,,,,,,,,
214,SNX1_proteomics,,,-0.4281641309950198,3.070258863391999e-06,,,,,,,,,,,,
215,INPP4A_proteomics,,,-0.427126141280248,3.2630270527601123e-06,,,,,,,,,,,,
216,CLASP2_proteomics,,,-0.433554028447844,3.8376214538941975e-06,,,,,,,,,,,,
217,CLASP2_proteomics,,,-0.433554028447844,3.8376214538941975e-06,,,,,,,,,,,,
218,GK_proteomics,,,-0.42429165721696815,3.849396306486354e-06,,,,,,,,,,,,
219,NDUFS4_proteomics,,,-0.4240125623607438,3.9122314775104815e-06,,,,,,,,,,,,
220,CPNE8_proteomics,,,0.4239121938241529,3.935064375490383e-06,,,0.6164526528779661,2.2292629095873168e-13,,,,,,,,
221,GGA1_proteomics,,,-0.4229122060363112,4.1695342928170115e-06,,,,,,,,,,,,
222,TULP3_proteomics,,,0.4217936835972039,4.447416785536921e-06,,,,,,,,,,,,
223,ABCC3_proteomics,,,0.421531974365294,4.514914333876223e-06,,,,,,,,,,,,
224,CSNK2A1_proteomics,,,0.4206784789963057,4.741825069118897e-06,,,,,,,,,,,,
225,PHKA2_proteomics,,,0.4201102353152117,4.89882486723436e-06,,,,,,,,,,,,
226,ERO1A_proteomics,,,,,0.5121576051190955,7.452351476209632e-07,0.5090758594376754,6.2652843531701844e-09,,,,,,,,
227,CGGBP1_proteomics,,,,,-0.4929926468823736,2.1923391204134747e-06,,,,,-0.4368511964664086,2.0428977511851038e-06,,,,
228,PROSER2_proteomics,,,,,0.5245929168077215,2.2440191437951265e-06,,,,,,,,,,
229,CP_proteomics,,,,,0.4893278131754406,2.675011156825854e-06,,,,,,,,,,
230,ALDH1L1_proteomics,,,,,0.4867613041483839,3.0708059488287183e-06,,,,,,,,,,
231,TRPM4_proteomics,,,,,0.4838594083520945,3.5845017033750167e-06,,,,,,,,,,
232,MPP6_proteomics,,,,,,,0.6482016750801229,4.8344384149967775e-15,,,,,,,,
233,CRYBG3_proteomics,,,,,,,0.6099970715071926,4.612176438723387e-13,,,,,,,,
234,PSAT1_proteomics,,,,,,,0.6093187041227728,4.973595244978248e-13,,,,,,,,
235,PHC3_proteomics,,,,,,,-0.6032043673296034,9.738760535376895e-13,,,,,,,,
236,GATA3_proteomics,,,,,,,-0.5989112714956837,1.5478464694256326e-12,,,,,,,,
237,KRT16_proteomics,,,,,,,0.5953254717268092,2.2673685084903682e-12,,,,,,,,
238,KRT5_proteomics,,,,,,,0.5947703956956036,2.4043842952646757e-12,,,,,,,0.5031481448102282,2.117926572830214e-08
239,NXN_proteomics,,,,,,,0.5928643081653011,2.938572707730069e-12,,,,,,,,
240,ANGPTL4_proteomics,,,,,,,0.5927303341631387,2.9801580865769115e-12,,,,,,,,
241,MSI2_proteomics,,,,,,,-0.5927073291304642,2.9873558506601664e-12,,,,,,,,
242,WWTR1_proteomics,,,,,,,0.5904236890563149,3.792047745957696e-12,,,,,,,,
243,LPIN1_proteomics,,,,,,,0.5853048327707228,6.429025037315383e-12,,,,,,,,
244,PLA2G4A_proteomics,,,,,,,0.5821618873400262,8.850043244400967e-12,,,,,,,,
245,FMNL2_proteomics,,,,,,,0.5798977074970961,1.1117892337405577e-11,,,,,,,,
246,ATP1B3_proteomics,,,,,,,0.5791346978189895,1.2001612503431936e-11,,,,,,,,
247,EHBP1_proteomics,,,,,,,0.578128173337492,1.327171092332441e-11,,,,,,,,
248,TBC1D9_proteomics,,,,,,,-0.5765724918711845,1.5493800901363032e-11,,,,,,,,
249,LMX1B_proteomics,,,,,,,-0.5700717567371781,2.9329942308461165e-11,,,,,,,,
250,SLC9A3R1_proteomics,,,,,,,-0.5698606251584877,2.993721603128771e-11,,,,,,,,
251,PARD6B_proteomics,,,,,,,-0.5673504885436371,3.815436261159485e-11,,,,,,,,
252,CA12_proteomics,,,,,,,-0.5654257640250651,4.5889541625584635e-11,,,,,,,,
253,NDRG1_proteomics,,,,,,,0.5635350183366943,5.494995624499721e-11,,,0.4953263887241109,4.3579254091074376e-08,,,,
254,TRIP10_proteomics,,,,,,,0.5627884324370849,5.898357339291424e-11,,,,,,,,
255,DENND2D_proteomics,,,,,,,-0.5624979330807623,6.062903778798008e-11,,,,,,,,
256,MMP14_proteomics,,,,,,,0.5611608759369696,6.879092766499291e-11,,,,,,,,
257,ARHGAP10_proteomics,,,,,,,0.5605272344738426,7.301970002203245e-11,,,,,,,,
258,MMP24_proteomics,,,,,,,0.5594043658286081,8.113699162208727e-11,,,,,,,,
259,PLOD1_proteomics,,,,,,,0.5593190033157379,8.178847403328095e-11,,,0.4370437775073418,2.0194718001212863e-06,,,,
260,C3orf58_proteomics,,,,,,,0.5757376747378147,1.0725097076540871e-10,,,,,,,,
261,MKL2_proteomics,,,,,,,-0.5560954802302165,1.1044133891130862e-10,,,,,,,,
262,FAT1_proteomics,,,,,,,0.5520735268804902,1.5993268289104324e-10,,,,,,,0.4345354709209736,2.103373745937003e-06
263,FOXA1_proteomics,,,,,,,-0.5512934214292077,1.7174353739367383e-10,,,,,,,,
264,CDK6_proteomics,,,,,,,0.5505854145057493,1.8318707686012927e-10,,,,,,,,
265,JADE2_proteomics,,,,,,,-0.5498101489030285,1.965601817326199e-10,,,,,,,,
266,FAM49A_proteomics,,,,,,,0.5424790152543927,3.7934459036025487e-10,,,,,,,,
267,NAMPT_proteomics,,,,,,,0.5424696350033302,3.796600090509416e-10,,,,,,,,
268,KDELC1_proteomics,,,,,,,0.5403531169426077,4.576744229657296e-10,,,,,,,,
269,CMBL_proteomics,,,,,,,-0.5382975141734666,5.480819880033156e-10,,,,,,,,
270,DSC2_proteomics,,,,,,,0.5372170409572861,6.022617910674837e-10,,,,,,,,
271,ESR1_proteomics,,,,,,,-0.5358493786720276,6.782657491107293e-10,,,,,,,,
272,TRIM16_proteomics,,,,,,,0.5357323977714346,6.85178868587559e-10,,,,,,,,
273,SUN1_proteomics,,,,,,,0.5345705715261186,7.576226420501042e-10,,,,,,,,
274,CALU_proteomics,,,,,,,0.5339506757285655,7.992347256304678e-10,,,,,,,,
275,CALU_proteomics,,,,,,,0.5339506757285655,7.992347256304678e-10,,,,,,,,
276,DSC3_proteomics,,,,,,,0.5335853213297187,8.247809036258182e-10,,,,,,,,
277,IGF2BP2_proteomics,,,,,,,0.5318454295739992,9.576076694939554e-10,,,,,,,,
278,VLDLR_proteomics,,,,,,,0.5682466599006053,1.0410938986118182e-09,,,,,,,,
279,MYO1E_proteomics,,,,,,,0.5303115940393515,1.0915719613312294e-09,,,,,,,,
280,COLGALT1_proteomics,,,,,,,0.5290024876770371,1.2200047021712356e-09,,,,,,,,
281,ATP11C_proteomics,,,,,,,0.5287172399825971,1.2498576295847146e-09,,,,,,,,
282,CARD6_proteomics,,,,,,,0.544855414491719,1.3011981028388858e-09,,,,,,,,
283,TLE3_proteomics,,,,,,,-0.5270653697701574,1.4370418102625893e-09,,,,,,,,
284,RUNDC1_proteomics,,,,,,,-0.5427728702595263,1.5461140063880212e-09,,,,,,,,
285,RUNDC1_proteomics,,,,,,,-0.5427728702595263,1.5461140063880212e-09,,,,,,,,
286,DYSF_proteomics,,,,,,,0.5258927641310345,1.5859756223442953e-09,,,,,,,,
287,PREX1_proteomics,,,,,,,-0.5250541013597929,1.7014810926158726e-09,,,-0.4630098369183218,3.99035686829628e-07,,,,
288,FERMT1_proteomics,,,,,,,0.5392303793124618,2.0676580106180453e-09,,,,,,,,
289,RBM47_proteomics,,,,,,,-0.5221929596125053,2.159538574628549e-09,,,,,,,,
290,RBM47_proteomics,,,,,,,-0.5221929596125053,2.159538574628549e-09,,,,,,,,
291,METTL26_proteomics,,,,,,,-0.5219021010686389,2.2122405534792656e-09,,,,,,,,
292,SLC2A1_proteomics,,,,,,,0.5196022216464615,2.6747627618818308e-09,,,,,,,,
293,GPT2_proteomics,,,,,,,0.5192392685306445,2.755760649148275e-09,,,,,,,,
294,CRYAB_proteomics,,,,,,,0.5186035463896904,2.9033409508721572e-09,,,,,,,,
295,ACSL4_proteomics,,,,,,,0.5176031734206615,3.1510565526852423e-09,,,,,,,,
296,RAB9A_proteomics,,,,,,,0.5176018804348612,3.151389489899662e-09,,,,,,,,
297,CCDC88A_proteomics,,,,,,,0.516840101118471,3.3535308584171368e-09,,,,,,,,
298,MMP12_proteomics,,,,,,,0.5164467401362913,3.462728511877287e-09,,,,,,,,
299,RABEP1_proteomics,,,,,,,-0.515995516368128,3.592194579897168e-09,,,,,,,,
300,STRBP_proteomics,,,,,,,-0.5148746843204373,3.9342109521733824e-09,,,,,,,,
301,SERPINH1_proteomics,,,,,,,0.5142536168293892,4.136970291263944e-09,,,,,,,,
302,SIGIRR_proteomics,,,,,,,-0.5136072448700153,4.358629580973901e-09,,,,,,,,
303,EXOC6_proteomics,,,,,,,-0.5093363841981216,6.13680853462075e-09,,,-0.4944648402198387,4.6368828145109087e-08,,,,
304,NUDT12_proteomics,,,,,,,-0.5091051248182532,6.250724699438469e-09,,,,,,,,
305,CD58_proteomics,,,,,,,0.5267782596348842,6.612633145112346e-09,,,,,,,,
306,BAG2_proteomics,,,,,,,0.5077779517415589,6.944750591701524e-09,,,,,,,,
307,HID1_proteomics,,,,,,,-0.5068383468344935,7.480175659757525e-09,,,,,,,,
308,SH3PXD2B_proteomics,,,,,,,0.5067301339639187,7.544323691870133e-09,,,,,,,,
309,NUDT16L1_proteomics,,,,,,,-0.5047033515916206,8.847922990017437e-09,,,,,,,,
310,CLIC3_proteomics,,,,,,,0.5046071600059894,8.91487750314117e-09,,,,,,,,
311,NHSL1_proteomics,,,,,,,0.5045530600606747,8.952747168955848e-09,,,,,,,,
312,FKBP14_proteomics,,,,,,,0.5032624547163831,9.903276574561933e-09,,,,,,,,
313,ACOT9_proteomics,,,,,,,0.5028474786427981,1.02289458074368e-08,,,,,,,,
314,MAP4K4_proteomics,,,,,,,0.50275204937182,1.0305276923107898e-08,,,,,,,,
315,SERPINB5_proteomics,,,,,,,0.5024008696922698,1.0590905396872931e-08,,,,,,,,
316,GLIPR2_proteomics,,,,,,,0.5021335801744335,1.0813373484805629e-08,,,,,,,,
317,ZNF24_proteomics,,,,,,,-0.5001120332098522,1.2647122412330022e-08,,,,,,,,
318,SCCPDH_proteomics,,,,,,,-0.4997769949640491,1.2978487400654297e-08,,,,,,,,
319,MAGED2_proteomics,,,,,,,-0.4996999685114255,1.3055837344104824e-08,,,,,,,,
320,COX17_proteomics,,,,,,,-0.4992719868626781,1.3493728731135878e-08,,,,,,,,
321,STARD10_proteomics,,,,,,,-0.4985548085559224,1.4259240507403124e-08,,,,,,,,
322,KRT6A_proteomics,,,,,,,0.4979495457391999,1.4937513777796403e-08,,,,,,,0.4669559106222149,2.713337779482744e-07
323,PLOD3_proteomics,,,,,,,0.4962888687612387,1.6960993603313722e-08,,,,,,,,
324,TRIM29_proteomics,,,,,,,0.4957727337385333,1.764164966844541e-08,,,,,,,0.5407122774801669,1.0757536689887667e-09
325,SUN2_proteomics,,,,,,,0.4948037393643502,1.8990826395024405e-08,,,,,,,,
326,ANXA1_proteomics,,,,,,,0.4945361033991621,1.938054768894914e-08,,,,,,,,
327,IVL_proteomics,,,,,,,0.5084112648906325,1.939234012328872e-08,0.4630537401098708,3.511326846142136e-07,,,,,,
328,ARFGEF3_proteomics,,,,,,,-0.494059028186678,2.0094319550416723e-08,,,,,,,,
329,PVR_proteomics,,,,,,,0.4935023210661758,2.095907196310023e-08,,,,,,,,
330,MYEF2_proteomics,,,,,,,-0.4934539524104653,2.1035864640039655e-08,,,,,,,,
331,MYEF2_proteomics,,,,,,,-0.4934539524104653,2.1035864640039655e-08,,,,,,,,
332,FSCN1_proteomics,,,,,,,0.4931256667037333,2.1564234148674703e-08,,,0.5264347695861407,4.117664789073789e-09,,,0.4420777079305946,1.330803755440124e-06
333,FAM120A_proteomics,,,,,,,-0.4923972515684898,2.278236166259842e-08,,,,,,,,
334,NT5C2_proteomics,,,,,,,0.4874755954736642,3.2915077590934265e-08,,,,,,,,
335,ZKSCAN1_proteomics,,,,,,,-0.4872888718726722,3.3373981996427055e-08,,,,,,,,
336,IFT140_proteomics,,,,,,,-0.4866706163489644,3.49375452449764e-08,,,,,,,,
337,NRBF2_proteomics,,,,,,,0.4864421880200371,3.5532778799578734e-08,,,,,,,,
338,HECTD4_proteomics,,,,,,,-0.48638918265689,3.5672279454832264e-08,,,,,,,,
339,ANXA8L1_proteomics,,,,,,,0.4859616284100746,3.6816844842699905e-08,,,,,,,,
340,OTUD7B_proteomics,,,,,,,-0.485531667809319,3.8003236023816934e-08,,,,,,,,
341,ITGB4_proteomics,,,,,,,0.4851230795618071,3.916448218296829e-08,,,,,,,0.5673799186736751,1.0269808364774248e-10
342,PHAX_proteomics,,,,,,,-0.48494400052093395,3.968407116512764e-08,,,,,,,,
343,ANGEL2_proteomics,,,,,,,-0.4842666389757003,4.170967954522435e-08,,,,,,,,
344,CETN3_proteomics,,,,,,,-0.4840760143517346,4.229732952360795e-08,,,,,,,,
345,SPAST_proteomics,,,,,,,0.4840631302725121,4.233733244541239e-08,,,,,,,,
346,KRT17_proteomics,,,,,,,0.4838078671121929,4.313738258624144e-08,,,,,,,,
347,RARA_proteomics,,,,,,,-0.4835623026727481,4.392066675627424e-08,0.4762973347336098,1.4446076176929887e-07,,,,,,
348,TES_proteomics,,,,,,,0.4835245762745326,4.404220265996842e-08,,,,,,,,
349,MAPT_proteomics,,,,,,,-0.4834323479832534,4.434067262422071e-08,,,,,,,,
350,MAPT_proteomics,,,,,,,-0.4834323479832534,4.434067262422071e-08,,,,,,,,
351,CYP1B1_proteomics,,,,,,,0.48206733024007,4.8990816110856654e-08,,,,,,,,
352,PDIA6_proteomics,,,,,,,0.4814031793225152,5.141859260652656e-08,,,,,,,,
353,CXXC5_proteomics,,,,,,,-0.4802514552658748,5.5903762860101474e-08,,,,,,,,
354,ENO1_proteomics,,,,,,,0.4801493711879199,5.6318870160539294e-08,,,,,,,,
355,ENO1_proteomics,,,,,,,0.4801493711879199,5.6318870160539294e-08,,,,,,,,
356,UPP1_proteomics,,,,,,,0.4798149058538358,5.769965689590127e-08,,,,,,,,
357,AES_proteomics,,,,,,,-0.4775411818680951,6.798098268060899e-08,,,,,,,,
358,ZNF385A_proteomics,,,,,,,-0.4770613093349364,7.036413824485885e-08,,,,,,,,
359,NCK2_proteomics,,,,,,,0.4769067261326087,7.114868650257348e-08,,,,,,,,
360,PDIA5_proteomics,,,,,,,0.4765967750634254,7.274701967602287e-08,,,,,,,,
361,TUBB6_proteomics,,,,,,,0.4765588616127261,7.294486765127321e-08,,,,,,,,
362,DNAJC12_proteomics,,,,,,,-0.4760464349661978,7.566987016567278e-08,,,,,,,,
363,RAD17_proteomics,,,,,,,-0.4745668662451699,8.409457750859916e-08,,,,,,,,
364,FNDC3B_proteomics,,,,,,,0.4745020935747085,8.448314259273776e-08,,,,,,,,
365,VSNL1_proteomics,,,,,,,0.4744030468770432,8.508063225036193e-08,,,,,,,,
366,FKBP4_proteomics,,,,,,,-0.4740898207329234,8.699681812905219e-08,,,,,,,,
367,TTC7A_proteomics,,,,,,,0.4914166896927468,8.848311247422148e-08,,,,,,,,
368,CYB5R3_proteomics,,,,,,,0.4737904192691325,8.886691111266637e-08,,,,,,,,
369,SIRPA_proteomics,,,,,,,0.4735861701808813,9.016463615238817e-08,,,,,,,,
370,HSPA4_proteomics,,,,,,,-0.4735311498553074,9.05172979316104e-08,,,,,,,,
371,TOM1L1_proteomics,,,,,,,-0.4732420756918744,9.239191453605988e-08,,,,,,,,
372,ITGA6_proteomics,,,,,,,0.4726931621622974,9.605408702942195e-08,,,,,,,0.4600714925995109,4.2668855629383887e-07
373,ITGA6_proteomics,,,,,,,0.4726931621622974,9.605408702942195e-08,,,,,,,0.4600714925995109,4.2668855629383887e-07
374,CASZ1_proteomics,,,,,,,-0.472440717225085,9.778447317843684e-08,,,,,,,,
375,CPNE2_proteomics,,,,,,,0.4723247240200951,9.858949315067967e-08,,,,,,,,
376,RND3_proteomics,,,,,,,0.4895059164442277,1.0096515895796214e-07,,,,,,,,
377,ITGA5_proteomics,,,,,,,0.4718690283575349,1.0181382090436533e-07,,,,,,,,
378,ADI1_proteomics,,,,,,,0.4710886751899245,1.0757043333164844e-07,,,,,,,,
379,PLEKHF2_proteomics,,,,,,,-0.4710397388098839,1.0794160086161013e-07,,,,,,,,
380,POR_proteomics,,,,,,,0.4691163978922902,1.2353756668708914e-07,,,,,,,,
381,RALGPS2_proteomics,,,,,,,-0.468538408152095,1.28629947905966e-07,,,,,,,,
382,ACSL5_proteomics,,,,,,,0.4682479835104154,1.3126375521785054e-07,,,,,,,,
383,LPCAT2_proteomics,,,,,,,0.4675396679270082,1.3790488048936524e-07,,,,,,,,
384,PLAUR_proteomics,,,,,,,0.4674275936294324,1.3898462520800624e-07,,,,,,,,
385,MYL6_proteomics,,,,,,,0.4670419881052762,1.4276157936082746e-07,,,,,,,,
386,MYL6_proteomics,,,,,,,0.4670419881052762,1.4276157936082746e-07,,,,,,,,
387,HPGD_proteomics,,,,,,,0.466609740079913,1.4711177918905227e-07,,,,,,,,
388,MGAT1_proteomics,,,,,,,0.4655466026459387,1.5835586987656032e-07,,,,,,,,
389,DNAJB4_proteomics,,,,,,,0.4649922736730765,1.6453920245288933e-07,,,,,,,,
390,CXADR_proteomics,,,,,,,0.4648515302129399,1.6614542074078907e-07,,,,,,,,
391,NECTIN1_proteomics,,,,,,,0.4800435008910061,1.6751808180641492e-07,,,,,,,0.5220843119010871,4.933654407303368e-09
392,TNFAIP3_proteomics,,,,,,,0.4636670712974935,1.8026830818691022e-07,,,,,,,,
393,SMARCC2_proteomics,,,,,,,-0.463209235651457,1.8602826824932727e-07,,,,,,,,
394,SMARCC2_proteomics,,,,,,,-0.463209235651457,1.8602826824932727e-07,,,,,,,,
395,ACADSB_proteomics,,,,,,,-0.46284098742464,1.9078806719360328e-07,,,,,,,,
396,SREK1_proteomics,,,,,,,-0.4623182684961785,1.9774429859853283e-07,,,,,,,,
397,CTTNBP2NL_proteomics,,,,,,,0.4616822952661652,2.0653400398570505e-07,,,,,,,,
398,REPS2_proteomics,,,,,,,-0.4615864345210506,2.0789076116880644e-07,,,,,,,,
399,MSN_proteomics,,,,,,,0.4611501866251499,2.1417320596500155e-07,,,,,,,,
400,TUBA1C_proteomics,,,,,,,0.4607503770453698,2.200894988700688e-07,,,,,,,,
401,TTC13_proteomics,,,,,,,0.4606588710823959,2.2146532500143447e-07,,,,,,,,
402,FBLIM1_proteomics,,,,,,,0.4601825452723828,2.2876048267603303e-07,,,,,,,,
403,ATG4B_proteomics,,,,,,,0.4590313550795466,2.4734904408607763e-07,,,,,,,,
404,ASB13_proteomics,,,,,,,-0.4879841451288161,2.606583768912887e-07,,,,,,,,
405,NT5DC2_proteomics,,,,,,,0.4576786623065981,2.7103147357398093e-07,,,,,,,,
406,TTC39A_proteomics,,,,,,,-0.4575258326579316,2.738390802953063e-07,,,,,,,,
407,LARP1_proteomics,,,,,,,-0.4562947913612965,2.9748687397771503e-07,,,,,,,,
408,METTL14_proteomics,,,,,,,-0.4562070987252446,2.9924362390623e-07,,,,,,,,
409,BSG_proteomics,,,,,,,0.4560638228147118,3.021351559979004e-07,,,,,,,,
410,TCEAL3_proteomics,,,,,,,-0.455559053246755,3.125357041497855e-07,,,,,,,,
411,NUMA1_proteomics,,,,,,,-0.4705735777492431,3.1424041627585604e-07,,,,,,,,
412,NUMA1_proteomics,,,,,,,-0.4705735777492431,3.1424041627585604e-07,,,,,,,,
413,HIST1H1A_proteomics,,,,,,,0.4546058353092977,3.33113324313636e-07,,,,,,,,
414,ZNF552_proteomics,,,,,,,-0.4540629579056194,3.454027912281016e-07,,,,,,,,
415,TAX1BP3_proteomics,,,,,,,0.4535940816536738,3.5636338602708075e-07,,,,,,,,
416,ATP11B_proteomics,,,,,,,0.4533760846161086,3.6157139344141677e-07,,,,,,,,
417,SERPINE1_proteomics,,,,,,,0.4846662714633879,3.7067927522552316e-07,,,0.4405898086293996,1.6310171073916581e-06,,,,
418,CELSR1_proteomics,,,,,,,-0.452337414613226,3.873965631749489e-07,,,,,,,0.5053289858419251,1.7988217321266953e-08
419,CORO1C_proteomics,,,,,,,0.4518630061951922,3.997677044979615e-07,,,,,,,,
420,UBE3B_proteomics,,,,,,,-0.4511200973396993,4.198989769257658e-07,,,,,,,,
421,KCTD3_proteomics,,,,,,,-0.4508852731297909,4.264604037212471e-07,,,,,,,,
422,FN3K_proteomics,,,,,,,-0.4507464466767832,4.3038524959704933e-07,,,,,,,,
423,MT1X_proteomics,,,,,,,0.4486255208226467,4.947926874094882e-07,,,,,,,,
424,EVL_proteomics,,,,,,,-0.44744426832287393,5.345378976634711e-07,,,,,,,,
425,TLDC1_proteomics,,,,,,,0.44733099438533575,5.385048066807048e-07,,,,,,,,
426,PTK7_proteomics,,,,,,,0.4473227014955907,5.38796325163011e-07,,,,,,,,
427,FAM98A_proteomics,,,,,,,0.44715454967665896,5.447398164541293e-07,,,,,,,,
428,KIF3A_proteomics,,,,,,,-0.4464660835665781,5.697309997637755e-07,,,,,,,,
429,PHGDH_proteomics,,,,,,,0.4464257331864679,5.712290341246574e-07,,,,,,,,
430,DCAF8_proteomics,,,,,,,-0.4460580194086712,5.850543513075593e-07,,,,,,,,
431,SPATA20_proteomics,,,,,,,-0.4457053761644341,5.9861151452215e-07,,,,,,,,
432,PTGES3_proteomics,,,,,,,-0.4455430868225429,6.049505214695524e-07,,,,,,,,
433,CDC42EP1_proteomics,,,,,,,0.44510528120848747,6.223710786848147e-07,,,,,,,,
434,CEBPB_proteomics,,,,,,,0.4449103492073109,6.30280070037457e-07,,,,,,,,
435,ICAM1_proteomics,,,,,,,0.44472804485480427,6.37763118456257e-07,,,,,,,,
436,NPEPPS_proteomics,,,,,,,-0.4445863441710845,6.436377711564207e-07,,,,,,,,
437,ZPR1_proteomics,,,,,,,0.4438652046185476,6.743407313354356e-07,,,,,,,,
438,SFXN2_proteomics,,,,,,,-0.4437727843475283,6.783747733861166e-07,,,,,,,,
439,PYM1_proteomics,,,,,,,-0.4435263119882488,6.892454868230821e-07,,,,,,,,
440,PYM1_proteomics,,,,,,,-0.4435263119882488,6.892454868230821e-07,,,,,,,,
441,FMN1_proteomics,,,,,,,-0.4434435471955658,6.92932835680379e-07,,,,,,,,
442,GFPT2_proteomics,,,,,,,0.4433662337578559,6.963942479956505e-07,,,,,,,,
443,MMP15_proteomics,,,,,,,0.4560077246287048,7.066503773627227e-07,,,,,,,,
444,PLEK2_proteomics,,,,,,,0.4947315928109084,7.178600737654038e-07,,,,,,,,
445,ACTA1_proteomics,,,,,,,0.5074393733705931,7.178982015629297e-07,,,,,,,,
446,MOGS_proteomics,,,,,,,0.4421982450603173,7.507283830227913e-07,,,,,,,,
447,ARHGAP31_proteomics,,,,,,,0.441966878271992,7.619590690277044e-07,,,,,,,,
448,RPL5_proteomics,,,,,,,0.44125126562239453,7.977146795689835e-07,,,,,,,,
449,DIDO1_proteomics,,,,,,,-0.44085499559405067,8.181943772616377e-07,,,,,,,,
450,GNAI1_proteomics,,,,,,,0.4399076473503408,8.691981042091041e-07,,,,,,,,
451,FLYWCH2_proteomics,,,,,,,-0.4393832923720342,8.987125480441456e-07,,,,,,,,
452,ANP32A_proteomics,,,,,,,-0.4391680729426208,9.111000960162347e-07,,,,,,,,
453,GOLPH3L_proteomics,,,,,,,-0.43899493896307423,9.211828354978752e-07,,,,,,,,
454,AKR1C1_proteomics,,,,,,,0.43898044443703976,9.22031738396163e-07,,,,,,,,
455,KDELC2_proteomics,,,,,,,0.43896267602460337,9.23073397194499e-07,,,,,,,,
456,SFXN1_proteomics,,,,,,,-0.43878740063546906,9.334088462331394e-07,,,,,,,,
457,GRB10_proteomics,,,,,,,0.4387029956316864,9.384250677675834e-07,,,,,,,,
458,LUZP1_proteomics,,,,,,,0.4386449689050739,9.418884581420314e-07,,,,,,,,
459,CSPG4_proteomics,,,,,,,0.4382872006533078,9.635119104251438e-07,,,,,,,,
460,RABGEF1_proteomics,,,,,,,-0.4379529708734437,9.841379630326417e-07,,,,,,,,
461,FAM102A_proteomics,,,,,,,-0.4379025556495773,9.872853569359162e-07,,,,,,,,
462,P4HA1_proteomics,,,,,,,0.4368757898713937,1.0535041103026235e-06,,,0.4383802441052714,1.8637728096900646e-06,,,,
463,P4HA1_proteomics,,,,,,,0.4368757898713937,1.0535041103026235e-06,,,0.4383802441052714,1.8637728096900646e-06,,,,
464,MICAL3_proteomics,,,,,,,0.4361748839073477,1.1011060538543254e-06,,,,,,,,
465,PALM2_proteomics,,,,,,,0.4359741746756471,1.1151088762055028e-06,,,,,,,,
466,CCAR1_proteomics,,,,,,,-0.4359700168352842,1.1154007345295956e-06,,,,,,,,
467,OSBPL3_proteomics,,,,,,,0.4357530676315388,1.1307304258711206e-06,,,,,,,,
468,HK3_proteomics,,,,,,,0.4357425116199869,1.1314813956144748e-06,,,,,,,,
469,DNM2_proteomics,,,,,,,0.4649930432730008,1.24098205128663e-06,,,,,,,,
470,DNM2_proteomics,,,,,,,0.4649930432730008,1.24098205128663e-06,,,,,,,,
471,CALR_proteomics,,,,,,,0.4339849045327439,1.263343715403198e-06,,,,,,,,
472,AGR3_proteomics,,,,,,,-0.43396167958894105,1.2651800483211477e-06,,,,,,,,
473,CORO2A_proteomics,,,,,,,-0.433672380949771,1.2882674287255913e-06,,,,,,,,
474,LRBA_proteomics,,,,,,,-0.4331971775267516,1.3270607677642252e-06,,,,,,,,
475,LRBA_proteomics,,,,,,,-0.4331971775267516,1.3270607677642252e-06,,,,,,,,
476,STXBP4_proteomics,,,,,,,-0.4327705650131549,1.3628292568918735e-06,,,,,,,,
477,PTPN14_proteomics,,,,,,,0.4323073379454732,1.4027026942513913e-06,,,,,,,,
478,SLPI_proteomics,,,,,,,0.4312912917120652,1.49407186710231e-06,,,,,,,,
479,PKP1_proteomics,,,,,,,0.43110981495619816,1.5109744309510173e-06,,,,,,,,
480,TEAD3_proteomics,,,,,,,0.4309736463977749,1.5237759625744346e-06,,,,,,,,
481,COL4A2_proteomics,,,,,,,0.4309429919660778,1.5266720105518028e-06,,,,,,,,
482,GARS_proteomics,,,,,,,0.43036114307149387,1.5826415923586e-06,,,,,,,,
483,GARS_proteomics,,,,,,,0.43036114307149387,1.5826415923586e-06,,,,,,,,
484,GFOD1_proteomics,,,,,,,0.4298717946076587,1.6312143505716836e-06,,,,,,,,
485,PTP4A2_proteomics,,,,,,,-0.4298579408666471,1.6326098378670069e-06,,,,,,,,
486,SHTN1_proteomics,,,,,,,-0.4296782429410169,1.6508136920356555e-06,,,,,,,,
487,ABAT_proteomics,,,,,,,-0.42952544649283975,1.6664435979773559e-06,,,,,,,,
488,KLC2_proteomics,,,,,,,-0.42898458086161934,1.7229049669567013e-06,,,,,,,,
489,RBMS2_proteomics,,,,,,,0.4289769743541861,1.7237117999519816e-06,,,,,,,,
490,JUN_proteomics,,,,,,,0.4286790220446001,1.755599355952221e-06,,,,,,,,
491,A2ML1_proteomics,,,,,,,0.4285764773195807,1.766702703625924e-06,,,,,,,,
492,P3H1_proteomics,,,,,,,0.4284770440745405,1.7775326952684369e-06,,,,,,,,
493,GRAMD1C_proteomics,,,,,,,0.4409781888947981,1.7827444272000755e-06,,,,,,,,
494,EOGT_proteomics,,,,,,,0.4282313969624377,1.804558329062896e-06,,,,,,,,
495,STK39_proteomics,,,,,,,-0.4279611404587524,1.834741289790376e-06,,,,,,,,
496,P4HA2_proteomics,,,,,,,0.4278818970250496,1.8436817395968742e-06,,,0.44346054281274505,1.3695492295120328e-06,,,,
497,WWP1_proteomics,,,,,,,-0.42781903754807504,1.8508030637196567e-06,,,,,,,,
498,N6AMT1_proteomics,,,,,,,-0.4275446807008424,1.8821911981861683e-06,,,,,,,,
499,ALDH1A3_proteomics,,,,,,,0.4275160885776296,1.8854911903988013e-06,,,,,,,,
500,SNTB1_proteomics,,,,,,,0.4274512174961171,1.892998706909248e-06,,,,,,,,
501,DHX38_proteomics,,,,,,,0.4273350519196368,1.906513371092068e-06,,,,,,,,
502,SFPQ_proteomics,,,,,,,-0.4269762286947363,1.9488385943517947e-06,,,,,,,,
503,MKNK1_proteomics,,,,,,,0.42686407410511895,1.962249500450154e-06,,,,,,,,
504,MYH10_proteomics,,,,,,,-0.4772905896801752,1.97045143536216e-06,,,,,,,,
505,PADI2_proteomics,,,,,,,0.4263076824649111,2.030083380465448e-06,,,,,,,,
506,SYNRG_proteomics,,,,,,,-0.4255626574374925,2.1244005836362963e-06,,,,,,,,
507,PPP1R2_proteomics,,,,,,,-0.4253060101944937,2.157841715559943e-06,,,,,,,,
508,SMTN_proteomics,,,,,,,0.4251727581131459,2.175400553790713e-06,,,,,,,,
509,KDM3B_proteomics,,,,,,,-0.4246725975049002,2.24252265538489e-06,,,,,,,,
510,LUC7L_proteomics,,,,,,,-0.4246590584586724,2.2443666000439733e-06,,,,,,,,
511,BICD2_proteomics,,,,,,,0.4246500435014072,2.245595184811026e-06,,,,,,,,
512,IFT74_proteomics,,,,,,,-0.4243605393534553,2.2853901164639885e-06,,,,,,,,
513,NSDHL_proteomics,,,,,,,0.424296802754739,2.2942405573217015e-06,0.4665874173490521,2.780588862712466e-07,,,,,,
514,MCAM_proteomics,,,,,,,0.4242353701616388,2.3028017842214215e-06,,,,,,,,
515,ANKHD1-EIF4EBP3_proteomics,,,,,,,-0.4242287145590784,2.303731121615056e-06,,,,,,,,
516,TCEAL4_proteomics,,,,,,,-0.4241987601120253,2.307918130529129e-06,,,,,,,,
517,CPA4_proteomics,,,,,,,0.6223912939146112,2.3246429176071548e-06,,,,,,,,
518,DAPK3_proteomics,,,,,,,0.4240133914115208,2.3339895812435743e-06,,,,,,,,
519,ABCC1_proteomics,,,,,,,0.4239838051727092,2.338176508743891e-06,,,,,,,,
520,IGF2BP3_proteomics,,,,,,,0.4234206554678853,2.419240662255766e-06,,,,,,,,
521,MAP3K6_proteomics,,,,,,,0.4233171984971459,2.4344195625472654e-06,,,,,,,0.4514053730388348,7.439784507618377e-07
522,ESYT2_proteomics,,,,,,,0.423221503324998,2.448539935230891e-06,,,,,,,,
523,TCEB2_proteomics,,,,,,,-0.42301086191536935,2.4798950426825567e-06,,,,,,,,
524,LAMB1_proteomics,,,,,,,0.4229764014873427,2.4850607160493854e-06,,,,,,,,
525,FAM110B_proteomics,,,,,,,-0.4370449637802916,2.5180990253046916e-06,,,,,,,,
526,TRIM2_proteomics,,,,,,,0.4225715405882233,2.546518133824144e-06,,,,,,,,
527,UMAD1_proteomics,,,,,,,-0.4225245665262225,2.553741204212525e-06,,,,,,,,
528,BCAT2_proteomics,,,,,,,-0.4220226800051958,2.6321355951576957e-06,,,,,,,,
529,OXLD1_proteomics,,,,,,,-0.4220220973488675,2.6322279159248297e-06,,,,,,,,
530,CRTAP_proteomics,,,,,,,0.4219411154990824,2.6450892020262317e-06,,,,,,,,
531,MYH9_proteomics,,,,,,,0.4218273476657571,2.6632579967977044e-06,,,,,,,,
532,POLR3B_proteomics,,,,,,,-0.4216044712049859,2.6991945292208387e-06,,,,,,,,
533,GAMT_proteomics,,,,,,,-0.4214320724603158,2.727306437512274e-06,,,,,,,,
534,CALB2_proteomics,,,,,,,0.42139985112763145,2.732591204463407e-06,,,,,,,,
535,GLS_proteomics,,,,,,,0.4207042463979894,2.8490722255974474e-06,,,,,,,,
536,GLS_proteomics,,,,,,,0.4207042463979894,2.8490722255974474e-06,,,,,,,,
537,IKBIP_proteomics,,,,,,,0.4205450845555704,2.8763772711774982e-06,,,,,,,,
538,IKBIP_proteomics,,,,,,,0.4205450845555704,2.8763772711774982e-06,,,,,,,,
539,RRAS2_proteomics,,,,,,,0.42037245980071625,2.906271887903365e-06,,,,,,,,
540,ZADH2_proteomics,,,,,,,-0.4200851544904807,2.9566795270517507e-06,,,,,,,,
541,GRHL1_proteomics,,,,,,,0.41995224595358105,2.9802772085667637e-06,,,,,,,,
542,NECAP1_proteomics,,,,,,,-0.4198653547684452,2.9958008283084252e-06,,,,,,,,
543,ABCF2_proteomics,,,,,,,0.4197871492841025,3.0098381031635415e-06,,,,,,,,
544,PLD1_proteomics,,,,,,,0.4516772497543106,3.0372931888766363e-06,,,,,,,,
545,PALM2-AKAP2_proteomics,,,,,,,0.4195191195345652,3.058421089128553e-06,,,,,,,,
546,MPZL1_proteomics,,,,,,,0.4194653036938949,3.0682647773929953e-06,,,,,,,,
547,TXNDC12_proteomics,,,,,,,0.41929766769533217,3.099120319137225e-06,,,,,,,,
548,STEAP3_proteomics,,,,,,,0.4192198008853433,3.113552359715291e-06,,,,,,,,
549,PRR15_proteomics,,,,,,,-0.4191243298849992,3.131334004301057e-06,,,,,,,,
550,CCNT1_proteomics,,,,,,,-0.41893836237923493,3.166247045876666e-06,,,,,,,,
551,ARFGAP2_proteomics,,,,,,,-0.4189372102495005,3.166464487264053e-06,,,,,,,,
552,DNALI1_proteomics,,,,,,,-0.5565834893789887,3.1953576355998244e-06,,,,,,,,
553,IMPA2_proteomics,,,,,,,0.4186700155973851,3.217275543349814e-06,,,,,,,,
554,RCN3_proteomics,,,,,,,0.4184600343879148,3.2577469684098944e-06,,,,,,,,
555,TLN1_proteomics,,,,,,,0.4182093183580995,3.306700509625931e-06,,,,,,,,
556,LIMK2_proteomics,,,,,,,0.4178526526503793,3.3775418093087056e-06,,,,,,,,
557,SECISBP2_proteomics,,,,,,,-0.41704312085928574,3.5436962478018053e-06,,,,,,,,
558,LIMK1_proteomics,,,,,,,0.4164989788007905,3.6596933133922005e-06,,,,,,,,
559,ARHGAP35_proteomics,,,,,,,-0.4162489587124296,3.7141869102140716e-06,,,,,,,,
560,CAD_proteomics,,,,,,,0.4160867324902719,3.7499547698936018e-06,,,,,,,,
561,THSD4_proteomics,,,,,,,-0.4159830093194688,3.7729942515063035e-06,,,,,,,,
562,EML2_proteomics,,,,,,,-0.4154721034952217,3.88844601778985e-06,,,,,,,,
563,RFLNB_proteomics,,,,,,,0.4151645607631556,3.959545138389282e-06,,,,,,,,
564,PPDPF_proteomics,,,,,,,-0.4150106948511476,3.9955761944636186e-06,,,,,,,,
565,ACTB_proteomics,,,,,,,0.4149511205587343,4.009609886328735e-06,,,,,,,,
566,POU2F1_proteomics,,,,,,,-0.4144439671744974,4.130979593495349e-06,,,,,,,,
567,EHD1_proteomics,,,,,,,0.4144204906688824,4.13668115233795e-06,,,,,,,,
568,FAM102B_proteomics,,,,,,,-0.4140534794076819,4.226787324481709e-06,,,,,,,,
569,SLC2A3_proteomics,,,,,,,0.42395414512036855,4.353018091118918e-06,,,,,,,,
570,MYO9B_proteomics,,,,,,,0.4135217497186319,4.360630936784598e-06,,,,,,,,
571,NUBPL_proteomics,,,,,,,-0.41352117969173297,4.360776546452465e-06,,,,,,,,
572,VAV3_proteomics,,,,,,,-0.4132304868007112,4.435633942163146e-06,,,,,,,,
573,AADAT_proteomics,,,,,,,0.5536874373999103,4.457305557253966e-06,,,,,,,,
574,MAP7D3_proteomics,,,,,,,0.41310478270232254,4.4683791936590514e-06,,,,,,,,
575,RBMS1_proteomics,,,,,,,0.41296376521701617,4.505385378914159e-06,,,,,,,,
576,RBMS1_proteomics,,,,,,,0.41296376521701617,4.505385378914159e-06,,,,,,,,
577,GPX7_proteomics,,,,,,,0.4129610542721922,4.506099621914408e-06,,,,,,,,
578,SUGP2_proteomics,,,,,,,-0.4128721372680404,4.52958567403574e-06,,,,,,,,
579,TCF7L2_proteomics,,,,,,,0.4124837758631521,4.633528111901185e-06,,,,,,,,
580,UQCC1_proteomics,,,,,,,-0.41224130749513016,4.699561846038633e-06,,,,,,,,
581,CD2AP_proteomics,,,,,,,-0.4119476125022682,4.780737670498771e-06,,,,,,,,
582,FLNA_proteomics,,,,,,,0.4117632053565113,4.832382070969741e-06,,,,,,,,
583,RPS2_proteomics,,,,,,,0.4117437031955458,4.837874491750381e-06,,,,,,,,
584,FOXC1_proteomics,,,,,,,0.4371176576881566,4.8678524601721335e-06,,,,,,,,
585,DACH1_proteomics,,,,,,,-0.4115514792019535,4.8923273115226e-06,,,,,,,,
586,GGCT_proteomics,,,,,,,,,0.6090062021637369,1.6766012512088746e-12,,,,,,
587,TAX1BP1_proteomics,,,,,,,,,0.5615544926721305,1.7464981019631125e-10,,,,,,
588,ADGRF1_proteomics,,,,,,,,,0.6068124376801186,7.466411024205248e-10,,,,,,
589,GRAP_proteomics,,,,,,,,,-0.5441949411386242,8.008012729468599e-10,-0.4921052616130144,5.490943030761498e-08,,,,
590,CDK13_proteomics,,,,,,,,,0.541352988659871,1.0191533546377986e-09,,,,,,
591,GRAMD2B_proteomics,,,,,,,,,0.5621979613870919,1.7034482852997153e-09,,,,,,
592,MACC1_proteomics,,,,,,,,,0.5222575198923531,4.866321777162461e-09,,,,,,
593,URGCP_proteomics,,,,,,,,,0.5157807882035345,8.092810336318881e-09,,,,,,
594,PGRMC1_proteomics,,,,,,,,,0.5123219374034529,1.0572819635840932e-08,,,,,,
595,SNX13_proteomics,,,,,,,,,0.5095785343045973,1.3042294903275276e-08,,,,,,
596,BAG6_proteomics,,,,,,,,,0.5043013171808813,1.9429902349405218e-08,,,,,,
597,GPC4_proteomics,,,,,,,,,0.4995348745691762,2.76905167522136e-08,,,,,,
598,ELOB_proteomics,,,,,,,,,0.4991307487527018,2.852780992401816e-08,,,,,,
599,DPY19L1_proteomics,,,,,,,,,0.4957418062264653,3.6568156825541846e-08,,,,,,
600,CCDC47_proteomics,,,,,,,,,0.4955948228302136,3.6961841717297704e-08,,,,,,
601,UBL4A_proteomics,,,,,,,,,0.4947490300008071,3.930718134950409e-08,,,,,,
602,GET4_proteomics,,,,,,,,,0.4946142413076791,3.9693843774665117e-08,,,,,,
603,ESRP1_proteomics,,,,,,,,,0.4871642358418356,6.774416358101064e-08,,,,,,
604,MET_proteomics,,,,,,,,,0.4856915074389204,7.518188139392322e-08,,,,,,
605,RBP5_proteomics,,,,,,,,,-0.4853603088485604,7.69587768714323e-08,,,,,,
606,LAMP2_proteomics,,,,,,,,,0.4789656878449278,1.202392613747088e-07,0.4887170107488884,6.984136769989813e-08,,,,
607,CUTC_proteomics,,,,,,,,,-0.4785805025172935,1.234791553829497e-07,,,,,,
608,STARD5_proteomics,,,,,,,,,-0.4863166492180247,1.4442055518560535e-07,,,,,,
609,TMEM106B_proteomics,,,,,,,,,0.4760758333323769,1.466681254757362e-07,,,,,,
610,RASGRP2_proteomics,,,,,,,,,-0.4731973372682005,1.7844330199052092e-07,,,,,,
611,GPR89A_proteomics,,,,,,,,,0.4701602634479226,2.1903553412730871e-07,,,,,,
612,SLC34A2_proteomics,,,,,,,,,0.4677176121160758,2.579201843462575e-07,,,,,,
613,SLC34A2_proteomics,,,,,,,,,0.4677176121160758,2.579201843462575e-07,,,,,,
614,KRI1_proteomics,,,,,,,,,0.4660285270092378,2.885624796438137e-07,,,,,,
615,ZMIZ2_proteomics,,,,,,,,,0.4658341098280338,2.9230404028785746e-07,,,,,,
616,ETF1_proteomics,,,,,,,,,0.4651461644897561,3.059178534445133e-07,,,,,,
617,C6orf89_proteomics,,,,,,,,,0.4728742956891773,3.511439128192667e-07,,,,,,
618,EMD_proteomics,,,,,,,,,0.4618219843307426,3.8065125283484345e-07,,,,,,
619,ATE1_proteomics,,,,,,,,,-0.460793792905357,4.070847561060038e-07,,,,,,
620,ATE1_proteomics,,,,,,,,,-0.460793792905357,4.070847561060038e-07,,,,,,
621,TOR1AIP2_proteomics,,,,,,,,,0.4607349607504097,4.086488941346589e-07,,,,,,
622,SAMD12_proteomics,,,,,,,,,0.4600405041519496,4.275493774085646e-07,,,,,,
623,CNKSR1_proteomics,,,,,,,,,0.4587419709732064,4.65143056179097e-07,,,,,,
624,BLVRA_proteomics,,,,,,,,,0.4548141222367076,5.989368433553231e-07,,,,,,
625,STAT5B_proteomics,,,,,,,,,-0.4545850377152757,6.077743635785547e-07,,,,,,
626,PURB_proteomics,,,,,,,,,0.4540526646090707,6.287930499186844e-07,,,,,,
627,PLS3_proteomics,,,,,,,,,0.4526909438576488,6.85743210447602e-07,,,,,,
628,SPTLC2_proteomics,,,,,,,,,0.4508439366775842,7.708581329247545e-07,,,,,,
629,VSTM2L_proteomics,,,,,,,,,0.4564818237677586,8.741012068595357e-07,,,,,,
630,PPP3CB_proteomics,,,,,,,,,-0.4487285436308015,8.806545123386347e-07,,,,,,
631,MBOAT2_proteomics,,,,,,,,,0.4484072178619765,8.985785844879442e-07,,,,,,
632,FAF2_proteomics,,,,,,,,,0.44707511214636697,9.76646512904813e-07,,,,,,
633,PRKCB_proteomics,,,,,,,,,-0.4470013385024822,9.811529077839402e-07,-0.4542575089481806,6.996893309568912e-07,,,,
634,RAB38_proteomics,,,,,,,,,0.4466356662850438,1.003782497906137e-06,,,,,,
635,COTL1_proteomics,,,,,,,,,-0.4463412857867368,1.0223591755387494e-06,,,,,,
636,FBXL18_proteomics,,,,,,,,,0.4461440472373779,1.0349877917024818e-06,,,,,,
637,EVI5L_proteomics,,,,,,,,,0.44608087745007896,1.0390635686501015e-06,,,,,,
638,HMOX2_proteomics,,,,,,,,,0.4453657512368711,1.086279098931358e-06,,,,,,
639,STK17A_proteomics,,,,,,,,,0.4534041733620992,1.1910992346786624e-06,,,,,,
640,PAFAH1B1_proteomics,,,,,,,,,-0.4424657210286565,1.299442108443388e-06,,,,,,
641,TTYH3_proteomics,,,,,,,,,0.4402506487395471,1.4883720969683285e-06,,,,,0.4405505516333142,2.5621839336230485e-06
642,KIDINS220_proteomics,,,,,,,,,0.4389200379466213,1.614086228336321e-06,,,,,,
643,GALNT10_proteomics,,,,,,,,,0.4385655282913318,1.6492400002678317e-06,,,,,,
644,ATP9A_proteomics,,,,,,,,,0.4376796520101017,1.7402837875502322e-06,,,,,,
645,DDX41_proteomics,,,,,,,,,0.4366261247514048,1.8547573989338528e-06,,,,,,
646,TXNDC17_proteomics,,,,,,,,,0.4358109332325393,1.948191057825069e-06,,,,,,
647,PPP3CC_proteomics,,,,,,,,,-0.4322714867138228,2.4080538003972767e-06,,,,,,
648,DAAM1_proteomics,,,,,,,,,0.4321835177833664,2.4206968983433418e-06,,,,,,
649,RCC1_proteomics,,,,,,,,,0.4315642438461721,2.511494595006905e-06,,,,,,
650,SOD2_proteomics,,,,,,,,,-0.4312042116041133,2.5657542285713606e-06,,,,,,
651,SETD7_proteomics,,,,,,,,,0.4309722915415085,2.6012917993779702e-06,,,,,,
652,TRIP11_proteomics,,,,,,,,,0.43083888253124497,2.6219448272030905e-06,,,,,,
653,ANXA6_proteomics,,,,,,,,,-0.4305207150302893,2.671828329857301e-06,,,,,,
654,ANXA6_proteomics,,,,,,,,,-0.4305207150302893,2.671828329857301e-06,,,,,,
655,RSPRY1_proteomics,,,,,,,,,0.42940077574713,2.854654504925924e-06,,,,,,
656,PTK2_proteomics,,,,,,,,,0.42917422533124605,2.8930494601045988e-06,,,,,,
657,MAL2_proteomics,,,,,,,,,0.4383643543216296,2.9097313478415287e-06,,,,,,
658,FAM84B_proteomics,,,,,,,,,0.4290334239499909,2.9171575666029056e-06,,,,,,
659,DUSP6_proteomics,,,,,,,,,0.4352850223471825,3.1149654849704338e-06,,,,,,
660,TNFAIP8L3_proteomics,,,,,,,,,-0.4277237785237742,3.1506843219356787e-06,,,,,,
661,CRLF3_proteomics,,,,,,,,,-0.4261177334262897,3.4612181345345506e-06,,,,,,
662,ODR4_proteomics,,,,,,,,,0.4249355619572455,3.7080471493884393e-06,,,,,,
663,ACAP1_proteomics,,,,,,,,,-0.4240403377666107,3.905934985053848e-06,-0.4422000273812984,1.479045793238391e-06,,,,
664,GSPT1_proteomics,,,,,,,,,0.421196189805154,4.602934346361023e-06,,,,,,
665,FAM120C_proteomics,,,,,,,,,0.42109131666962585,4.630755452210763e-06,,,,,,
666,EMC3_proteomics,,,,,,,,,0.420932796483273,4.673109845884082e-06,,,,,,
667,PHLDA2_proteomics,,,,,,,,,,,0.6490337294497416,2.3021292769390686e-14,,,0.5454221437190859,6.74867579089618e-08
668,TPBG_proteomics,,,,,,,,,,,0.5508984611671387,5.408669990470611e-10,,,,
669,ASRGL1_proteomics,,,,,,,,,,,-0.5324208059790521,2.543320689758115e-09,,,,
670,JAG1_proteomics,,,,,,,,,,,0.5193675703808045,7.186589142408847e-09,,,,
671,IRF6_proteomics,,,,,,,,,,,0.5142276477593416,1.0690472073234034e-08,,,,
672,CD109_proteomics,,,,,,,,,,,0.5140019229435475,1.0876919641109324e-08,,,,
673,SUMF2_proteomics,,,,,,,,,,,0.513876120165785,1.0982179745924328e-08,,,,
674,PKN1_proteomics,,,,,,,,,,,-0.5084976649711582,1.6517096004527023e-08,,,,
675,MPP1_proteomics,,,,,,,,,,,-0.5084001720738488,1.6638659293731308e-08,,,,
676,ARRB1_proteomics,,,,,,,,,,,-0.4919111584556752,5.5675234874519467e-08,,,,
677,ATP2B4_proteomics,,,,,,,,,,,0.4805627820273137,1.2329367264723357e-07,,,,
678,IL16_proteomics,,,,,,,,,,,-0.478716342498081,1.3994173133838953e-07,,,,
679,RTN1_proteomics,,,,,,,,,,,-0.4786746506558022,1.4034131284948695e-07,,,,
680,CTSS_proteomics,,,,,,,,,,,-0.4785301637263124,1.4173453366482874e-07,,,,
681,PECAM1_proteomics,,,,,,,,,,,-0.4779330904632045,1.4763292328083745e-07,,,,
682,PPFIBP1_proteomics,,,,,,,,,,,0.4746276596659672,1.8475937928966017e-07,,,,
683,PIK3AP1_proteomics,,,,,,,,,,,-0.4734454453412432,2.0007951681674786e-07,,,,
684,TENM2_proteomics,,,,,,,,,,,0.4708342397356705,2.3831807174189572e-07,,,,
685,FAM107B_proteomics,,,,,,,,,,,-0.4707910089197826,2.3900619949958585e-07,,,,
686,IRF5_proteomics,,,,,,,,,,,-0.4699488782845669,2.5279434052051376e-07,,,,
687,ATP2A3_proteomics,,,,,,,,,,,-0.4682250161990962,2.834171672097094e-07,,,,
688,PIP4K2A_proteomics,,,,,,,,,,,-0.4680388787804625,2.869273155743637e-07,,,,
689,GIMAP8_proteomics,,,,,,,,,,,-0.4673424132737701,3.0043178359586074e-07,,,,
690,BIN2_proteomics,,,,,,,,,,,-0.46649426542556205,3.1769495051624714e-07,,,,
691,ARHGAP25_proteomics,,,,,,,,,,,-0.4661374699208939,3.252357252415027e-07,,,,
692,RCSD1_proteomics,,,,,,,,,,,-0.4658579068807712,3.312629088985993e-07,,,,
693,ADA2_proteomics,,,,,,,,,,,-0.4658355656026935,3.317491301860936e-07,,,,
694,FNBP1_proteomics,,,,,,,,,,,-0.4635221178342521,3.8594481170881317e-07,,,,
695,ITPR1_proteomics,,,,,,,,,,,-0.462336012377833,4.1689875267309797e-07,,,,
696,SEPT1_proteomics,,,,,,,,,,,-0.4621887773977032,4.2090193135193905e-07,,,,
697,AHNAK2_proteomics,,,,,,,,,,,0.460030656704128,4.839412242422305e-07,,,,
698,CELF2_proteomics,,,,,,,,,,,-0.45969704444905,4.944532235858475e-07,,,,
699,FHIT_proteomics,,,,,,,,,,,-0.4681310660984413,5.413160014255303e-07,,,,
700,ARL15_proteomics,,,,,,,,,,,0.4578530342823664,5.565858143334042e-07,,,,
701,NFATC2_proteomics,,,,,,,,,,,-0.4575363475179721,5.679765294142424e-07,,,,
702,TESC_proteomics,,,,,,,,,,,-0.4678048673652177,6.280915788738797e-07,,,,
703,BTK_proteomics,,,,,,,,,,,-0.4548727098159328,6.729499167298104e-07,,,,
704,PLAU_proteomics,,,,,,,,,,,0.4518651709840114,8.135765501967519e-07,,,,
705,FAT2_proteomics,,,,,,,,,,,0.4496946259901747,9.319454009524723e-07,,,0.5209714696535914,5.3880568333546105e-09
706,GIMAP1-GIMAP5_proteomics,,,,,,,,,,,-0.44968280724026793,9.326325572950512e-07,,,,
707,CYFIP2_proteomics,,,,,,,,,,,-0.4488312062809535,9.834311964439252e-07,,,,
708,ANKRD44_proteomics,,,,,,,,,,,-0.44847678974932303,1.005336833392235e-06,,,,
709,FERMT3_proteomics,,,,,,,,,,,-0.4481105808159223,1.0284572264125872e-06,,,,
710,GCC2_proteomics,,,,,,,,,,,-0.44785756009461336,1.04472527055565e-06,,,,
711,GIMAP7_proteomics,,,,,,,,,,,-0.44404945238790944,1.3210688551054316e-06,,,,
712,ITGAL_proteomics,,,,,,,,,,,-0.4438449068890873,1.3377200617406305e-06,,,,
713,ITGAV_proteomics,,,,,,,,,,,0.4428407536140119,1.4223908397161948e-06,,,,
714,ZBP1_proteomics,,,,,,,,,,,-0.442137854937479,1.4846556782984689e-06,,,,
715,CARD8_proteomics,,,,,,,,,,,-0.4420912074734858,1.4888779633536424e-06,,,,
716,KIF13B_proteomics,,,,,,,,,,,-0.4409492106991713,1.5958662416844169e-06,,,,
717,HCLS1_proteomics,,,,,,,,,,,-0.4407619945821126,1.6140861176106403e-06,,,,
718,TRIP6_proteomics,,,,,,,,,,,0.4404324988714384,1.6466323010085364e-06,,,,
719,ISG20_proteomics,,,,,,,,,,,-0.44029190301190735,1.6607081815251689e-06,,,,
720,DOCK2_proteomics,,,,,,,,,,,-0.4400847028736206,1.6816601687282445e-06,,,,
721,INPP5D_proteomics,,,,,,,,,,,-0.4400583857621493,1.684339197815952e-06,,,,
722,PPM1K_proteomics,,,,,,,,,,,-0.4388457323694496,1.812265281199678e-06,,,,
723,IL1RAP_proteomics,,,,,,,,,,,0.4387835907302015,1.8190625843955986e-06,,,0.5498912671308103,4.905373174313619e-10
724,NUB1_proteomics,,,,,,,,,,,-0.4337400677994331,2.4588950496279657e-06,,,,
725,FGL2_proteomics,,,,,,,,,,,-0.4335338962802843,2.489121527900838e-06,,,,
726,WIPF1_proteomics,,,,,,,,,,,-0.4332703408113532,2.5282731615041573e-06,,,,
727,TBC1D1_proteomics,,,,,,,,,,,-0.4332015916390696,2.5385813883099386e-06,,,,
728,F11R_proteomics,,,,,,,,,,,0.43231466183825773,2.6751841176440183e-06,,,,
729,CHCHD2_proteomics,,,,,,,,,,,0.4319130863266423,2.739294825461744e-06,,,0.5295961026925241,2.6992718060017062e-09
730,EFNA1_proteomics,,,,,,,,,,,0.4304135149258218,2.9917792158711386e-06,,,,
731,RASIP1_proteomics,,,,,,,,,,,-0.4303666495631692,3.000013978198652e-06,,,,
732,MSRA_proteomics,,,,,,,,,,,-0.4302357864495482,3.023121712840938e-06,,,,
733,BLOC1S5_proteomics,,,,,,,,,,,-0.4299276903252824,3.0781915420033738e-06,,,,
734,DOK2_proteomics,,,,,,,,,,,-0.4292908889983384,3.195035720969672e-06,,,,
735,SMAP2_proteomics,,,,,,,,,,,-0.42839089201604813,3.3673421766220983e-06,,,,
736,GRAP2_proteomics,,,,,,,,,,,-0.4280928767245835,3.4263080552610333e-06,,,,
737,EXT1_proteomics,,,,,,,,,,,0.4372183642149689,3.472900911165872e-06,,,,
738,CADPS2_proteomics,,,,,,,,,,,-0.44898414873437575,3.5341880697741036e-06,,,,
739,PTPN18_proteomics,,,,,,,,,,,-0.4258698642603373,3.8979703981976824e-06,,,,
740,FADD_proteomics,,,,,,,,,,,0.4253626536384056,4.01386666144582e-06,,,,
741,MAP4K1_proteomics,,,,,,,,,,,-0.4232537960756701,4.531560021463983e-06,,,,
742,ADPRH_proteomics,,,,,,,,,,,-0.42319209437660177,4.547616948889223e-06,,,,
743,UTP6_proteomics,,,,,,,,,,,,,-0.5103433457160391,1.7337483463979954e-07,,
744,RAE1_proteomics,,,,,,,,,,,,,-0.4988020069726074,1.9938182301878078e-07,,
745,GAR1_proteomics,,,,,,,,,,,,,-0.4897880299878189,3.550549866634735e-07,,
746,RALYL_proteomics,,,,,,,,,,,,,-0.4857626684793752,4.5699469470248386e-07,,
747,TFAM_proteomics,,,,,,,,,,,,,-0.4701848359572494,1.1780680845050665e-06,,
748,NUP153_proteomics,,,,,,,,,,,,,-0.4701548686954546,1.1801634049031423e-06,,
749,SCG2_proteomics,,,,,,,,,,,,,0.4559014293055776,2.6967919383907684e-06,,
750,PPP2R5D_proteomics,,,,,,,,,,,,,-0.4551105041014165,2.8202887066390824e-06,,
751,SBF1_proteomics,,,,,,,,,,,,,0.4520408152746056,3.3520306508413378e-06,,
752,MAMDC2_proteomics,,,,,,,,,,,,,0.5306268204330321,3.858198210856544e-06,,
753,SNU13_proteomics,,,,,,,,,,,,,-0.4483738093051055,4.111218748455223e-06,,
754,RALY_proteomics,,,,,,,,,,,,,-0.44476400709496505,5.01478574122327e-06,,
755,DDX27_proteomics,,,,,,,,,,,,,-0.4431709719793594,5.4703779325381964e-06,,
756,NDUFAB1_proteomics,,,,,,,,,,,,,-0.4422006005880045,5.7667114665474764e-06,,
757,POFUT1_proteomics,,,,,,,,,,,,,-0.4413811331140185,6.0286705625628425e-06,,
758,CSNK1A1_proteomics,,,,,,,,,,,,,,,0.5315294648782994,2.3056531521932346e-09
759,ITGA2_proteomics,,,,,,,,,,,,,,,0.5305344871888873,2.500782453320639e-09
760,SESN3_proteomics,,,,,,,,,,,,,,,0.5153243266065364,8.384826783086128e-09
761,RIN1_proteomics,,,,,,,,,,,,,,,0.5085529450060499,1.4100295660007858e-08
762,LAD1_proteomics,,,,,,,,,,,,,,,0.5032228908135311,2.1061451673743973e-08
763,FZD6_proteomics,,,,,,,,,,,,,,,0.5004563630880492,2.586833750324522e-08
764,CDCP1_proteomics,,,,,,,,,,,,,,,0.4955338518235069,3.7126334610075307e-08
765,SFN_proteomics,,,,,,,,,,,,,,,0.4949873896086441,3.863220705535862e-08
766,BAG3_proteomics,,,,,,,,,,,,,,,0.4928088162469358,4.5236625789271275e-08
767,ENDOD1_proteomics,,,,,,,,,,,,,,,0.4927320429838205,4.548800494652808e-08
768,LAMB3_proteomics,,,,,,,,,,,,,,,0.49228604183935204,4.697496293825685e-08
769,MPZL2_proteomics,,,,,,,,,,,,,,,0.4898771731133481,5.5843590879905544e-08
770,PPP4R1_proteomics,,,,,,,,,,,,,,,0.4775550150203627,1.325157295496118e-07
771,LAMC2_proteomics,,,,,,,,,,,,,,,0.4764105493082775,1.433447950959028e-07
772,ANXA8_proteomics,,,,,,,,,,,,,,,0.4737156877077351,1.7227475997771507e-07
773,SRC_proteomics,,,,,,,,,,,,,,,0.4661581046507896,2.8609412612063827e-07
774,GNA15_proteomics,,,,,,,,,,,,,,,0.4719096374583623,3.73719937963796e-07
775,ANKRD50_proteomics,,,,,,,,,,,,,,,0.4600127760496875,4.2832103012533424e-07
776,HSPB1_proteomics,,,,,,,,,,,,,,,0.4598637684574298,4.324905393459446e-07
777,ITGB8_proteomics,,,,,,,,,,,,,,,0.4586921444006671,4.6664642022011797e-07
778,TMEM134_proteomics,,,,,,,,,,,,,,,0.455847944892325,5.60551556274342e-07
779,FAM83H_proteomics,,,,,,,,,,,,,,,0.4557659485272235,5.635085545060093e-07
780,KRT19_proteomics,,,,,,,,,,,,,,,0.4547093715715852,6.029626064625929e-07
781,PKP3_proteomics,,,,,,,,,,,,,,,0.453690739789104,6.434746609923036e-07
782,PROM2_proteomics,,,,,,,,,,,,,,,0.5084142082234286,6.780181365196676e-07
783,PSIP1_proteomics,,,,,,,,,,,,,,,-0.45087815943389403,7.691936110867951e-07
784,COL7A1_proteomics,,,,,,,,,,,,,,,0.4494161585961959,8.434319291528913e-07
785,TNKS1BP1_proteomics,,,,,,,,,,,,,,,0.4477544135509863,9.360650702285614e-07
786,TMPRSS4_proteomics,,,,,,,,,,,,,,,0.446160765589726,1.0339116485922e-06
787,EPHA2_proteomics,,,,,,,,,,,,,,,0.4450282177569803,1.1092649608561204e-06
788,RAB10_proteomics,,,,,,,,,,,,,,,0.4424926453190173,1.297292125627155e-06
789,PANX1_proteomics,,,,,,,,,,,,,,,0.4419226462453669,1.3435364229300885e-06
790,AGAP3_proteomics,,,,,,,,,,,,,,,0.4502051160920753,1.44548807033076e-06
791,AGAP3_proteomics,,,,,,,,,,,,,,,0.4502051160920753,1.44548807033076e-06
792,CRYBG2_proteomics,,,,,,,,,,,,,,,0.453241693231285,2.187628823121987e-06
793,CLCA2_proteomics,,,,,,,,,,,,,,,0.4337020445892135,2.2110212180124927e-06
794,FAM83B_proteomics,,,,,,,,,,,,,,,0.4323012200111496,2.403794613249444e-06
795,NCKAP1_proteomics,,,,,,,,,,,,,,,0.4318550268142002,2.4684659273320046e-06
796,KLC3_proteomics,,,,,,,,,,,,,,,0.4317545053347317,2.483261089858204e-06
797,WLS_proteomics,,,,,,,,,,,,,,,0.4316635129276851,2.496726056420437e-06
798,NPTN_proteomics,,,,,,,,,,,,,,,0.4278186043848085,3.1331989221879533e-06
799,PLEKHA1_proteomics,,,,,,,,,,,,,,,0.426353879516732,3.4138110226194845e-06
800,FAM160A1_proteomics,,,,,,,,,,,,,,,0.42314752710930653,4.1131991107921895e-06
801,JADE3_proteomics,,,,,,,,,,,,,,,-0.42213152980214863,4.361691440638555e-06
