,Comparison,Correlation,P_value
697,EGFR_proteomics,1.0,0.0
720,PPP2R5D_proteomics,-0.4551105041014165,2.8202887066390828e-06
737,TBC1D1_proteomics,0.429878746294538,1.7055900385620745e-05
404,PLD1_proteomics,0.4192192351125398,2.883349291722488e-05
240,PPP1CC_proteomics,0.400391406633117,4.831388062797403e-05
375,PRKCB_proteomics,0.395927398323319,5.9645759201242355e-05
98,RASGRP2_proteomics,0.734812400785978,6.516777311489552e-05
721,SLC5A6_proteomics,-0.40787080925463376,9.697838418485768e-05
79,BCL2L1_proteomics,-0.3883190619933488,0.00015559283174849676
445,TRAF6_proteomics,0.38815349076555755,0.00015669173360979334
148,CXCL8_proteomics,0.6096561897498045,0.00016573634835624656
314,RAD50_proteomics,-0.3729397864810128,0.00016850086543080095
254,MAPK13_proteomics,-0.37216992395217,0.0001742353254502877
748,EML4_proteomics,-0.36728261512041815,0.0002150608675986411
62,CRABP1_proteomics,0.43845722311747126,0.00023114031171758364
41,MAPT_proteomics,0.3750070226362865,0.0002707935054638122
615,SELENOP_proteomics,0.3774614866514004,0.0002885648493964605
735,NRAS_proteomics,-0.43919056685832064,0.0003170130557893987
93,NFKB2_proteomics,0.35736540032853825,0.000326340598822164
741,LAMC2_proteomics,0.35378319421947074,0.00037814691593486934
11,GPX2_proteomics,-0.3524510317911441,0.00039926943816323546
110,AKT1S1_proteomics,-0.3643944080104418,0.0004825472705216147
704,MMP1_proteomics,0.3822398256339552,0.0005084408069448612
548,CBR3_proteomics,0.3463258902667714,0.0005110701829809649
283,STOM_proteomics,0.34573521785087435,0.0005232457385113997
302,PPP3R1_proteomics,0.3508012683283156,0.0006071578991765937
303,VWF_proteomics,0.3413618387955595,0.0006220071240001624
52,TOP1_proteomics,-0.3389461273752254,0.0006836098127917807
12,CSPG4_proteomics,0.3376749093488488,0.0007182220191689306
550,CDC42_proteomics,0.3371256575778332,0.0007336665645944159
506,PLA2G2A_proteomics,0.336267459456941,0.0007584070191711584
613,ICAM3_proteomics,0.33505647251018855,0.0007946156219463825
455,PGM1_proteomics,0.33448645998297055,0.0008121995858851912
248,PFN1_proteomics,0.3321150231184814,0.0008892335608987123
262,ABL1_proteomics,0.36194670683647223,0.0009702614499810492
663,VIL1_proteomics,-0.32776018624879266,0.0010482733843117718
617,ANXA1_proteomics,0.32173876313909444,0.0013109130506193743
600,GNB2_proteomics,0.3217290273474551,0.0013113822234712964
442,ARHGEF1_proteomics,0.3191745402517102,0.0014398869953016408
173,ITGA3_proteomics,0.31757004256732335,0.0015263358734776903
749,LAMA3_proteomics,0.31572741452434716,0.0016313995313163238
659,TNC_proteomics,0.313543330509011,0.0017643880049336466
723,UBE2C_proteomics,-0.32723766748448335,0.0018580734678887707
501,RASAL3_proteomics,0.32643367729703243,0.002030535035711555
620,TRIM28_proteomics,-0.30688016886622144,0.002232900219324323
151,GNG7_proteomics,0.3541520191133857,0.002272755617146738
177,FAS_proteomics,0.30529789749654246,0.0023594722925684764
131,GNG2_proteomics,0.30375480434990676,0.0024890998154633226
480,COL6A2_proteomics,0.303509392181434,0.0025102964662212313
706,PPP3CA_proteomics,0.30017279984921524,0.0028150505657541488
21,PPP1R12C_proteomics,0.2983234800887129,0.002997920433029946
651,CD47_proteomics,0.2980519319381726,0.0030256520689111626
230,COL6A1_proteomics,0.2979537686527529,0.00303573343751521
35,MYL7_proteomics,0.5896498646590438,0.0030649285064429824
515,FGR_proteomics,0.3302773364711851,0.0031451201558103784
296,LAMA2_proteomics,0.2953720919240276,0.003311930844994013
282,FKBP1A_proteomics,0.2943225490989413,0.0034305090428417635
238,SRC_proteomics,-0.29412534600366846,0.0034532089219466897
579,NCK1_proteomics,0.2937182945713291,0.00350049018600266
432,PXN_proteomics,0.29216081416247763,0.003686798323145644
347,SETD7_proteomics,0.29197674736278123,0.003709392752947613
670,ARG1_proteomics,0.28868395794636414,0.004135066763864858
146,GSN_proteomics,0.28797762967112805,0.004231867991037402
323,LAMA5_proteomics,0.28773368278328804,0.004265767449243744
259,MAP3K11_proteomics,0.4987608564040287,0.0042904607451741865
236,PLCB1_proteomics,0.2964171315049215,0.004556801675948103
120,WAS_proteomics,0.2824011479649168,0.0050699254527539215
553,KLF4_proteomics,0.5412504416019295,0.005205302715493421
621,CHGA_proteomics,0.2812864073312725,0.005254155588237634
544,DAXX_proteomics,-0.3111348411530666,0.005254857912938205
695,ROCK1_proteomics,0.28112438409993656,0.005281422283459488
6,COL6A3_proteomics,0.2806510056616268,0.005361808528176572
279,AKT1_proteomics,0.2801879438370908,0.005441492942502861
156,PRKAR2A_proteomics,-0.2801865865057645,0.005441728052288085
33,ITGA5_proteomics,0.2799927242981516,0.005475400673109096
725,PFKP_proteomics,0.2797730829638274,0.005513774480535184
298,ARHGEF6_proteomics,0.27927766143574295,0.005601208406921185
539,PPP2R5A_proteomics,0.27902910750125376,0.0056455361472248985
117,RFC4_proteomics,0.275516392397951,0.006306154242103053
556,BLVRB_proteomics,0.2746966265176836,0.006469842509536705
68,SMAD2_proteomics,0.2912911177760764,0.0065070826694116225
362,BID_proteomics,0.2738246591851144,0.006648071781212995
349,AKAP13_proteomics,0.27352003596302116,0.00671135258410422
584,GAP43_proteomics,0.27255197912803675,0.006916002931935992
547,FTH1_proteomics,0.2723263151207521,0.006964494579379667
44,PLA2G4A_proteomics,0.28175294798428446,0.00713845792719875
198,F2_proteomics,0.269550184938901,0.007586097817918634
162,S100A6_proteomics,0.269406691760985,0.007619517675080229
119,SOS1_proteomics,0.27916934074771,0.007707745738635991
423,MAPKAPK5_proteomics,-0.3585314656748128,0.008384425406794247
596,UBE2T_proteomics,0.5449724477759281,0.00872122914161276
458,HCK_proteomics,0.26483053404749346,0.008755723691626274
761,EIF4E2_proteomics,-0.26311208897118965,0.00921939671523745
376,ATM_proteomics,0.2629959640323989,0.009251493536247227
274,ELAVL1_proteomics,-0.26293546806775536,0.009268253406264672
498,AHR_proteomics,0.2869910828003065,0.009386012826444837
660,RELA_proteomics,0.26237034795324354,0.009426107190169303
678,C5_proteomics,0.2620916320821563,0.009504825636035363
290,ITGAM_proteomics,0.26208576136143846,0.00950648990414193
115,IKBKG_proteomics,0.2603658564708492,0.010005208935152811
332,PDPK1_proteomics,-0.2587385990061858,0.010498025533845514
727,SLC2A4_proteomics,0.2996912213383862,0.010541669457976249
573,RRAS2_proteomics,0.2582143641752586,0.010661253352562213
99,TNXB_proteomics,0.25711370029459657,0.011011202450568735
228,CTSL_proteomics,0.25386219405855137,0.01210431419830804
237,TAB1_proteomics,0.25319893584162145,0.012338564052821998
217,RAB9A_proteomics,-0.2527206444702602,0.0125099303561189
270,DNAJC15_proteomics,-0.3512944565826708,0.013322684632224486
708,DDX58_proteomics,0.25030093217331423,0.013409041727889365
453,NQO1_proteomics,-0.2500679079966277,0.013498524145075992
165,PLCG1_proteomics,-0.24993549664911943,0.013549601733862486
527,EP300_proteomics,-0.2802539210161383,0.01356114249553976
728,CTNNB1_proteomics,-0.24964386825039792,0.013662690141427423
635,TXNRD1_proteomics,0.24958043642321914,0.013687396245043285
517,ITGB2_proteomics,0.24773281389384688,0.014424268158243929
738,MAP2K1_proteomics,0.246948150774022,0.014747477527798054
618,PRKAR1A_proteomics,0.24607289360036738,0.015115396717878473
580,CASP7_proteomics,0.24585999007725806,0.015206085522118204
27,GNAI2_proteomics,0.2451247229390722,0.01552291667345845
3,RAPGEF1_proteomics,0.2587151871271478,0.015538456157115842
327,RASAL1_proteomics,0.29446430513256716,0.015570583013979946
759,CES3_proteomics,0.24415462535420993,0.01594967372731372
142,HLA-DRB1_proteomics,0.2436726728438655,0.016165438771404007
377,PFKM_proteomics,0.24293493375733458,0.01650060574489689
661,CAPN2_proteomics,0.242783947926408,0.01656993665458097
399,ITGB4_proteomics,0.24215549831403008,0.01686122488307701
588,PRKAB1_proteomics,-0.24053870988811796,0.017631018561475465
190,BRIX1_proteomics,-0.24027336512726408,0.017760208908163766
164,SMC1A_proteomics,-0.24023747207727797,0.017777746945710396
559,CDKN1B_proteomics,0.2463802114699213,0.01790848783608234
610,ICAM1_proteomics,0.23901835390007983,0.01838236512160437
760,MYOF_proteomics,0.2388282922368063,0.018478203834850576
531,MYL12A_proteomics,0.27552876277296456,0.019151880070271382
340,BST2_proteomics,0.23733011985318506,0.01924883679197974
204,PGD_proteomics,0.23727641078791295,0.01927696944995252
410,GNAI3_proteomics,0.2362603749604258,0.019815866547052616
189,CYCS_proteomics,-0.23512722132889083,0.020432101619040192
123,AQP1_proteomics,0.23705520731535878,0.020721834149415697
277,TNS4_proteomics,0.45064703021964503,0.020865954016675282
433,PCK2_proteomics,-0.23401363440829215,0.02105364879012826
38,CES2_proteomics,-0.23286757866779736,0.021710176523408887
315,MYL12B_proteomics,0.23146674411038176,0.02253640275042233
524,PPP1CA_proteomics,0.23129780134765135,0.022637841052391083
736,ARF6_proteomics,0.23117883106802767,0.022709508459527936
499,RRAS_proteomics,0.23066508941759342,0.023021217202963518
456,LDHD_proteomics,0.23063972364311122,0.02303670195896019
227,RXRA_proteomics,0.42052275257085125,0.02311958662279928
503,APOA1_proteomics,0.2303271277592368,0.023228260795217365
452,SDPR_proteomics,0.22980019111778502,0.02355424858056369
157,CTNNA1_proteomics,-0.2294636254586781,0.02376450207166259
51,APOA2_proteomics,0.228465649248353,0.024397383877419177
381,RPS6_proteomics,-0.22826916066419892,0.02452366925226284
634,RPS6KB1_proteomics,0.4156397875388371,0.024936687529960058
594,PRKRA_proteomics,-0.2273542417903846,0.02511906300891944
625,COL5A3_proteomics,0.22721801449619874,0.02520875922258313
23,VTN_proteomics,0.2271333308743034,0.02526465490283856
306,MST1_proteomics,0.27693845981928394,0.026734833833669126
671,PPP1R12A_proteomics,0.22427678441690424,0.027212942784849363
101,HLA-A_proteomics,-0.2239327476506583,0.027455979819182724
280,PIK3AP1_proteomics,0.2634444732846819,0.027557277699275188
371,RPS6KA3_proteomics,-0.22328356075202777,0.027919604269443135
397,STAT3_proteomics,0.22205839870617777,0.02881267549304406
305,TP53_proteomics,-0.30325442750736065,0.028860468251126186
592,CAP2_proteomics,0.22174831254922683,0.02904251019869008
629,ACTN1_proteomics,0.2217460190266521,0.029044215917364013
492,ENO2_proteomics,0.22160994692772934,0.029145566240690944
22,VCL_proteomics,0.22125472411345679,0.02941155865407216
525,PIK3CD_proteomics,0.475177345662165,0.029487812297927653
619,DCAF1_proteomics,-0.22446585293157356,0.029630552002148272
311,CSNK2A2_proteomics,-0.21997030384371577,0.0303905521066896
17,GSK3B_proteomics,0.2191762975247754,0.031009420399291696
513,SERPINE1_proteomics,0.25711257683363387,0.03165900091015911
699,ARHGAP5_proteomics,0.21822937445892776,0.03176136111066141
124,CASP8_proteomics,-0.22338894861918568,0.03231406521488808
755,ABCC3_proteomics,0.21685111997643114,0.032883271777178334
441,GNAQ_proteomics,0.21671079751177835,0.03299934544048908
95,CDH17_proteomics,-0.2141337680720544,0.035193189120836674
672,PIP5K1C_proteomics,0.21985380261165974,0.03522441656639558
353,CDH1_proteomics,-0.2137325987015616,0.035545487125091375
508,VAV1_proteomics,0.2175585999846512,0.036184723779152064
65,ARRB2_proteomics,0.21275397326739776,0.03641733279573629
137,PRKAR2B_proteomics,0.212552192546424,0.03659930906842117
301,PIK3C2B_proteomics,0.31243027323076755,0.036663436881796796
444,COL1A1_proteomics,0.21245980269948422,0.036682885109233
614,MAP3K7_proteomics,0.2134176554752592,0.036817361502156705
201,MSN_proteomics,0.21210299098343743,0.037007161321435555
384,SERPINA1_proteomics,0.21119461608225532,0.037843564382729324
264,RHOC_proteomics,0.2102241285056261,0.03875458430862061
300,HSPA2_proteomics,0.20895695607009918,0.03997164562406639
192,PPP2CA_proteomics,0.2085077079574081,0.040410718791558074
726,MMP9_proteomics,0.20835253738890513,0.04056330692439534
485,PLCG2_proteomics,0.20798240431824433,0.04092922161625956
256,CHUK_proteomics,0.20746179060809722,0.04144855701693414
649,PDGFRA_proteomics,0.3085489896179875,0.04157192348792427
374,FGD4_proteomics,0.20701287535169288,0.041900768266136514
643,DAPK2_proteomics,-0.2066523607042359,0.042266898259923184
266,YES1_proteomics,0.2057769181052299,0.043167075249572015
650,INSR_proteomics,0.20493693261869023,0.044045725088075666
657,PBRM1_proteomics,-0.20326204562397604,0.045842082746152125
747,SHC1_proteomics,0.20325016666190654,0.04585503691460885
170,SLC9A1_proteomics,0.26054909644739294,0.046254280903570026
100,LAMB2_proteomics,0.20283560632907383,0.046309025005827786
542,LPAR1_proteomics,0.2024863105669154,0.04669442634863924
275,MAPK8_proteomics,0.2476267855267847,0.04672485520759773
428,RDX_proteomics,0.20157419833313484,0.04771336096258609
263,NTN1_proteomics,0.3471220516006359,0.04779309426476219
94,CFL2_proteomics,0.1997411520713277,0.04981673994213905
504,ACACA_proteomics,-0.19946242702797673,0.050143173517694484
26,SFRP1_proteomics,0.20966785419775474,0.051284841989670586
140,GYS1_proteomics,0.19599348923873106,0.05435553143199404
49,LAMB3_proteomics,0.19578496937268852,0.05461772643696299
213,ECSIT_proteomics,-0.19480786018479454,0.05586021866102091
612,PKM_proteomics,0.1942976917824144,0.05651809879818156
313,RBX1_proteomics,0.19379723594863363,0.05716960720199893
125,ACOX1_proteomics,-0.19336734728685975,0.05773414559193675
118,PPP2R5E_proteomics,0.19311843363650139,0.05806310327342473
538,SERPINB9_proteomics,0.19295283853140444,0.05828279720008709
557,SCIN_proteomics,0.19266579673265102,0.05866522335812792
8,PRKCD_proteomics,0.19156379912051846,0.060152509349181635
88,COL1A2_proteomics,0.19140174767597362,0.06037379060558299
686,GNB4_proteomics,0.19139542409455781,0.0603824388994918
408,PTPRC_proteomics,0.19123172442034403,0.060606670730473954
709,GNG12_proteomics,0.19113761557462766,0.06073588584959364
103,LAMC1_proteomics,0.1909803358055798,0.060952338482425435
474,MYL3_proteomics,0.19097842903523152,0.06095496648401039
319,COL3A1_proteomics,0.190774241980947,0.06123692182133558
411,SLC2A3_proteomics,0.19033300576989046,0.061849841465293855
222,PPP1R12B_proteomics,0.19023349748433474,0.06198875625621476
365,ZYX_proteomics,0.1901756582894578,0.062069617175389245
106,ITGAL_proteomics,0.19403571847560977,0.06236956544137907
104,COL5A2_proteomics,0.18992284876947357,0.062424061151203636
624,RHOB_proteomics,0.192874364820357,0.0625333703464426
69,CBR1_proteomics,0.1891818001648788,0.06347252794576942
701,CACYBP_proteomics,0.18861496486297125,0.06428413795182579
348,PRDX6_proteomics,0.1882396188519898,0.06482619343755348
438,PTK2_proteomics,-0.1880252554555324,0.06513742727699312
519,ITGA7_proteomics,0.18702554371340957,0.06660496205384607
284,FASN_proteomics,0.18694955029286076,0.06671760429497335
554,MLST8_proteomics,0.19385773252984534,0.06713076924542839
207,PPP5C_proteomics,0.18630095855516132,0.06768528189636054
431,CRTC2_proteomics,0.3636928081296047,0.06779102260049798
536,ACAA1_proteomics,-0.18610316685632222,0.06798263110911745
520,PRKCA_proteomics,0.18605458561293023,0.06805582697986343
66,RAC2_proteomics,0.18603803164575222,0.06808078289832006
734,HK3_proteomics,0.18568877909224868,0.06860902675358482
407,CCL20_proteomics,0.32482864581432475,0.06968578695034362
638,CREB1_proteomics,0.18489357054821562,0.0698241488963124
53,THBS3_proteomics,0.18967488222136586,0.0701563846806633
440,PGM2_proteomics,0.184136843800342,0.07099655450532644
112,ADAM17_proteomics,0.18501629666725192,0.07112947523689386
81,ACTG1_proteomics,0.1831670548125916,0.07252222547377518
145,CBL_proteomics,0.18302878950594975,0.07274187966357462
154,FN1_proteomics,0.18254490123098083,0.07351482768128262
575,TRAF2_proteomics,-0.18247373871322203,0.07362905595449076
184,CUL4A_proteomics,-0.18229115931575623,0.07392278119511855
329,SHMT2_proteomics,-0.18167064821421963,0.07492808293547061
209,PRDX1_proteomics,-0.18128421421018248,0.0755596842221149
518,FLNC_proteomics,0.18100325531520553,0.07602157248655253
576,KIT_proteomics,0.35051554156612674,0.07916186025766965
590,RFC3_proteomics,0.17911200681448028,0.07919000702156932
386,GCC1_proteomics,0.1880556443436027,0.07933028520481736
552,MYLK_proteomics,0.17837706580867135,0.08044942160829609
102,CPT2_proteomics,-0.17799554817618604,0.08110948496856205
530,GAPDH_proteomics,0.17775259994259185,0.08153205925417248
299,CLTB_proteomics,0.17718870502612985,0.08251965163496773
511,ITGAX_proteomics,0.1757798818299093,0.08502876380928323
457,STMN1_proteomics,0.17499710974692945,0.08644889906337319
403,ALOX5AP_proteomics,0.17785436344413474,0.08808351742104975
585,MBP_proteomics,0.17394204524338996,0.08839279192436657
639,HLA-E_proteomics,0.19376169824461154,0.08917266536669607
447,CALM2_proteomics,0.1733802846448525,0.089441858483779
451,TYMP_proteomics,0.17291533716561805,0.09031757226382119
109,JAK1_proteomics,0.17236991588104209,0.09135349434066442
514,CSNK2A1_proteomics,-0.1719834778800753,0.092093130741813
694,SLC5A1_proteomics,-0.21558605413947912,0.09240758906966536
743,ALDOA_proteomics,0.17178411233952146,0.09247656014187844
267,GRB7_proteomics,-0.1744131077466659,0.0945099099428634
339,EIF2S1_proteomics,0.17014728596760287,0.09567247354344183
195,MAPK14_proteomics,0.17013696200960315,0.09569290379732039
343,VPS18_proteomics,-0.17003385743990643,0.09589712779073764
297,HK2_proteomics,0.1700268539233783,0.09591101242289556
437,PEBP1_proteomics,-0.1692188552915837,0.09752354650012669
105,CSF1R_proteomics,0.2364681579308364,0.09826338670292141
681,FLNA_proteomics,0.16882429457385234,0.09831868735923621
505,STK3_proteomics,0.17091429234367223,0.09954836795212534
155,NOS1_proteomics,0.274726373734832,0.09985117339547926
578,YY1_proteomics,-0.16796025046316512,0.10007775078429361
370,CD44_proteomics,0.16756918058497747,0.10088198458218291
491,TEAD3_proteomics,-0.31067126873892087,0.1009422298779565
216,DDB1_proteomics,-0.16602228941490893,0.10411292660690159
328,GNB1_proteomics,0.16574583956841826,0.10469876597521247
355,CPT1A_proteomics,-0.16514119212316192,0.10598908208694999
679,GNG5_proteomics,0.16435472145319405,0.10768593858972368
288,VPS39_proteomics,0.1675849905403175,0.10835063536606708
685,PRKACA_proteomics,0.16333300214017854,0.10992188355062994
523,SRXN1_proteomics,0.1732067025932389,0.11075069764986083
421,ROCK2_proteomics,-0.16255413660572168,0.11165048613054096
113,GCLC_proteomics,-0.16148158417018915,0.11406534764216077
39,SKP1_proteomics,0.16101015985939177,0.11513948106160433
641,CYFIP2_proteomics,0.16447987124349434,0.11514470683754299
59,PSAT1_proteomics,0.16096761636188675,0.11523679964388354
46,CDK6_proteomics,0.16497048448572937,0.1160678276970651
583,RASA4_proteomics,0.2179505101528831,0.11693213233425348
336,LAMB1_proteomics,0.16015778122230903,0.11710146861900761
107,HNF1A_proteomics,-0.17327594460757095,0.11721909009029059
197,MMP2_proteomics,0.1590681274522856,0.11964711051936788
214,ITGB1_proteomics,0.1586882419338529,0.1205445556632494
406,ILK_proteomics,0.15846420338787734,0.12107625188908838
246,G6PD_proteomics,0.15816417238642047,0.12179112198492165
654,PIK3CB_proteomics,0.24242992192242865,0.12189001115909776
446,MDH1_proteomics,0.1579081894280597,0.12240360443145727
415,GSTM2_proteomics,0.15742634535976285,0.12356291985072483
276,SOD3_proteomics,0.1571110973921774,0.12432595809115188
398,STAT1_proteomics,0.15643340918342752,0.12597850163323424
249,TSPAN8_proteomics,-0.15603482957551817,0.12695827216206362
512,MAP3K2_proteomics,0.2890836278491082,0.12826704870877453
598,LIMK1_proteomics,0.2740813206963658,0.12901676157091163
358,PTPN1_proteomics,-0.1549066531971011,0.12976314791455001
464,PARVA_proteomics,0.15478536068467919,0.13006750227555552
752,MAPKAPK2_proteomics,0.15426774490103806,0.13137246575733194
418,PIP5K1A_proteomics,0.29147914899137617,0.13233929288526478
257,SDS_proteomics,0.25000261709099575,0.13561392837152425
183,CAV1_proteomics,0.15215505178826383,0.13680255904596098
286,CDH2_proteomics,0.20097963174718586,0.13747120527152962
34,JUNB_proteomics,0.1610717084106194,0.13845942839185843
623,GRB2_proteomics,0.15095975815868323,0.13994930017575197
160,RICTOR_proteomics,0.1674864101348476,0.1401137994718356
58,MYL9_proteomics,0.14976689578153224,0.14314397730708545
496,PLA2G1B_proteomics,0.18506059934924954,0.1431982858334425
289,BAIAP2_proteomics,0.14967350192434092,0.1433964064148978
292,TLN1_proteomics,0.14919430875844877,0.14469687935593867
361,NF1_proteomics,0.15850427232548017,0.14494226406531205
502,GNAL_proteomics,0.25920182727657487,0.14522231484370643
28,PRKD1_proteomics,0.22317946974126285,0.14533009854792664
241,MAX_proteomics,0.14871215936175441,0.14601433110329148
389,CSK_proteomics,0.14851140025316256,0.1465655528255407
234,WNT11_proteomics,-0.25338587818406294,0.14819523948372387
500,RTN4_proteomics,0.145471055139706,0.15510598904335546
176,COL4A2_proteomics,0.14511768620241153,0.1561222475351817
471,ME1_proteomics,0.14469427595544965,0.15734647574064464
268,ENAH_proteomics,0.14461048140943344,0.15758960161910224
690,ABCB1_proteomics,-0.14407925790765774,0.1591374418055881
278,TLN2_proteomics,-0.14361259751047503,0.16050647838282356
15,TSC2_proteomics,0.17466974537380164,0.16070022404695386
436,PRKAG1_proteomics,-0.1430855106750362,0.16206329985296236
461,CD14_proteomics,0.14241161369172614,0.16407004550384716
448,IQGAP1_proteomics,0.14209765810345154,0.16501121584248335
630,RELB_proteomics,0.2363264498672329,0.1652393953115354
603,DDB2_proteomics,0.14184897447641615,0.16575954933034895
680,RHOA_proteomics,0.14170014397878436,0.16620860705854487
658,RPS6KA4_proteomics,0.14163349895384003,0.1664099828599222
668,SCP2_proteomics,-0.1408292204606811,0.16885445755426007
163,FTL_proteomics,0.14071373623760752,0.16920761872846285
333,SMAD4_proteomics,0.1405848611434132,0.16960237377758344
537,THBS4_proteomics,0.1402264264208828,0.17070386168300009
126,PARVB_proteomics,0.14599590186334657,0.17219675168679127
640,YAP1_proteomics,-0.13970044596676714,0.1723297601610212
443,ATF2_proteomics,0.2751991648142841,0.17361570350406144
655,CD63_proteomics,0.1390261885932881,0.17443064539212094
497,TNFSF13_proteomics,0.21525238503593425,0.1765131550873881
489,PLCB2_proteomics,0.15521891180769004,0.177675124171344
591,ITGB3_proteomics,0.13715557285482793,0.18035764224188586
139,C1QBP_proteomics,-0.13671052613466045,0.18178919026066281
414,FGF2_proteomics,-0.15155033144945645,0.18244850285422828
150,CD209_proteomics,0.1436196496930112,0.18447197194310128
420,HSPB1_proteomics,0.13575048436984433,0.18490549955532323
357,GGT1_proteomics,0.14329843213820925,0.18546594507264247
219,PPP2R2D_proteomics,0.16851245512573063,0.18676631925630624
509,SMAD5_proteomics,-0.25691466571490446,0.1869135136829498
122,APOC3_proteomics,0.13510425498492457,0.18702496016920855
394,SLC39A11_proteomics,0.1332151249146682,0.19332195519043974
166,LRRC8A_proteomics,0.17620252147497864,0.19393363229761756
174,PPP2R1A_proteomics,0.13266929027923377,0.1951695861437865
605,RHEB_proteomics,-0.136902046034058,0.1956616389279762
97,VPS16_proteomics,0.1324496672959962,0.19591658605716913
130,S100P_proteomics,0.13200545035178485,0.19743379216081877
675,PTGR1_proteomics,0.13066765749702314,0.2020540501855362
562,VPS41_proteomics,0.1306076971999989,0.20226293229866196
356,MAP3K4_proteomics,0.20527201015044247,0.20998160412792255
609,EIF4EBP1_proteomics,0.18825616065415463,0.21023663183727676
713,PRKACB_proteomics,0.12781900118413078,0.21214956881678637
231,MMP7_proteomics,0.2641945684365696,0.212214207514496
409,HSPA1A_proteomics,0.12736733707582282,0.2137826178276062
250,DSCC1_proteomics,0.1565608552363782,0.21666808744143784
534,CAMK1_proteomics,0.12598181795924146,0.21884776307665904
564,PDGFRB_proteomics,0.12590388188268994,0.21913517831373028
253,NOS3_proteomics,0.20961267230690528,0.2198312599713505
611,ARRB1_proteomics,0.12504817226644369,0.2223084444523575
129,RGL2_proteomics,0.14830351147150744,0.22393374558333798
419,MAPK9_proteomics,-0.12451753692877156,0.22429241327934796
422,ENO1_proteomics,0.12433578972093867,0.22497479457629005
646,RAB10_proteomics,-0.12383735147997406,0.22685369796268598
521,PIK3R4_proteomics,0.12380063043760098,0.22699255516928216
178,ERBB2_proteomics,0.12492145752296384,0.2277417241421379
144,SMARCA1_proteomics,0.15911358558943092,0.22870121189597023
724,HK1_proteomics,0.12285527423145372,0.23058788160751095
114,PPP2CB_proteomics,0.12266304227102078,0.23132381415850484
368,CEBPZ_proteomics,-0.12264023848110325,0.23141122401925326
535,BAK1_proteomics,0.1414579548011951,0.23256767211649285
627,GSTP1_proteomics,0.1219946393568058,0.2338954729007043
161,EHHADH_proteomics,-0.12173178121387745,0.23491225324320716
307,ACTB_proteomics,0.21592287947277683,0.2352622008449593
586,HMOX1_proteomics,0.12147973027173682,0.23589011827422
70,PIK3R2_proteomics,0.1533972338042034,0.24193834384680654
558,FCGR2A_proteomics,0.12754550329172276,0.24472460736439453
132,BRAP_proteomics,-0.12084857134117102,0.24594641374914614
533,THEM4_proteomics,0.19283723555644128,0.246070887344109
454,PKN2_proteomics,0.11825559305167237,0.2486489537280645
191,VCAN_proteomics,-0.11800403201228088,0.24966405113776255
320,SOD1_proteomics,0.11787222603310621,0.2501970498453838
188,ITGA1_proteomics,0.11541669684644212,0.26026990928708704
478,ANXA2_proteomics,0.11536372429893998,0.26049020870680656
147,PCK1_proteomics,0.11466631788375839,0.2634023861709183
733,CDH19_proteomics,0.16113757463351858,0.26360108457170095
363,RAB5B_proteomics,0.11456101982499198,0.263843995389593
526,LAMA4_proteomics,0.11437883901870018,0.2646092293085821
587,KRAS_proteomics,-0.11750495501944314,0.2646244091466821
199,VPS33A_proteomics,0.11415172897061485,0.2655652907027442
0,CD81_proteomics,0.11297280578737735,0.27056577892920275
252,PPM1A_proteomics,0.11265552902244369,0.27192230814768426
135,PPM1B_proteomics,0.11222900722255469,0.2737531281086154
75,C1QB_proteomics,0.11112287232734486,0.2785397075106697
152,HSPA1L_proteomics,0.22420824400290695,0.28128393905446675
416,LIPE_proteomics,0.1099109766417908,0.28384791689208755
294,VASP_proteomics,0.10966187590753511,0.28494729576300115
271,MAPKAP1_proteomics,0.19432122654428663,0.2865536448606685
541,CDKN2C_proteomics,0.11325607370222099,0.28785153557539367
413,MEF2D_proteomics,-0.190569178004657,0.2881000145401
703,SORBS2_proteomics,0.10765408554482332,0.29391186611301806
463,RAP1B_proteomics,0.10730001863739375,0.2955118340213359
392,SLC9A3_proteomics,0.14245238395942844,0.2995065065369698
602,HSP90AB1_proteomics,-0.10631264284865494,0.3000038847709154
546,CRABP2_proteomics,0.13583900328610318,0.3007265643073913
111,MGST3_proteomics,-0.10597966699193327,0.30152880279903815
401,RASA2_proteomics,0.10945786940345269,0.30168140998867715
644,HLA-B_proteomics,-0.10542830618079582,0.3040649988872297
7,CRK_proteomics,0.10541280488437492,0.30413650398311187
628,KPNA1_proteomics,0.10476924113411411,0.30711486381457537
599,ENO3_proteomics,0.10468687293542256,0.3074974244109321
210,PARVG_proteomics,0.13245627116372888,0.3088647587951229
291,NBN_proteomics,-0.10436436459179141,0.30899830643992365
758,TPI1_proteomics,0.10430836632204357,0.30925939465183455
344,GIT1_proteomics,-0.10356120367760116,0.31275671450797915
20,PIK3CA_proteomics,0.13954317700103475,0.3142378877564162
32,SQSTM1_proteomics,0.10297165077522394,0.315534316244421
36,CDH3_proteomics,0.17091415030340937,0.3189334949605167
484,PAK4_proteomics,0.10362937321259653,0.3202422872792613
486,VDR_proteomics,0.1442401516354015,0.3227614982483065
387,IRS1_proteomics,0.13969207113628423,0.32329948155092303
193,RXRB_proteomics,0.1067885418498544,0.32488488877907196
435,ITGB6_proteomics,0.10098182708769056,0.3250264518151354
91,CUL1_proteomics,0.10060789963764398,0.326830411812257
674,GAB1_proteomics,0.11083155048340133,0.33085623424543886
229,CLTCL1_proteomics,-0.10248216197986021,0.3310023217364993
684,ERBB3_proteomics,0.11120929865261497,0.33238175402827014
732,CACNA2D1_proteomics,0.0994409089195141,0.3325014581276903
582,COL5A1_proteomics,0.09934846778277592,0.3329533377086385
331,MFGE8_proteomics,0.09933659368479447,0.33301141007035445
470,CALML4_proteomics,0.10142065819695156,0.33337683625644127
86,RALA_proteomics,-0.09921392763542772,0.33361170647994304
96,SGK2_proteomics,-0.13934696641428707,0.33961941733267687
430,RB1_proteomics,-0.09798041372912494,0.3396863606502617
633,XIAP_proteomics,0.09715052852216235,0.3438122956447912
543,PAK1_proteomics,-0.09683749168946042,0.34537676364381054
712,TLR2_proteomics,0.13917687910923981,0.345460590627892
82,CTSB_proteomics,0.09610549076684483,0.3490524928948286
16,LBR_proteomics,-0.09576969764757835,0.35074682169918314
92,FAM91A1_proteomics,-0.0956816690059886,0.35119183987554664
56,HSPA6_proteomics,0.09563973728944566,0.35140394436514344
476,GPI_proteomics,0.09544260895556,0.35240215468423536
175,REL_proteomics,0.09789750576009004,0.3532033164730481
30,NR3C1_proteomics,0.13669049952894935,0.354230461410701
149,PELO_proteomics,-0.09507145451778151,0.35684518689596423
756,LMNB2_proteomics,-0.094352537744827,0.35795384678791764
285,PRKAB2_proteomics,-0.0963713281415443,0.3581252753903622
616,CREBBP_proteomics,-0.11566294809811545,0.3588831921723338
715,ATAD2_proteomics,0.11656572562519751,0.35899663748826793
692,RAB5C_proteomics,-0.09388614736686313,0.36034560763390167
84,TXN_proteomics,0.09385685412864474,0.3604961590761411
700,BIRC2_proteomics,-0.1654231340674092,0.36557149211980144
696,CDK1_proteomics,0.0928557144415022,0.365664809203712
677,IGF2_proteomics,0.12291044281873872,0.36681211285250753
417,NPC1_proteomics,0.09352220955472398,0.36734787003256125
80,PIK3C2A_proteomics,0.09879552808631756,0.3683508539391306
412,MET_proteomics,0.09258223239554489,0.37220395569536713
42,MAP4K3_proteomics,0.09842048952925336,0.37604512768677945
225,SLC39A7_proteomics,0.08987920029269893,0.3812988151422013
388,RIN1_proteomics,-0.10470750770554263,0.3813929461111921
202,VAV2_proteomics,-0.08945711827576365,0.38354800698583086
293,KEAP1_proteomics,0.08884057851838406,0.3868477572051231
669,IRF3_proteomics,-0.08881910972771612,0.3869629654235253
698,PFKFB3_proteomics,0.16091576631317328,0.3871603045764605
121,PTPN7_proteomics,0.13028953053960785,0.38811834854378463
400,SLC27A1_proteomics,0.08841303370228057,0.38914597316093075
350,HSP90AA1_proteomics,0.08824728102206839,0.3900391517204916
740,CAV2_proteomics,0.10116607299619544,0.3910853159860535
739,PKN1_proteomics,0.0877160686982753,0.39290990757004346
232,PDK1_proteomics,0.08692627691961329,0.39720128735240334
309,MSH2_proteomics,-0.08672281237987532,0.39831131363939776
751,HSP90B1_proteomics,0.08652281035931086,0.3994042399628339
200,ARNT_proteomics,0.14676125402827125,0.4001866586620063
427,NF2_proteomics,-0.09775087579706956,0.4008727648258548
757,SSH3_proteomics,0.08547043894738739,0.4051841919311222
2,FHIT_proteomics,0.13672060444398906,0.4065681189577672
185,AIP_proteomics,-0.08445669587322818,0.4107982380369654
55,RPS6KB2_proteomics,0.13729705557780922,0.41108456408033855
626,PRKCI_proteomics,0.0880186009376466,0.41480553985884877
169,VPS11_proteomics,-0.08310596939880587,0.418348684323298
385,CASP9_proteomics,-0.12338208905244086,0.4193937307896479
359,PPP3CB_proteomics,0.08601851611819916,0.4201667756263958
707,USF2_proteomics,-0.09872811997386552,0.423132397132761
469,TAOK3_proteomics,0.08218128792611433,0.4235636121229649
702,CYP3A5_proteomics,-0.1289802973775753,0.42766289308476946
64,MYH10_proteomics,-0.08119723684196042,0.4291542637605337
295,CSNK1A1_proteomics,0.0806410929303874,0.4323324408894899
479,PPP2R2A_proteomics,0.08061062145416362,0.4325069619210754
43,PPP2R1B_proteomics,0.08051840791292264,0.4330353462870226
31,ICAM2_proteomics,-0.08767694385204314,0.4363754731778367
194,CAB39_proteomics,-0.0793645475461648,0.4396779779247643
138,PPP1R14A_proteomics,0.07929762989793512,0.4400649720193438
563,MAP2K3_proteomics,-0.0792925752866915,0.44009421135080423
730,CLTC_proteomics,-0.07920178771876721,0.4406195755268242
61,HLA-F_proteomics,0.0810049207512675,0.44527789335189444
405,MAPK3_proteomics,-0.07810440885642127,0.44699774492344696
687,TGFB1_proteomics,0.11226128269514024,0.44744987809294534
10,GNG11_proteomics,0.1279720078607747,0.45035845236004723
481,RASA1_proteomics,0.07702072847049055,0.45334669782190634
516,MSH6_proteomics,-0.0765695689539973,0.4560045957046893
342,LGALS3_proteomics,0.07640302411317684,0.4569879299888543
255,HDAC7_proteomics,0.10482106728579964,0.45957807733550404
215,BAD_proteomics,-0.1069188506021059,0.4598884070538288
18,COL4A1_proteomics,0.075783344283886,0.4606569954507491
206,CD48_proteomics,-0.07684418186292019,0.46409570926385707
330,LDHB_proteomics,0.07461915702770958,0.46759366473917696
467,GCLM_proteomics,-0.07461576559725136,0.46761395503686026
273,GSR_proteomics,0.07395479804692723,0.47157755414122854
574,SULT1A1_proteomics,0.0765159117714265,0.47349836717513616
529,COL11A1_proteomics,0.07479751920950575,0.47611525463786447
54,RPS6KA5_proteomics,0.0731696029578707,0.47865217562182694
208,PARP1_proteomics,0.07275060290414151,0.4788453263077326
490,PAK2_proteomics,0.07263295931359516,0.47955856295979177
569,PFKFB2_proteomics,-0.0721779178130237,0.48232270080505374
116,ABCC4_proteomics,0.07628742464839733,0.4824956450553234
676,EIF4B_proteomics,0.07140017066002623,0.48706677047539615
211,EFNA5_proteomics,0.0903822703938679,0.4884826641394601
5,TMSB4X_proteomics,0.07047131367531509,0.49276491264284455
324,TOP2A_proteomics,-0.07040648402879589,0.4931639232920237
180,RAB7A_proteomics,-0.07033716371693412,0.4935907612435066
179,DIAPH1_proteomics,0.07018069628029656,0.4945549202880518
647,SSPN_proteomics,0.09880251157312411,0.49483318243214947
269,ITGA2B_proteomics,0.07444943664395275,0.4957075387028365
73,CEBPB_proteomics,-0.08000569410845382,0.4980219094160539
242,GNA11_proteomics,0.06894174475041909,0.5022242489554702
37,IFNGR1_proteomics,0.09938696952315745,0.5062654997953112
604,SRF_proteomics,0.14547954205289398,0.5077629210379849
258,MCL1_proteomics,-0.09995397225705491,0.50866215549469
63,WNT5A_proteomics,0.10722595920631127,0.5101816246972928
631,CD300A_proteomics,0.09605527505241881,0.5114704211882845
475,ARHGEF7_proteomics,-0.06742750923930327,0.5116810281731321
462,MAP2K2_proteomics,0.06738238002380871,0.5119642681891948
239,PRKACG_proteomics,-0.07670914625383332,0.5188995996706439
662,ITGA2_proteomics,-0.06606409615772646,0.5202734619991657
338,RAF1_proteomics,0.07782194007024994,0.5281737744728557
318,RALBP1_proteomics,0.06584570536072497,0.5306028847165508
141,PLOD2_proteomics,0.0640942132390537,0.5328159372050658
321,AHCTF1_proteomics,-0.06391508327797217,0.5339638999758244
396,RASA3_proteomics,0.09905153391253815,0.5377998720498824
607,HLA-DRB5_proteomics,0.0938279574140552,0.5398366457846997
746,ABI2_proteomics,0.07957713171232202,0.545581138703308
29,PRKD2_proteomics,0.06454523733514891,0.5478814969144135
555,RASAL2_proteomics,0.08674476898801504,0.549176292566005
449,TJP1_proteomics,0.06152394604694962,0.5494043528759528
159,ACTR2_proteomics,-0.061502006785536995,0.5495470195240356
666,STRADA_proteomics,0.13746434075699138,0.5523785870163707
19,CDK2_proteomics,0.06426612201411037,0.55426833976999
89,CASP3_proteomics,0.06070391821913487,0.5547490146239845
637,PIK3IP1_proteomics,0.11210949268668444,0.5553103560286275
364,DAPK3_proteomics,0.060285603045281674,0.5574850520874374
645,SYK_proteomics,0.05921675263811085,0.5645052031904577
465,GSTM4_proteomics,-0.0610910224831516,0.5740459438507505
608,NOS2_proteomics,0.10618786782295812,0.576513791142772
390,HLA-DRB4_proteomics,-0.06633524928600112,0.5798303565782866
90,JAG1_proteomics,0.07285657402644805,0.5801202416759297
133,RAP1A_proteomics,0.0561560132571592,0.5848362631033509
691,CD36_proteomics,0.05583765036236035,0.5869700863741706
265,DVL2_proteomics,0.0748987896686882,0.5940204661803877
143,HLA-G_proteomics,0.059678638518832094,0.594316213492748
606,GNAS_proteomics,-0.05451856944733602,0.5958487844202442
450,PTGS2_proteomics,0.0796167424898204,0.5989142892607641
653,GSTM3_proteomics,0.053951411698733444,0.5996847401068832
83,SLC39A4_proteomics,0.091288863912171,0.6019840877841509
393,RAPGEF2_proteomics,-0.05798209359677714,0.6071395062435923
572,WNT2B_proteomics,0.055513982427947646,0.6074493886225552
395,SHMT1_proteomics,0.051815566227309456,0.6142281490869234
705,PRKCE_proteomics,0.0614596557187225,0.6185656335051992
745,CETN3_proteomics,0.10659248882176038,0.6200820475205656
380,CHTF18_proteomics,0.07134341709533677,0.6224770910948292
468,DNAJC7_proteomics,0.05043894599985754,0.623682087026333
383,HRAS_proteomics,0.10408819313133692,0.6283698704345512
494,MAP2K7_proteomics,0.04914110133036872,0.6344571897108808
434,MAP2K4_proteomics,0.048852666244041124,0.6346519214571315
642,CTGF_proteomics,-0.08274368984839661,0.6365328084547129
196,ITGA9_proteomics,-0.051746157115061815,0.6422237742331999
45,CTNNA2_proteomics,0.08002286214468927,0.642692490937212
424,JUND_proteomics,0.05689443400116106,0.644914191479088
57,PLCB3_proteomics,0.04729064775810585,0.6455317067086692
186,BCR_proteomics,0.046854819719675755,0.6485808371931472
665,CDK4_proteomics,-0.0474228209854599,0.6535057975491521
716,PTPRA_proteomics,0.047159315528337506,0.6535131872172909
571,RAB5A_proteomics,-0.04538612066084678,0.6588986359105995
601,EIF2AK2_proteomics,0.04523904678436258,0.6599354181126248
648,CXCL1_proteomics,0.0992800858756411,0.6602472226651283
750,STAT5B_proteomics,0.04616881414272435,0.6603364534356683
402,SHOC2_proteomics,0.04473648455273209,0.6634830215574532
560,AFDN_proteomics,-0.04472737172318623,0.663547418209842
693,TAOK1_proteomics,-0.051509565324656365,0.665167760388997
566,CDH13_proteomics,-0.0443634633504212,0.6661210051635891
360,COL2A1_proteomics,-0.05426364418651081,0.6676937364984086
351,DNAJB1_proteomics,0.04406626511902274,0.6682256884937853
172,KAT5_proteomics,-0.09139278321819286,0.671040348894229
391,DAB2IP_proteomics,0.04424305148956695,0.6719885790195426
565,BAX_proteomics,0.04344533697138385,0.672631222920283
369,PSMC5_proteomics,0.043438035779075825,0.6726830916679277
304,NEDD4_proteomics,-0.04323011931979214,0.6741608033799446
182,MAPKAPK3_proteomics,-0.04481181497895982,0.6749308123986993
221,ITGA4_proteomics,-0.06750691882793158,0.6749482849639236
60,SGK3_proteomics,0.05877472821855913,0.6759141100660735
205,COL4A5_proteomics,-0.07077932220058424,0.677205426063544
477,DOCK1_proteomics,0.042629791666066334,0.6784344053643582
14,IL10RB_proteomics,0.06385064160569401,0.6805117271477387
261,MGST2_proteomics,0.04212662669017728,0.6820241912090046
622,ZAK_proteomics,-0.042072073662155124,0.6824138225964929
158,STK4_proteomics,0.041359530537676395,0.6875106022125665
167,SMAD3_proteomics,0.05598729193882762,0.6876032349021622
366,NPC2_proteomics,0.040840252387118685,0.6912338070282396
171,PRKAR1B_proteomics,-0.04696049910018281,0.6931947246088123
568,CAB39L_proteomics,-0.03929808808582122,0.7023341607039489
335,RAC1_proteomics,-0.03905416424750688,0.7040957114905341
382,PRKAA1_proteomics,-0.03838175911765629,0.7089597071535895
719,RPTOR_proteomics,-0.037869619773716064,0.7126722463134741
378,HLA-DMB_proteomics,0.037077467411221574,0.7184278137066383
212,APEX1_proteomics,-0.03656607426838508,0.7221518517632152
528,CLTA_proteomics,-0.03650535978232095,0.7225944159369629
76,DVL3_proteomics,0.051910562580172834,0.7231647802635848
664,HLA-DPA1_proteomics,0.036115423754794644,0.7254389359357606
85,DBI_proteomics,0.03611246198785733,0.7254605558733366
220,SLC7A5_proteomics,-0.03808864760127418,0.7261466510024734
495,FZD7_proteomics,0.0763836383869469,0.7290412413253112
13,COMP_proteomics,-0.03579569757171252,0.7305567917736093
77,ITGA6_proteomics,0.03511815827851855,0.7327307225220139
322,SLC2A1_proteomics,0.03505076425251445,0.7332243587753029
153,ITGAV_proteomics,0.034408755995384926,0.7379322491720929
50,PLTP_proteomics,-0.03421411540037414,0.7393614842477095
233,PIK3C3_proteomics,-0.03491445604476168,0.7397002392852015
577,SLC39A14_proteomics,-0.03379947187668078,0.7424091386821287
334,ARPC5_proteomics,0.03378733779103113,0.742498385072431
567,HLA-C_proteomics,0.03358043915592125,0.7440206511540698
281,SDSL_proteomics,0.03275038517943187,0.7501376588410388
310,PTGES3_proteomics,0.032479178412051044,0.7521396695770246
316,ACTN4_proteomics,-0.03185523319575657,0.7567517621366369
540,PKLR_proteomics,-0.04724212433437747,0.7579575329848275
510,FKBP5_proteomics,0.03168345212024636,0.7580230434391543
507,MTDH_proteomics,0.031597898273973524,0.7586564329185498
346,PSPH_proteomics,0.03400876669943177,0.7616441632777428
136,GNA13_proteomics,0.029899552924875117,0.7712624466795501
718,EPHA2_proteomics,-0.03155206328505486,0.7717292950202277
108,RALB_proteomics,0.029710790694512712,0.7726672843880575
744,VGLL4_proteomics,0.04229268869299066,0.7777419727796799
243,CDH5_proteomics,0.046563374117770374,0.7783423395460182
711,IKBKB_proteomics,-0.028749860208334928,0.7798301628183918
373,GPX3_proteomics,0.028376792120641606,0.7826160533604177
260,CFL1_proteomics,-0.028284098233016485,0.7833086733706108
317,ALDOC_proteomics,0.02828390219704055,0.7833101383545819
545,SRPX2_proteomics,0.029464936763299057,0.7852278638757506
379,EXOC2_proteomics,0.027870294118066796,0.7864027224798822
714,GNG4_proteomics,-0.060815264364740634,0.7880474843929403
226,PTEN_proteomics,0.03054006590115329,0.7893292502166809
742,TBK1_proteomics,0.027150044472528792,0.7917959895211104
245,ALDOB_proteomics,0.026721910912942244,0.7950065471758211
717,AIF1_proteomics,0.02667585707603983,0.7964138123276544
74,PFKL_proteomics,0.02552145339219232,0.804026808700445
345,PLA2G12A_proteomics,0.055981207861616415,0.8045663596544342
312,HLA-DQB1_proteomics,-0.02528774984234774,0.8057858923436259
354,SLC26A2_proteomics,0.024890070456387026,0.8087814398570438
24,ACADM_proteomics,-0.02485942094161564,0.8090124245564502
593,PPP1CB_proteomics,-0.02481441607776022,0.8093516255054891
729,RBL2_proteomics,-0.032154050463296904,0.8140126383137015
367,PTPN11_proteomics,0.024012188467964664,0.8154038603414098
532,VPS4A_proteomics,0.023962529728552964,0.81577886050255
341,MIF_proteomics,0.023724956470296318,0.8175734785643975
667,EIF4E_proteomics,0.023326597156180105,0.8205847758600682
636,ACAN_proteomics,-0.026659089704771766,0.8216168280193742
589,AKT2_proteomics,0.025108894018136936,0.8228231247745285
561,CDC37_proteomics,0.022970213277032338,0.823280979263006
87,HLA-DRA_proteomics,-0.022677485962463023,0.8254971304847049
67,FLNB_proteomics,-0.02235571856737142,0.8279347146522246
549,PGK1_proteomics,-0.022051275712453786,0.8302425578509267
181,DUSP3_proteomics,0.021953173344204782,0.8309865355295634
25,HSPA8_proteomics,-0.021745966764105257,0.8325584146858213
466,FANCI_proteomics,-0.02299752526792248,0.8365040689603571
597,CRKL_proteomics,-0.02116959969199904,0.8369342111825285
472,MGAM_proteomics,-0.040941377733361685,0.839325863322403
134,HLA-DMA_proteomics,0.027898002545343983,0.8412853899625027
682,MTOR_proteomics,-0.020468450398075752,0.8422640465105373
753,SMAD1_proteomics,-0.044165283607800504,0.8452706318330987
425,CSNK2B_proteomics,0.018166504749426056,0.8598112573551102
244,MGST1_proteomics,-0.018006074533278495,0.8610368272562231
652,KTN1_proteomics,0.017692698750231915,0.8634317373255993
710,FYN_proteomics,-0.025685639015711897,0.8639263046602466
754,GSTT1_proteomics,0.01757513290431172,0.8643305300295051
9,EPS15_proteomics,-0.017363238907100564,0.8659508984867914
482,HLA-DRB3_proteomics,0.02281571279384771,0.8662210278747491
78,ZAP70_proteomics,-0.026053217771246626,0.8682858707121346
72,TPM3_proteomics,0.017038412857187595,0.8684359410242221
325,CES1_proteomics,-0.01689677540750928,0.8695199233376916
595,TYK2_proteomics,-0.02952860371491109,0.8725439666284991
247,NCOA2_proteomics,-0.019667535305200816,0.8744793607650762
429,HLA-DPB1_proteomics,-0.01546450622414327,0.8804946156616047
47,NFKB1_proteomics,0.01510126775549759,0.8832815919017225
251,ITGA11_proteomics,-0.016825777496484194,0.8876422592896367
683,PHGDH_proteomics,0.013967464182563116,0.8919897873715773
656,THBS2_proteomics,0.013873263320867836,0.8927138901753192
218,IGF1R_proteomics,0.019030908808826554,0.8934738432340792
487,DEPTOR_proteomics,0.013948679245319284,0.8938497891334606
203,CDH11_proteomics,-0.012978628622416985,0.8995950694867907
168,EPB41L4B_proteomics,0.012344147546400655,0.904479785555387
272,PLCB4_proteomics,-0.01229281349964663,0.9058823863663872
581,ARHGAP35_proteomics,0.01226521309498492,0.9060927399745919
459,HLA-DQA1_proteomics,0.012770329263734989,0.9070986219011097
235,PDLIM5_proteomics,0.011434756941932963,0.9114871255347471
722,ACLY_proteomics,-0.01101031758467606,0.9147600106857098
688,PPP2R5C_proteomics,-0.010892781440395488,0.9156665949923704
483,GSTM1_proteomics,-0.010618027541676206,0.9177862564914443
673,BCAR1_proteomics,0.011141501581761994,0.9184224480410099
570,PTK6_proteomics,-0.013310031798374061,0.9189086450693985
426,ARAF_proteomics,0.01072346296958028,0.9200962208792169
460,RAB11B_proteomics,-0.010295511738599297,0.920275122643354
632,GSTA1_proteomics,-0.00940757268113776,0.9306787220138883
128,THBS1_proteomics,0.008509238622679594,0.9340731231363938
352,VIM_proteomics,0.008470614778129618,0.9343717018483522
71,TSC1_proteomics,0.009107431817191855,0.944463342642146
308,SOX9_proteomics,-0.006971728163799769,0.9495075354487044
372,RAB8A_proteomics,0.006404940339302778,0.950352428508135
40,LDHA_proteomics,-0.005801771656478244,0.9550227297440468
689,RAB14_proteomics,-0.0050962525111607065,0.9604874426239105
287,MMP12_proteomics,-0.004251938455135773,0.9672044013652817
337,ITGB5_proteomics,-0.004140676917817512,0.967891874781129
551,FABP1_proteomics,0.004138776198484302,0.9679066057364089
224,IRS2_proteomics,-0.0037197843243074076,0.9728841744384386
731,MAP4K4_proteomics,0.0035459318663075903,0.9732388193365512
127,MAP2K6_proteomics,0.0033977336745572018,0.9736506059942159
4,SP1_proteomics,0.003386697297720582,0.9737361625201729
473,PIK3R1_proteomics,0.0034522585033057163,0.9739455226062037
223,NCKAP1_proteomics,-0.00320487554869954,0.975145728535667
488,GNG10_proteomics,-0.003380171380823839,0.9761078992008414
522,STAT5A_proteomics,-0.0024829857057818427,0.9807428628112175
326,RAB2A_proteomics,0.0014276119339242284,0.9889272509963947
48,LAMTOR3_proteomics,0.0014247424717588296,0.9889495055266723
187,WASF2_proteomics,-0.001342359215980745,0.9895884443650486
493,CYP4F12_proteomics,-0.0007972020647129367,0.9947355080741552
439,TSG101_proteomics,-0.00044874013054120587,0.9965194124736121
1,MAPK1_proteomics,-0.0003991312504713733,0.9969041945149444
