Proteomics,P_Value,Medians,Cancer
ARMH3,5.766739162739872e-07,-0.4051337799246164,Gbm
DCTN1,1.5008898009485894e-05,-0.38298750640634,Gbm
ATE1,0.00022507201402167902,-0.3782040342065589,Gbm
DCTN4,0.0002501062995320566,-0.3621403649312675,Gbm
FAM49B,0.00027671583169833593,-0.5683652465577332,Gbm
ELMO1,0.0006218184807157023,-0.7064987971360025,Gbm
MMS19,0.0006290790774708202,-0.32428672480430704,Gbm
GLTP,0.0006805341361772173,-0.6862168284505473,Gbm
USP39,0.0014783273425505812,0.4197656966513674,Gbm
RAB8B,0.0016088715372960453,-0.446976426090049,Gbm
ACTR10,0.0019395010266764735,-0.4656434974143857,Gbm
XPNPEP1,0.0022405951233284,-0.2150913992486652,Gbm
PRPF6,0.0025129373062138397,0.3918699551897835,Gbm
PCM1,0.0025531116976906607,0.3543201136800785,Gbm
WDFY4,0.0025683947807317,-0.6357060889969898,Gbm
NPL,0.0031721831196860587,-1.0864863938518778,Gbm
TPR,0.0033390661272569263,0.3313253556014946,Gbm
PUS7,0.003449219476266681,0.439167885477694,Gbm
NSUN2,0.0034805828228218405,0.3148783620022745,Gbm
SLK,0.0035063163241749943,-0.3057573605529692,Gbm
SHOC2,0.0035304824797374548,-0.2647367226213155,Gbm
ACTR1B,0.003689626867109242,-0.41813265559164303,Gbm
C1orf35,0.004164992959558165,0.4916685378345887,Gbm
NCL,0.004183823723018247,0.3727680272599479,Gbm
AKAP8,0.005022234494539074,0.2991444851364289,Gbm
PWP2,0.005446540676141593,0.3155941335395533,Gbm
CHUK,0.00571509502432925,-0.24222427037246705,Gbm
ATAD1,0.005723145328574182,-0.4148124099032907,Gbm
ANK3,0.005787091539086074,-0.8955846189519945,Gbm
CDK11B,0.005877963828285866,0.3822677464116973,Gbm
DDX39A,0.005888709255126677,0.4731640685429175,Gbm
XPO1,0.005969822792178596,0.2800925368014751,Gbm
NOM1,0.00729868818689923,0.4724276027527993,Gbm
PRKCB,0.0075987241844978565,-1.0374849101017891,Gbm
TTC27,0.007711830522368637,0.3084644554963813,Gbm
ADAR,0.007811936172022324,0.32962920125437345,Gbm
CHTF8,0.008144125966943964,0.555404214789192,Gbm
KIF1C,0.008343559491953041,-0.36486659320474735,Gbm
PARP1,0.00847241799930448,0.471833939748412,Gbm
IFT43,0.008543802429726558,0.3321961336161946,Gbm
ARFGEF3,0.009005239056263045,-0.34245365472806105,Gbm
CHTF18,0.009142585659634932,0.5028870220999511,Gbm
SYMPK,0.009623405829443234,0.2204054086720217,Gbm
DDX56,0.009623405829443234,0.3418367527678305,Gbm
RFC2,0.009631959400847413,0.3782538249394579,Gbm
NUF2,0.009779796927380836,0.9999421535022296,Gbm
GMPS,0.010082174639402024,0.2208846086494849,Gbm
ZC3H8,0.01019492340593924,0.5908845175922409,Gbm
RPS6KA1,0.010292737345001642,-0.4515410293326306,Gbm
GPSM3,0.010430165846308015,-0.7155752855446255,Gbm
WDR75,0.010527383550919915,0.3446410700893575,Gbm
TBL3,0.010600092874037764,0.30709273672573606,Gbm
GPATCH4,0.010622280995051372,0.3943254123832941,Gbm
BYSL,0.011199037594675266,0.36213634995655397,Gbm
CAD,0.011294298478233,0.3463693845816559,Gbm
ESF1,0.0114968292558395,0.2973563469806185,Gbm
CMTR1,0.011497898284167862,0.2899215084873849,Gbm
POLR2B,0.011864449502759977,0.20851717576304668,Gbm
XPO5,0.012192514333584654,0.4737716799557895,Gbm
CDK9,0.012350672435651806,0.243032799882742,Gbm
TOPBP1,0.012648620550200405,0.4930731012212592,Gbm
ZGPAT,0.012701550306245668,0.44895808118682506,Gbm
EEF1D,0.012799868602462886,0.2699140107028761,Gbm
CIP2A,0.013739162942646469,0.4889281993958549,Gbm
HARS,0.013825464812801476,0.1911459052052181,Gbm
PDCD2L,0.013871793017060364,0.27034150260927026,Gbm
LSG1,0.014544623818316869,0.26064478349207565,Gbm
CENPF,0.01716066497188983,0.553913767962281,Gbm
NUP155,0.01755015415488094,0.1971794310287357,Gbm
SEC24C,0.0181200311937496,-0.1869172501453155,Gbm
HEATR1,0.01838063557510512,0.2232163175511196,Gbm
NDC80,0.01842150212857948,0.6414968396665135,Gbm
DNAJC10,0.019609620885785356,0.36763570692739134,Gbm
IFIT2,0.019652651515200268,-0.7672650636777539,Gbm
GYG2,0.019978625030439318,0.672191661771212,Gbm
GMPR2,0.019996902307096883,-0.40417213307594796,Gbm
PES1,0.019996902307096883,0.2655617258376648,Gbm
ST14,0.020460518081604543,-0.6965361102907837,Gbm
EIF5,0.02096339432599481,0.1834428370154012,Gbm
RIF1,0.02129784046390656,0.3605438090469511,Gbm
USP34,0.02129784046390656,0.0641856847997517,Gbm
ORC5,0.02148318968547221,0.2818451747179587,Gbm
TK1,0.022342096025928404,0.4941210733669591,Gbm
OTUD6B,0.023573762510070803,0.2240381518163555,Gbm
ADD3,0.02412971807877844,-0.5386414580340856,Gbm
PPP2R2A,0.02416308916826056,-0.2380595228657875,Gbm
INTS3,0.024568896380288783,0.2435460665439875,Gbm
NAT10,0.024876308810124103,0.29859238152496503,Gbm
PIK3R4,0.02591499473713273,-0.1161756908069092,Gbm
RCSD1,0.026850519947277676,-0.4113534909266669,Gbm
SUPT5H,0.02707533848980724,0.2869431025613922,Gbm
MSH2,0.027504644512379675,0.418563315740096,Gbm
MKNK1,0.028181555132506763,-0.29218795982015705,Gbm
DCAF13,0.02868506997770561,0.21606596596601185,Gbm
AES,0.02890790910894568,0.22599214924356045,Gbm
SETDB1,0.028924371550310208,0.2977313124217778,Gbm
TPX2,0.031690271450523215,0.6401394220665911,Gbm
CORO1A,0.03343957499873673,-0.5579222178984841,Gbm
SMCHD1,0.03384380665256432,0.3047637119332233,Gbm
UBR5,0.03407601382269014,0.16513349247943587,Gbm
KLC2,0.034396297620616245,-0.3066167958236945,Gbm
WDR46,0.03460397957962893,0.15138309018559842,Gbm
IMP4,0.03547216794773516,0.20620834260961995,Gbm
AATF,0.03605415287516989,0.213864307793648,Gbm
CMSS1,0.03605415287516989,0.28723233289234495,Gbm
WAS,0.0363437727274728,-0.6743393141172237,Gbm
RNMT,0.036948424311803764,0.2646665971763835,Gbm
MSH6,0.03712457748885479,0.4612364276419655,Gbm
REXO4,0.0378865502561303,0.3398215641413451,Gbm
RAE1,0.0378865502561303,0.1144436944646599,Gbm
FXR1,0.0378865502561303,0.2126926095671966,Gbm
BUB1B,0.040029812841248937,0.7047770769727354,Gbm
USP14,0.04099568425117208,-0.1803574340671751,Gbm
TOP2A,0.04106140928263341,0.7883636423338887,Gbm
URB1,0.04294464215601112,0.2220723638068075,Gbm
VSIR,0.04350027956237683,-0.6686236728976191,Gbm
WDR12,0.04473972574081375,0.33018191275900105,Gbm
IMP3,0.04509667945965401,0.18003683864954484,Gbm
ATAD2,0.04607705268645846,0.3952751189992175,Gbm
COQ5,0.046222202521798005,-0.1562102464339644,Gbm
CPSF1,0.046757791553882856,0.2010405362557463,Gbm
NAP1L4,0.046870508734534834,0.2292218015887883,Gbm
TWF1,0.047689909316543815,0.263355614289474,Gbm
KLC4,0.04810782683621545,-0.16497176470947028,Gbm
PTPRC,0.048136607030724365,-0.7154191102700831,Gbm
RUNDC1,0.049042363409471414,-0.1977736698905263,Gbm
MORC2,0.049680683896234326,0.32759730153347194,Gbm
FMNL1,0.050219290490916516,-0.5517590180908061,Gbm
NFKB2,0.055123250727149686,-0.3785405070906003,Gbm
CD48,0.05590299924538871,-0.43382257838000704,Gbm
CD53,0.06096475132417424,-0.5878964430192591,Gbm
GNAI2,0.06488289869173278,-0.2703207561447355,Gbm
FERMT3,0.06588398419936814,-0.6316389760215577,Gbm
ARHGAP30,0.06715769621820339,-0.5954199247934148,Gbm
CD4,0.07612641829765561,-0.5867339914023564,Gbm
PSTPIP1,0.0970101297910112,-0.4912458360792896,Gbm
ARHGAP25,0.1229964150738708,-0.3012096366689542,Gbm
SPN,0.1361291825250451,-0.3993290273527542,Gbm
ACAP2,0.13904537570670805,-0.2145886849687825,Gbm
CD2,0.19158047303254191,-0.3929928385589807,Gbm
GNG2,0.19600138459118485,-0.2830198670635268,Gbm
NUP210,0.21332132198326026,0.2359296961986105,Gbm
RAC2,0.38465138109837294,-0.4268042343169252,Gbm
BTAF1,0.4601737133794961,-0.05712041935122401,Gbm
STK4,0.5121947918483403,0.05637988148999828,Gbm
GRAP,0.7585524508659354,-0.11887557454914335,Gbm
ZEB2,0.915070868195937,0.0719720400306435,Gbm
ZAP70,0.9154824915893864,0.062243588339891916,Gbm
ACAP1,0.97339357820076,-0.3832800174214681,Gbm
NFKB2,0.0009828766774167086,-0.4433773312651503,Hnscc
XPO1,0.003209274820167576,0.2905874329229512,Hnscc
WDR46,0.00430775473286593,0.22194969385005334,Hnscc
SLK,0.005299614056296094,-0.44302046535290174,Hnscc
FMNL1,0.008189571216885636,-0.6447479332407475,Hnscc
VSIR,0.008516303265824848,-0.4770710814047021,Hnscc
TOP2A,0.008516303265824848,0.6218802207139973,Hnscc
PTPRC,0.01176143959049718,-0.7590497278311013,Hnscc
CAD,0.01181012853075713,0.36740859575439794,Hnscc
ACTR10,0.013635845068079256,-0.15989547672265306,Hnscc
IMP4,0.014202626464227134,0.25858766036339986,Hnscc
GNG2,0.014648618280056256,-0.3799196645771481,Hnscc
WAS,0.015668070268452516,-0.4264653269372545,Hnscc
RCSD1,0.015999897770972615,-0.4869654071362994,Hnscc
XPO5,0.017402686313921296,0.511937197969047,Hnscc
GMPS,0.017527464283485315,0.4154515761497457,Hnscc
IMP3,0.017960430420826942,0.3357288511238501,Hnscc
STK4,0.018371924839878748,-0.2577711207270994,Hnscc
PRKCB,0.01977922554358812,-0.5693018478280543,Hnscc
INTS3,0.019886088318230213,0.18460066810134634,Hnscc
SPN,0.02066042744778069,-0.5637024711200986,Hnscc
ACAP1,0.02206090094460935,-0.3952890112701475,Hnscc
CHUK,0.023882819327386208,-0.22406747119990197,Hnscc
RAB8B,0.023882819327386208,-0.3767231471775041,Hnscc
NUF2,0.023882819327386208,0.6720254981361009,Hnscc
ARMH3,0.02404656446931924,-0.13594070132674574,Hnscc
GRAP,0.024103935123811027,-0.3083588015699981,Hnscc
ARHGAP30,0.024103935123811027,-0.5072581047870024,Hnscc
GNAI2,0.024103935123811027,-0.1695153037011039,Hnscc
ARHGAP25,0.024103935123811027,-0.4746897478955496,Hnscc
ACAP2,0.024103935123811027,0.2908298249745478,Hnscc
RFC2,0.024623244013844747,0.3714341017431941,Hnscc
CD48,0.025067616013844975,-0.6372385993976017,Hnscc
ZEB2,0.027847193754648062,-0.2645747679730519,Hnscc
FXR1,0.029455681049944962,0.3630274646386021,Hnscc
RAC2,0.029766828038480967,-0.5179849902449511,Hnscc
PSTPIP1,0.029766828038480967,-0.42042527049924416,Hnscc
NUP210,0.029766828038480967,0.53503565605455,Hnscc
MAP4K1,0.030095961620935637,-0.4191450314306522,Hnscc
ELMO1,0.03084654503694545,-0.5086578024041977,Hnscc
HEATR1,0.030944391431062014,0.18270021754389631,Hnscc
ATAD1,0.03170329410865059,-0.1827466967267988,Hnscc
WDFY4,0.03170329410865059,-0.4761850299486525,Hnscc
CD2,0.0322188105593301,-0.6411170338958989,Hnscc
CORO1A,0.03323108266455406,-0.4545491719154029,Hnscc
WDR75,0.03330616865681372,0.26084692949885024,Hnscc
CD5,0.03461143821229901,-0.5940904709317998,Hnscc
SHOC2,0.03645688888116328,-0.18801840410199588,Hnscc
TPR,0.03818612195782757,0.2078201641014985,Hnscc
CD4,0.03855943919907562,-0.5795518673823032,Hnscc
RIF1,0.038811700823463836,0.4687724490382479,Hnscc
CD53,0.03907552447670249,-0.4690456356683974,Hnscc
DCTN1,0.03988978822418274,-0.12108952912249647,Hnscc
ATE1,0.039944260072546985,-0.12841576792294518,Hnscc
LSG1,0.039944260072546985,0.3362739403561505,Hnscc
TPX2,0.039944260072546985,0.4906426435192479,Hnscc
ZAP70,0.04015424933748277,-0.5394513607942493,Hnscc
FERMT3,0.04765061843106748,-0.4351452654692984,Hnscc
PTPRCAP,0.04820182363904295,-0.5727963445961493,Hnscc
GPSM3,0.04820182363904295,-0.4507912639452982,Hnscc
AATF,0.05436063850565172,0.2901356966908004,Hnscc
MSH6,0.05461285164148805,0.5141188925480513,Hnscc
MSH2,0.05493206143040618,0.4041858337147488,Hnscc
DCAF13,0.0565186604862467,0.18882481610695126,Hnscc
TBL3,0.05773462444707025,0.19034142563960546,Hnscc
DDX39A,0.069038438429033,0.2289981367073466,Hnscc
ATAD2,0.07123540063101755,0.3926100312996503,Hnscc
IFIT2,0.07263899694322,-0.5601864283688514,Hnscc
C1orf35,0.0740523549108948,0.31089762189040115,Hnscc
USP14,0.07498679658947043,0.16182105902409916,Hnscc
RNMT,0.07631810923379569,0.22196871806509927,Hnscc
SYMPK,0.07674595452094858,0.1028821377126512,Hnscc
BTAF1,0.08071891399796031,-0.1531635973024521,Hnscc
PRPF6,0.08105819754748718,0.14016001091069796,Hnscc
CENPF,0.09825065481125317,0.36826113985609865,Hnscc
RAE1,0.09883721476823228,0.08802063338304933,Hnscc
TK1,0.108325938597027,0.3300917772887004,Hnscc
ESF1,0.10843442920113168,0.14246556014185074,Hnscc
USP39,0.1138061097777364,0.2444978893300949,Hnscc
PARP1,0.11570681399795955,0.3492324860681535,Hnscc
NPL,0.11570681399795955,0.2184244624583478,Hnscc
UBR5,0.11887675410296215,0.20225098593419946,Hnscc
PWP2,0.12249982111935467,0.08954845657179789,Hnscc
WDR12,0.1270372294995351,0.1912442355372974,Hnscc
NOM1,0.1274413464653101,0.23563162925259815,Hnscc
CHTF18,0.12934733655909048,0.2098471549418477,Hnscc
MMS19,0.14501027922444495,-0.12308351564960066,Hnscc
NUP155,0.14804734119104582,0.07412936424200113,Hnscc
CDK9,0.14855855932257794,0.20392385788005285,Hnscc
TOPBP1,0.14891644955267053,0.2209488361191525,Hnscc
PES1,0.16731462461589391,0.19211778375679955,Hnscc
DDX56,0.1689004403189982,0.13469059720009824,Hnscc
NDC80,0.17057510731712064,0.3873554868045481,Hnscc
ADAR,0.17141259245384488,0.15152684968560234,Hnscc
REXO4,0.17864263631376576,0.14345150671554666,Hnscc
ACTR1B,0.18740788172979791,0.14066213655574697,Hnscc
USP34,0.2103154767159342,0.07676300906440048,Hnscc
POLR2B,0.22017302359308533,0.05774295760500081,Hnscc
ZC3H8,0.2293638869292091,0.21668656730280134,Hnscc
EIF5,0.23398432590839066,0.26718668571390225,Hnscc
PUS7,0.25515339811922044,0.3515467967014985,Hnscc
CMSS1,0.25823844517098465,0.2069325127662971,Hnscc
GLTP,0.2591526954399519,-0.29399231078649635,Hnscc
NCL,0.2837897458562321,0.20572751948270707,Hnscc
MORC2,0.2840008811088107,0.17515097126430135,Hnscc
URB1,0.2893528207368276,0.07163942846039717,Hnscc
ORC5,0.2947827666715815,0.205971202242754,Hnscc
CPSF1,0.3183247699640161,-0.01853700260699753,Hnscc
CHTF8,0.3314474615737505,0.26657201415475384,Hnscc
BYSL,0.3495738956903573,0.10293041232864296,Hnscc
NSUN2,0.35188620355355715,0.2616521080750509,Hnscc
GMPR2,0.3716934466479945,-0.18464317889514706,Hnscc
RPS6KA1,0.3816250773553045,-0.13434260944785234,Hnscc
SUPT5H,0.451996827598586,0.1174688557337511,Hnscc
NAT10,0.483534027611766,0.14634416395434968,Hnscc
AKAP8,0.4874164015214745,0.0969133491514036,Hnscc
FAM49B,0.4909167243035218,-0.028666985229101268,Hnscc
XPNPEP1,0.5078692185581557,-0.0920228542310504,Hnscc
BUB1B,0.521888961627044,0.19695700338269967,Hnscc
KLC4,0.5737304930330374,0.1296158483497507,Hnscc
CDK11B,0.5867698708207367,0.06496217554809648,Hnscc
KIF1C,0.5873330600579946,-0.09672001012200226,Hnscc
DNAJC10,0.5957054223386815,-0.014024924675599236,Hnscc
GPATCH4,0.6537890857021103,0.029141053239296614,Hnscc
PPP2R2A,0.6564144062246697,0.03861437059199346,Hnscc
EEF1D,0.6617452430360018,-0.004594352450197903,Hnscc
NAP1L4,0.6685622610902281,0.07428462635665413,Hnscc
ZGPAT,0.7560720515672098,0.048902082934500164,Hnscc
ADD3,0.7838307119238042,0.008835857510703704,Hnscc
PIK3R4,0.7920433691791937,-0.0436777517257525,Hnscc
TWF1,0.8117535471245945,-0.08727511559645151,Hnscc
DCTN4,0.8152735754640819,-0.1118523627921526,Hnscc
ARFGEF3,0.8296835282392173,0.08060599008789993,Hnscc
OTUD6B,0.8416807722205255,0.0067495921332465505,Hnscc
PDCD2L,0.8416807722205255,0.0326686403494989,Hnscc
SMCHD1,0.8530753717270817,0.06562528081590102,Hnscc
RUNDC1,0.8558848422179129,-0.17795109822800015,Hnscc
KLC2,0.8829128610063579,-0.07672235348655221,Hnscc
SEC24C,0.9131503578091601,-0.06421609231194836,Hnscc
IFT43,0.9212361509672791,-0.13989008230479882,Hnscc
HARS,0.9281663078787884,0.020363741510248445,Hnscc
CIP2A,0.9403404968674124,0.02524946682069995,Hnscc
CMTR1,0.9692490768934621,-0.05219194334865307,Hnscc
MKNK1,0.9712880300196824,-0.07453687581529778,Hnscc
ANK3,0.9761473921113212,-0.09256255823635227,Hnscc
AES,0.9808468866086222,0.05626991766639833,Hnscc
TTC27,0.9821645508785573,0.08031296106724639,Hnscc
SETDB1,0.984280729660716,-0.023691367338301458,Hnscc
ST14,0.9922199902365344,-0.030135562529100213,Hnscc
PCM1,0.9983965491738797,0.017972933881448938,Hnscc
COQ5,0.9993877074405946,-0.039151746499950235,Hnscc
GYG2,,0.2710389294805502,Hnscc
ATE1,0.0030100750799406327,-0.88365,Luad
SHOC2,0.0032091307128740386,-0.6060000000000001,Luad
PRKCB,0.007049395910747968,-1.7006,Luad
RAC2,0.007049395910747968,-1.26185,Luad
WDFY4,0.007049395910747968,-1.02515,Luad
BTAF1,0.012853190846964678,-0.80465,Luad
ELMO1,0.018455484994316974,-0.95015,Luad
PSTPIP1,0.02709820565445881,-1.00585,Luad
RAB8B,0.02709820565445881,-0.7501,Luad
CD4,0.02709820565445881,-1.0451,Luad
CD5,0.027361168694022043,-1.2723,Luad
MMS19,0.027361168694022043,-0.62,Luad
GNG2,0.027361168694022043,-1.0976,Luad
WAS,0.027361168694022043,-0.8834500000000001,Luad
ACAP1,0.027361168694022043,-0.7753,Luad
CD48,0.027484801950914482,-1.2706,Luad
FMNL1,0.027484801950914482,-0.924,Luad
GPSM3,0.03063477394564235,-1.03765,Luad
ZAP70,0.03068388538499283,-1.18955,Luad
ARHGAP25,0.030999098559543137,-1.04345,Luad
ARHGAP30,0.035593655795826955,-0.9998,Luad
GRAP,0.035593655795826955,-0.9983,Luad
CD53,0.036546477973287625,-1.8724,Luad
CD2,0.036546477973287625,-1.22505,Luad
VSIR,0.037709713096867416,-1.1109,Luad
PTPRCAP,0.03933033604533934,-1.5872,Luad
PTPRC,0.039512307392112485,-1.23705,Luad
CHUK,0.04051013909899377,-0.5788,Luad
MAP4K1,0.040977607240030134,-1.15935,Luad
ZEB2,0.04210848502874814,-0.4979,Luad
RCSD1,0.04210848502874814,-0.899,Luad
SPN,0.04210848502874814,-0.7927499999999998,Luad
NUP210,0.042261101285629515,-1.37595,Luad
SLK,0.04304306939794229,-0.526,Luad
ACAP2,0.04336354479735045,-0.63245,Luad
CORO1A,0.04336354479735045,-1.26555,Luad
NFKB2,0.043886673554912665,-0.8741,Luad
XPNPEP1,0.043886673554912665,-0.38075,Luad
STK4,0.04615559785060504,-0.3246,Luad
FERMT3,0.04739265413781185,-0.74275,Luad
GNAI2,0.04871403212899928,-0.7136,Luad
DCTN1,0.05314289540360412,-0.3194,Luad
SEC24C,0.06709785600000179,-0.6066,Luad
EIF5,0.09021061409125332,0.5522,Luad
GLTP,0.12735676058755374,1.028,Luad
ACTR10,0.1384043014447168,-0.34840000000000004,Luad
ATAD1,0.19522129834676968,-0.50905,Luad
NPL,0.20757329805655994,-0.8108500000000001,Luad
ARMH3,0.222235433148725,-0.37845,Luad
AKAP8,0.3015299602892986,-0.368,Luad
ARFGEF3,0.32355475266549416,1.1846,Luad
NSUN2,0.3358493403377063,0.34535000000000005,Luad
OTUD6B,0.3400077094868008,0.22725,Luad
IFIT2,0.3722380978925535,-0.97565,Luad
MSH2,0.4589355832475794,0.37305,Luad
TPR,0.4671250625579457,-0.2934,Luad
DCTN4,0.5128975214014546,-0.3775,Luad
USP14,0.5186051354578983,0.3209,Luad
TWF1,0.5451235932475843,-0.4515,Luad
ATAD2,0.5490276794046651,0.22565,Luad
CHTF8,0.5563998595767277,-0.39725,Luad
MSH6,0.5675814911018384,0.16719999999999996,Luad
ANK3,0.5676330136683447,0.39695000000000014,Luad
CPSF1,0.5683713748023242,0.23024999999999995,Luad
CENPF,0.5686463524803089,0.24605,Luad
NUF2,0.5691171423998564,1.6992,Luad
TOPBP1,0.5712935600704209,0.4061,Luad
PUS7,0.5740101871846207,0.21395000000000006,Luad
IFT43,0.5794186434374283,0.31895,Luad
TOP2A,0.5824221465327725,0.8952000000000001,Luad
UBR5,0.5872632509700839,0.18355,Luad
FAM49B,0.5988121383528421,-0.4839,Luad
RPS6KA1,0.6250175595899397,0.34119999999999995,Luad
DDX56,0.6349048528734873,0.1143,Luad
MORC2,0.6459000611432724,0.37655,Luad
HARS,0.6514338866145285,-0.10555000000000003,Luad
DDX39A,0.6631994796656064,0.2433,Luad
AATF,0.6645009015829967,0.3740500000000001,Luad
CDK11B,0.6649569168545316,0.2528999999999999,Luad
SYMPK,0.6717137445774569,0.26554999999999995,Luad
COQ5,0.6750165954807412,-0.06655000000000005,Luad
ADD3,0.6767233554686026,-0.2205000000000001,Luad
NDC80,0.7013038637582021,1.0135,Luad
RFC2,0.7087331461580137,0.28945,Luad
ZC3H8,0.712666778028038,0.2992,Luad
PARP1,0.7152578899161857,-0.4784500000000001,Luad
ZGPAT,0.7182605574139511,0.27,Luad
PRPF6,0.7411894807755343,0.14475,Luad
HEATR1,0.7490605062138974,-0.0681,Luad
IMP4,0.7514070351131019,0.09615,Luad
PDCD2L,0.7559628828540755,-0.002749999999999975,Luad
PPP2R2A,0.7777066309747097,-0.4248,Luad
TPX2,0.7781976470930272,0.18745,Luad
REXO4,0.7792589668394143,0.18355,Luad
RUNDC1,0.7812261539324031,0.33840000000000003,Luad
SUPT5H,0.7857654969360613,-0.18260000000000004,Luad
RNMT,0.8054676872036021,0.2785,Luad
AES,0.8232366833267181,-0.11210000000000003,Luad
IMP3,0.8342221585222616,-0.15,Luad
DCAF13,0.8342221585222616,0.13480000000000006,Luad
GPATCH4,0.8383103961821845,-0.2745500000000001,Luad
KLC2,0.8391896775583538,0.0627,Luad
KLC4,0.8410613959068423,0.008799999999999995,Luad
DNAJC10,0.8413165921064908,-0.01705000000000001,Luad
BYSL,0.8477295295029386,-0.04165,Luad
GYG2,0.8524134298641929,0.1441,Luad
CMTR1,0.8533455096752431,0.20325,Luad
ORC5,0.8566047745212151,0.3359,Luad
PES1,0.8691104683602132,-0.13385000000000002,Luad
ACTR1B,0.8692866040726864,-0.005599999999999994,Luad
SETDB1,0.8714769507694806,-0.15375,Luad
URB1,0.8733937533615788,0.21720000000000006,Luad
XPO5,0.8733937533615788,-0.06460000000000002,Luad
KIF1C,0.8771414653856746,-0.07279999999999998,Luad
NAT10,0.8785745050643717,0.3807,Luad
TTC27,0.8799632858084425,0.31845,Luad
GMPS,0.8831647913165482,0.054999999999999986,Luad
CHTF18,0.8886907295834343,-0.10310000000000002,Luad
ST14,0.8902553423702861,0.2893000000000001,Luad
TK1,0.9255357920130346,0.8320000000000001,Luad
CIP2A,0.9300704658673552,0.0255,Luad
ESF1,0.9372978015242028,-0.13255,Luad
WDR75,0.9406001618165823,-0.09785,Luad
PWP2,0.940847489326355,0.02089999999999997,Luad
BUB1B,0.9424240092269528,0.4968,Luad
EEF1D,0.9458579866145336,-0.20605,Luad
WDR12,0.9477979504465128,-0.048249999999999904,Luad
GMPR2,0.9498286167624704,-0.16874999999999996,Luad
C1orf35,0.9605921389070358,-0.3867,Luad
NCL,0.9607060797048438,0.025200000000000108,Luad
LSG1,0.9609944394247646,0.045700000000000005,Luad
FXR1,0.9683980651522754,0.0022500000000000298,Luad
CDK9,0.9689622658349076,-0.17180000000000006,Luad
CMSS1,0.9761192833613068,-0.1723,Luad
WDR46,0.9764965377786988,-0.15349999999999994,Luad
USP39,0.9772341317621804,-0.022650000000000003,Luad
SMCHD1,0.9792240302182912,-0.0721,Luad
PCM1,0.9809371410996796,-0.1291,Luad
NOM1,0.9897718278246922,-0.07699999999999996,Luad
ADAR,0.9918416355143432,-0.0227,Luad
TBL3,0.9939104128201316,-0.06675,Luad
MKNK1,0.9951579855380396,-0.01585,Luad
CAD,0.9951579855380396,0.0489,Luad
RIF1,0.9993198764080372,0.2397,Luad
ATAD1,6.4939827833057254e-06,-1.34185,Lscc
BTAF1,0.0011359715126109606,-0.59625,Lscc
SLK,0.08380615158640904,-0.61615,Lscc
MMS19,0.36690347160434056,-0.35665,Lscc
ATE1,0.6965799448522509,-0.48065,Lscc
CHUK,0.754506223141434,-0.4360000000000001,Lscc
SHOC2,0.8013878212801835,-0.25585,Lscc
DDX39A,0.8886769504577887,0.3992,Lscc
SEC24C,0.9068573747739916,-0.2277,Lscc
ARMH3,0.9068573747739916,-0.27969999999999995,Lscc
CPSF1,0.9714262906704594,0.10009999999999997,Lscc
PSTPIP1,0.9998477192481204,-0.17509999999999998,Lscc
PPP2R2A,0.9998477192481204,0.12905,Lscc
POLR2B,0.9998477192481204,-0.02200000000000002,Lscc
PRPF6,0.9998477192481204,0.10770000000000003,Lscc
PRKCB,0.9998477192481204,0.11270000000000002,Lscc
RIF1,0.9998477192481204,0.1357,Lscc
RCSD1,0.9998477192481204,0.007050000000000002,Lscc
REXO4,0.9998477192481204,-0.011349999999999971,Lscc
RFC2,0.9998477192481204,0.08535000000000004,Lscc
RNMT,0.9998477192481204,0.10504999999999998,Lscc
RAB8B,0.9998477192481204,0.21995,Lscc
PTPRC,0.9998477192481204,0.25,Lscc
PTPRCAP,0.9998477192481204,-0.00545000000000001,Lscc
PUS7,0.9998477192481204,0.10460000000000004,Lscc
PWP2,0.9998477192481204,-0.14680000000000004,Lscc
RAE1,0.9998477192481204,0.13425,Lscc
RAC2,0.9998477192481204,-0.06705,Lscc
NFKB2,0.9998477192481204,-0.46735,Lscc
NCL,0.9998477192481204,-0.0957,Lscc
NDC80,0.9998477192481204,0.07579999999999998,Lscc
NPL,0.9998477192481204,0.6701999999999999,Lscc
NSUN2,0.9998477192481204,0.24825,Lscc
NOM1,0.9998477192481204,-0.09604999999999997,Lscc
NAT10,0.9998477192481204,-0.36715,Lscc
MSH6,0.9998477192481204,0.3636,Lscc
MSH2,0.9998477192481204,0.6488999999999999,Lscc
NAP1L4,0.9998477192481204,0.15759999999999996,Lscc
PES1,0.9998477192481204,0.08190000000000007,Lscc
PIK3R4,0.9998477192481204,-0.004949999999999996,Lscc
ORC5,0.9998477192481204,0.3025,Lscc
OTUD6B,0.9998477192481204,-0.01960000000000001,Lscc
NUF2,0.9998477192481204,0.13014999999999988,Lscc
NUP155,0.9998477192481204,-0.037250000000000005,Lscc
NUP210,0.9998477192481204,-0.08265000000000006,Lscc
PDCD2L,0.9998477192481204,0.22935,Lscc
PCM1,0.9998477192481204,-0.039500000000000035,Lscc
PARP1,0.9998477192481204,0.513,Lscc
TTC27,0.9998477192481204,0.17204999999999998,Lscc
UBR5,0.9998477192481204,-0.14685000000000006,Lscc
TWF1,0.9998477192481204,-0.1138,Lscc
TK1,0.9998477192481204,0.05659999999999999,Lscc
TPR,0.9998477192481204,-0.27070000000000005,Lscc
TPX2,0.9998477192481204,-0.1028,Lscc
TOP2A,0.9998477192481204,-0.01874999999999999,Lscc
TOPBP1,0.9998477192481204,-0.0905,Lscc
ZGPAT,0.9998477192481204,0.04479999999999998,Lscc
ZEB2,0.9998477192481204,-0.07030000000000003,Lscc
ZAP70,0.9998477192481204,-0.24310000000000004,Lscc
ZC3H8,0.9998477192481204,0.29479999999999995,Lscc
VSIR,0.9998477192481204,-0.43245,Lscc
USP14,0.9998477192481204,-0.03175,Lscc
URB1,0.9998477192481204,-0.21265,Lscc
USP34,0.9998477192481204,0.02805000000000002,Lscc
USP39,0.9998477192481204,0.23550000000000004,Lscc
XPNPEP1,0.9998477192481204,-0.19105000000000005,Lscc
XPO5,0.9998477192481204,-0.2515,Lscc
XPO1,0.9998477192481204,0.11865,Lscc
WDFY4,0.9998477192481204,-0.36000000000000004,Lscc
WDR12,0.9998477192481204,-0.27535,Lscc
WAS,0.9998477192481204,-0.37475,Lscc
WDR75,0.9998477192481204,0.05585000000000007,Lscc
WDR46,0.9998477192481204,0.28379999999999994,Lscc
SMCHD1,0.9998477192481204,-0.06235000000000001,Lscc
RUNDC1,0.9998477192481204,0.02209999999999998,Lscc
SETDB1,0.9998477192481204,-0.09999999999999998,Lscc
SUPT5H,0.9998477192481204,-0.031700000000000006,Lscc
SYMPK,0.9998477192481204,0.08839999999999998,Lscc
TBL3,0.9998477192481204,-0.2024,Lscc
SPN,0.9998477192481204,-0.2386000000000001,Lscc
STK4,0.9998477192481204,-0.2385,Lscc
ST14,0.9998477192481204,-0.11935,Lscc
CIP2A,0.9998477192481204,0.4021000000000001,Lscc
CHTF18,0.9998477192481204,0.28155,Lscc
CHTF8,0.9998477192481204,-0.1643,Lscc
COQ5,0.9998477192481204,-0.22195000000000004,Lscc
CORO1A,0.9998477192481204,-0.1201,Lscc
CMTR1,0.9998477192481204,-0.2477,Lscc
CMSS1,0.9998477192481204,-0.2828,Lscc
CD4,0.9998477192481204,0.06385000000000003,Lscc
CD48,0.9998477192481204,0.20545,Lscc
CD5,0.9998477192481204,0.42865,Lscc
CD53,0.9998477192481204,0.21899999999999992,Lscc
CD2,0.9998477192481204,-0.12625000000000006,Lscc
CENPF,0.9998477192481204,-0.16735,Lscc
CDK9,0.9998477192481204,0.4131500000000001,Lscc
CDK11B,0.9998477192481204,0.1318,Lscc
DNAJC10,0.9998477192481204,-0.05465000000000003,Lscc
DDX56,0.9998477192481204,-0.29355,Lscc
DCTN1,0.9998477192481204,0.00545000000000001,Lscc
DCTN4,0.9998477192481204,0.10040000000000003,Lscc
DCAF13,0.9998477192481204,0.1959,Lscc
ANK3,0.9998477192481204,-0.26214999999999994,Lscc
ARHGAP30,0.9998477192481204,-0.2874,Lscc
ARFGEF3,0.9998477192481204,-0.01969999999999994,Lscc
ARHGAP25,0.9998477192481204,0.3086,Lscc
ACAP1,0.9998477192481204,-0.069,Lscc
ACAP2,0.9998477192481204,0.24220000000000005,Lscc
ACTR10,0.9998477192481204,-0.06565000000000004,Lscc
ACTR1B,0.9998477192481204,-0.07330000000000009,Lscc
AATF,0.9998477192481204,-0.14054999999999995,Lscc
AKAP8,0.9998477192481204,0.25155,Lscc
ADAR,0.9998477192481204,0.03755000000000003,Lscc
ADD3,0.9998477192481204,-0.7036000000000002,Lscc
AES,0.9998477192481204,0.1015,Lscc
C1orf35,0.9998477192481204,0.53735,Lscc
BYSL,0.9998477192481204,-0.11759999999999993,Lscc
BUB1B,0.9998477192481204,0.135,Lscc
CAD,0.9998477192481204,0.23649999999999996,Lscc
ATAD2,0.9998477192481204,0.059799999999999964,Lscc
KLC2,0.9998477192481204,-0.05214999999999997,Lscc
KLC4,0.9998477192481204,-0.11605,Lscc
KIF1C,0.9998477192481204,-0.14550000000000007,Lscc
IFIT2,0.9998477192481204,-0.5621000000000003,Lscc
IFT43,0.9998477192481204,-0.1983,Lscc
INTS3,0.9998477192481204,0.03514999999999999,Lscc
IMP3,0.9998477192481204,0.14530000000000004,Lscc
IMP4,0.9998477192481204,0.06315000000000004,Lscc
MKNK1,0.9998477192481204,-0.1041,Lscc
MORC2,0.9998477192481204,-0.4009,Lscc
MAP4K1,0.9998477192481204,0.35429999999999995,Lscc
LSG1,0.9998477192481204,0.5144500000000001,Lscc
FAM49B,0.9998477192481204,-0.02290000000000003,Lscc
FMNL1,0.9998477192481204,-0.1901,Lscc
FERMT3,0.9998477192481204,-0.032299999999999995,Lscc
ELMO1,0.9998477192481204,-0.20855,Lscc
EIF5,0.9998477192481204,0.1562,Lscc
EEF1D,0.9998477192481204,-0.10789999999999987,Lscc
ESF1,0.9998477192481204,-0.21125000000000005,Lscc
GYG2,0.9998477192481204,-1.46065,Lscc
HARS,0.9998477192481204,-0.07634999999999997,Lscc
GRAP,0.9998477192481204,0.10040000000000003,Lscc
GPSM3,0.9998477192481204,-0.1467,Lscc
HEATR1,0.9998477192481204,0.06969999999999997,Lscc
FXR1,0.9998477192481204,0.4277,Lscc
GNG2,0.9998477192481204,-0.1786500000000001,Lscc
GPATCH4,0.9998477192481204,0.1729500000000001,Lscc
GMPR2,0.9998477192481204,-0.31315000000000026,Lscc
GMPS,0.9998477192481204,0.1366,Lscc
GNAI2,0.9998477192481204,-0.12295,Lscc
GLTP,0.9998477192481204,0.35115,Lscc
ATE1,0.14773919110313427,-0.6609999999999999,Brca
MORC2,0.26332863642196297,0.7155,Brca
CHUK,0.26332863642196297,-0.3661,Brca
TTC27,0.29480821823910514,0.20825,Brca
SHOC2,0.33098963095143724,-0.42665,Brca
REXO4,0.3384162847056597,0.91645,Brca
SLK,0.375369142442786,-0.5138,Brca
NSUN2,0.3922127713901365,0.5695000000000001,Brca
PES1,0.3938425242441558,0.38325,Brca
MMS19,0.4030545273759708,-0.6534,Brca
CAD,0.4211765002371459,0.5197499999999999,Brca
WDR46,0.42219371119844457,0.58735,Brca
NAP1L4,0.422564837321181,-0.37385,Brca
XPO5,0.4419128117565035,0.6237999999999999,Brca
PUS7,0.4606127256545106,0.4388000000000001,Brca
PPP2R2A,0.4610541671449597,-0.5599500000000001,Brca
TPX2,0.4625704486535924,-0.05995000000000018,Brca
CHTF8,0.4686267388647604,0.36805,Brca
IMP3,0.4777857641758119,0.3694,Brca
IMP4,0.4849994762670297,0.2727,Brca
GMPS,0.4867893518920686,0.5437000000000001,Brca
NUF2,0.4876324456132412,0.4286499999999999,Brca
HEATR1,0.4916924165471157,0.5193999999999999,Brca
WDR12,0.5054062478739091,0.41305,Brca
DNAJC10,0.5054062478739091,0.5697000000000001,Brca
DDX56,0.5183380331747833,0.542,Brca
WDR75,0.5302985926529751,0.2329,Brca
TBL3,0.5440404014573176,0.2834,Brca
PCM1,0.5449104782542544,-0.35700000000000004,Brca
MSH6,0.5474819829407765,0.35034999999999994,Brca
EIF5,0.5495642376300092,0.2196,Brca
USP39,0.5570311079724691,0.3825,Brca
PDCD2L,0.5735558025259168,0.5005499999999999,Brca
LSG1,0.5735558025259168,0.3763,Brca
GNG2,0.5945055743926329,-0.77285,Brca
UBR5,0.5945443680435086,0.1068,Brca
CENPF,0.5949554547609736,0.43835,Brca
ATAD1,0.5950172247527419,-0.06935000000000002,Brca
NUP210,0.6044100777819453,-0.4355,Brca
ZGPAT,0.6146416130977231,0.2867500000000001,Brca
DCAF13,0.6148768935176324,0.4032,Brca
NOM1,0.6201703534012857,0.6913500000000001,Brca
PRPF6,0.6328900091484692,0.06885,Brca
NDC80,0.644030065999069,0.31255,Brca
AES,0.6478947751103616,-0.3951,Brca
CMSS1,0.6495211052685438,-0.04295000000000005,Brca
BTAF1,0.6558609374881148,-0.08944999999999997,Brca
DDX39A,0.6630666033994751,0.33555,Brca
NFKB2,0.6811142699177307,-0.20534999999999995,Brca
RUNDC1,0.6832987041548295,-0.3627,Brca
GLTP,0.6880101130751931,-0.5105500000000001,Brca
TOP2A,0.690946950724412,0.6608499999999999,Brca
GPSM3,0.7000654151512603,-0.12085,Brca
DCTN4,0.701979260943004,0.3238,Brca
PWP2,0.707891060789728,0.31665,Brca
GPATCH4,0.7093631987240182,0.28525,Brca
CDK9,0.7199929905393272,0.156,Brca
RIF1,0.7236989941489685,0.28535,Brca
TK1,0.7271572645822989,0.6882499999999999,Brca
ORC5,0.7343889531978538,0.045600000000000085,Brca
PRKCB,0.7361567569302075,-0.2934,Brca
CORO1A,0.7361995674998459,-0.4491000000000001,Brca
ADAR,0.7393261591749527,0.4628,Brca
FAM49B,0.7461281679972344,0.059650000000000016,Brca
ACTR1B,0.7566386748220714,-0.52425,Brca
SEC24C,0.7681730689410438,-0.3247,Brca
OTUD6B,0.7700385806475487,0.41585,Brca
ARFGEF3,0.771804342806922,-0.15544999999999998,Brca
C1orf35,0.7820173593996891,0.2136,Brca
MSH2,0.7830353201711883,0.24195,Brca
USP14,0.7856490653726801,-0.2112,Brca
CD2,0.7897259027548107,-0.7258,Brca
IFIT2,0.7987090688686594,0.38880000000000026,Brca
HARS,0.8005803343836561,-0.039699999999999964,Brca
ESF1,0.800843190887744,0.19195,Brca
GYG2,0.8017768116789901,-0.6444,Brca
NPL,0.8068893196476071,-0.11809999999999997,Brca
GNAI2,0.8074486468922639,0.022149999999999972,Brca
EEF1D,0.8088156271539038,0.30495,Brca
TPR,0.8093298097821501,-0.06735,Brca
GRAP,0.8149825192830749,-0.15375,Brca
CHTF18,0.8162140602451587,0.2984999999999999,Brca
IFT43,0.8212573966518684,-0.1415,Brca
PIK3R4,0.8230716859343632,0.1799,Brca
PTPRCAP,0.8256253632239906,-0.42790000000000017,Brca
BYSL,0.8285435083644516,-0.06390000000000008,Brca
URB1,0.8300649589928183,0.17580000000000007,Brca
KLC4,0.8300649589928183,0.008100000000000003,Brca
SYMPK,0.8312391721358424,-0.042450000000000036,Brca
ADD3,0.8361895072480272,-0.5377500000000001,Brca
AATF,0.8361938423730841,0.4024,Brca
AKAP8,0.8361938423730841,0.06025000000000005,Brca
MKNK1,0.8421166484822039,0.11784999999999997,Brca
CD5,0.8448990610064457,-0.3634999999999999,Brca
CDK11B,0.8448990610064457,-0.01949999999999999,Brca
XPO1,0.8480267001555398,0.13985,Brca
SETDB1,0.8565652667812111,0.23165,Brca
ZAP70,0.8637095187412047,-0.4103000000000001,Brca
RNMT,0.8757326558186237,0.2282,Brca
CD4,0.87652911903541,0.11809999999999993,Brca
RFC2,0.8769283472969888,0.18555,Brca
ARHGAP30,0.8869136514435401,-0.025100000000000008,Brca
ACAP1,0.8896213550921439,-0.2397499999999999,Brca
BUB1B,0.8920906915398688,-0.2462000000000001,Brca
ZC3H8,0.8940199080966579,0.0696000000000001,Brca
SMCHD1,0.905785172066058,-0.18404999999999996,Brca
RCSD1,0.906007863462136,-0.01749999999999996,Brca
RPS6KA1,0.9137586648867702,-0.08215,Brca
ANK3,0.9153353443891582,0.2869999999999999,Brca
PSTPIP1,0.9169610685150986,-0.1035,Brca
ARHGAP25,0.9200903872462738,-0.030050000000000018,Brca
RAB8B,0.92305547333443,0.032949999999999986,Brca
PTPRC,0.9252608009333902,-0.1774500000000001,Brca
SPN,0.9252608009333902,0.23634999999999995,Brca
GMPR2,0.9258334070758624,0.08945000000000025,Brca
XPNPEP1,0.9310875961863371,-0.1437,Brca
FERMT3,0.9318120795815256,0.1979,Brca
FXR1,0.9337141167531552,-0.0997,Brca
ZEB2,0.934068793093418,0.012600000000000056,Brca
KIF1C,0.9433852045220618,0.04115000000000002,Brca
WDFY4,0.9440445790331712,0.19415,Brca
CD48,0.9450975034780472,-0.18654999999999974,Brca
RAC2,0.9482435738614672,-0.08220000000000005,Brca
TWF1,0.9577099698816578,-0.07479999999999998,Brca
MAP4K1,0.9589357979243068,-0.12419999999999998,Brca
SUPT5H,0.9595338466510328,-0.0041999999999999815,Brca
KLC2,0.9710527007744594,0.44865,Brca
COQ5,0.9720236841815868,-0.12965000000000002,Brca
STK4,0.9724617367945556,0.0567,Brca
WAS,0.9732413801307891,0.017349999999999977,Brca
TOPBP1,0.9740534451735524,0.007849999999999996,Brca
NAT10,0.9772102491571508,0.22495,Brca
CPSF1,0.9786206431111932,-0.0798,Brca
ST14,0.9792828603458638,0.02075000000000002,Brca
CMTR1,0.9797647299689424,-0.009700000000000014,Brca
ACAP2,0.9821554756180816,-0.006400000000000017,Brca
PARP1,0.984356543200112,-0.1451,Brca
INTS3,0.986192448481362,0.009099999999999995,Brca
NCL,0.9876219724391913,0.0015499999999999956,Brca
ELMO1,0.9884302150300172,-0.060649999999999975,Brca
ATAD2,0.991473258066068,0.21540000000000006,Brca
FMNL1,0.9979666406886308,-0.11570000000000005,Brca
MMS19,0.00011015882743118955,-0.324897269,Ov
NFKB2,0.9061905051848652,-0.2977065,Ov
TK1,0.9061905051848652,0.336528321,Ov
ADD3,0.9664456660869182,-0.313592644,Ov
ORC5,0.9857040435694392,-0.096769613,Ov
NUP210,0.9857040435694392,-0.02960101599999998,Ov
NUP155,0.9857040435694392,-0.090698461,Ov
PCM1,0.9857040435694392,-0.090442367,Ov
PDCD2L,0.9857040435694392,0.11483379800000006,Ov
PWP2,0.9857040435694392,-0.12472548300000005,Ov
PUS7,0.9857040435694392,-0.02591355199999999,Ov
PTPRCAP,0.9857040435694392,0.33324042899999995,Ov
PTPRC,0.9857040435694392,0.12766595799999994,Ov
PRPF6,0.9857040435694392,-0.0062571944999999796,Ov
RAE1,0.9857040435694392,-0.075040535,Ov
RAC2,0.9857040435694392,0.2223899195,Ov
POLR2B,0.9857040435694392,-0.05004678899999998,Ov
PRKCB,0.9857040435694392,0.1794137695,Ov
MAP4K1,0.9857040435694392,-0.37942417450000004,Ov
LSG1,0.9857040435694392,-0.21158156600000005,Ov
KLC2,0.9857040435694392,0.020176677500000004,Ov
KIF1C,0.9857040435694392,-0.043961597500000005,Ov
NDC80,0.9857040435694392,0.24155638149999997,Ov
NAP1L4,0.9857040435694392,-0.23832328200000005,Ov
NCL,0.9857040435694392,-0.332350743,Ov
NAT10,0.9857040435694392,-0.15785483649999998,Ov
NOM1,0.9857040435694392,-0.32557854750000004,Ov
NPL,0.9857040435694392,0.05796347900000001,Ov
MSH6,0.9857040435694392,0.28164916599999995,Ov
MSH2,0.9857040435694392,0.0638879275,Ov
TTC27,0.9857040435694392,0.1161138085,Ov
TPX2,0.9857040435694392,0.21600661850000002,Ov
TPR,0.9857040435694392,-0.0742107435,Ov
TWF1,0.9857040435694392,0.015792345,Ov
TOPBP1,0.9857040435694392,0.11364127099999995,Ov
ZGPAT,0.9857040435694392,-0.14694732100000002,Ov
ZEB2,0.9857040435694392,0.21703905350000002,Ov
ZAP70,0.9857040435694392,0.2170230975,Ov
ZC3H8,0.9857040435694392,-0.12693108749999998,Ov
USP39,0.9857040435694392,-0.01548543150000001,Ov
USP34,0.9857040435694392,0.0136540635,Ov
URB1,0.9857040435694392,-0.13554043400000002,Ov
WDR46,0.9857040435694392,-0.1589260015,Ov
XPO5,0.9857040435694392,-0.02535158349999997,Ov
XPNPEP1,0.9857040435694392,-0.15032473049999998,Ov
XPO1,0.9857040435694392,-0.03504741049999999,Ov
VSIR,0.9857040435694392,0.1503288455,Ov
WDR12,0.9857040435694392,-0.210155337,Ov
WDFY4,0.9857040435694392,0.128535087,Ov
WAS,0.9857040435694392,0.0019319580000000114,Ov
SEC24C,0.9857040435694392,0.04056519350000001,Ov
RUNDC1,0.9857040435694392,-0.213859176,Ov
SHOC2,0.9857040435694392,-0.1846586495,Ov
SETDB1,0.9857040435694392,-0.093109692,Ov
RFC2,0.9857040435694392,-0.12669112300000002,Ov
REXO4,0.9857040435694392,0.14239495349999998,Ov
RIF1,0.9857040435694392,0.11733573950000002,Ov
RCSD1,0.9857040435694392,0.3067756715,Ov
RNMT,0.9857040435694392,-0.1308618375,Ov
STK4,0.9857040435694392,0.036290975,Ov
ST14,0.9857040435694392,0.0293645415,Ov
TBL3,0.9857040435694392,-0.1985839445,Ov
SUPT5H,0.9857040435694392,-0.06728058450000003,Ov
SLK,0.9857040435694392,-0.1222673745,Ov
SMCHD1,0.9857040435694392,0.17893333100000003,Ov
CORO1A,0.9857040435694392,0.11033361550000001,Ov
COQ5,0.9857040435694392,0.08819719949999999,Ov
CPSF1,0.9857040435694392,0.028924643500000013,Ov
DCTN4,0.9857040435694392,-0.16332766250000005,Ov
DCTN1,0.9857040435694392,-0.11763347850000005,Ov
DCAF13,0.9857040435694392,-0.130018823,Ov
CHUK,0.9857040435694392,-0.22260683149999996,Ov
CHTF18,0.9857040435694392,-0.035362302000000005,Ov
CDK9,0.9857040435694392,-0.1633087825,Ov
CMSS1,0.9857040435694392,-0.05353067749999999,Ov
ELMO1,0.9857040435694392,0.0201976505,Ov
EIF5,0.9857040435694392,0.0976764875,Ov
ESF1,0.9857040435694392,-0.066089503,Ov
DDX56,0.9857040435694392,-0.068850357,Ov
DDX39A,0.9857040435694392,-0.07306988899999997,Ov
DNAJC10,0.9857040435694392,0.10048363099999996,Ov
ATAD2,0.9857040435694392,0.29829382,Ov
ATAD1,0.9857040435694392,-0.218272753,Ov
ARFGEF3,0.9857040435694392,-0.05010811849999997,Ov
ARHGAP30,0.9857040435694392,0.2480824645,Ov
ARHGAP25,0.9857040435694392,-0.052944747,Ov
ACTR10,0.9857040435694392,-0.077002771,Ov
ADAR,0.9857040435694392,-0.06700431149999997,Ov
ACTR1B,0.9857040435694392,-0.04903840050000001,Ov
AATF,0.9857040435694392,-0.16988340899999999,Ov
ACAP1,0.9857040435694392,-0.131581836,Ov
AES,0.9857040435694392,-0.04165128649999999,Ov
CAD,0.9857040435694392,-0.111223306,Ov
CD53,0.9857040435694392,-0.10465710000000002,Ov
CD48,0.9857040435694392,0.1856895895,Ov
CD4,0.9857040435694392,0.26829245,Ov
CDK11B,0.9857040435694392,-0.1332088115,Ov
BYSL,0.9857040435694392,-0.11274779199999994,Ov
BTAF1,0.9857040435694392,-0.2113181615,Ov
GLTP,0.9857040435694392,-0.0851003555,Ov
GNG2,0.9857040435694392,-0.05261393600000003,Ov
GNAI2,0.9857040435694392,0.052438552,Ov
GMPS,0.9857040435694392,0.22168853649999998,Ov
GMPR2,0.9857040435694392,0.0020275544999999932,Ov
IFT43,0.9857040435694392,-0.04920283299999997,Ov
FXR1,0.9857040435694392,-0.0352898535,Ov
INTS3,0.9857040435694392,-0.18698005550000002,Ov
IMP3,0.9857040435694392,-0.08335269800000003,Ov
IMP4,0.9857040435694392,-0.10844207700000004,Ov
HEATR1,0.9857040435694392,-0.1863576945,Ov
HARS,0.9857040435694392,0.132681417,Ov
GPSM3,0.9857040435694392,0.12237935,Ov
GPATCH4,0.9857040435694392,0.11860357749999995,Ov
GYG2,0.9857040435694392,0.234635807,Ov
FAM49B,0.9857040435694392,0.23681473050000001,Ov
FERMT3,0.9857040435694392,0.1066082775,Ov
FMNL1,0.9857040435694392,0.13934318350000005,Ov
SYMPK,0.9861441247676684,0.0283306465,Ov
ATE1,0.9861441247676684,-0.0003903929999999889,Ov
PIK3R4,0.989330909294274,0.0018790000000000195,Ov
MKNK1,0.989668935871547,-0.043388212999999995,Ov
PPP2R2A,0.991374298777592,-0.007094879499999998,Ov
C1orf35,0.991659351630872,-0.07935400150000001,Ov
PES1,0.991659351630872,-0.09058436849999997,Ov
MORC2,0.991659351630872,0.08775497699999997,Ov
WDR75,0.991659351630872,-0.14841516949999994,Ov
CD5,0.991659351630872,-0.20489111,Ov
UBR5,0.991659351630872,0.03439807100000001,Ov
USP14,0.991659351630872,0.050240683000000015,Ov
IFIT2,0.9919309712381801,-0.0298373035,Ov
BUB1B,0.9919309712381801,0.088424461,Ov
KLC4,0.9919309712381801,-0.021255572499999983,Ov
TOP2A,0.9919309712381801,0.07816366549999999,Ov
ANK3,0.9919309712381801,0.1314692375,Ov
ACAP2,0.9919309712381801,-0.035354186999999995,Ov
AKAP8,0.9919309712381801,0.01005228349999998,Ov
RAB8B,0.9919309712381801,-0.01044509250000003,Ov
NSUN2,0.9919309712381801,-0.032650525,Ov
RPS6KA1,0.9919309712381801,-0.031414378999999965,Ov
PARP1,0.9919309712381801,-0.009529409000000004,Ov
PSTPIP1,0.9919309712381801,0.1156200095,Ov
EEF1D,0.9919309712381801,0.090098951,Ov
OTUD6B,0.9919309712381801,-0.050897488499999984,Ov
CENPF,0.9919309712381801,0.197019565,Ov
GRAP,0.9919309712381801,-0.17819534549999996,Ov
CHTF8,0.9919309712381801,-0.012179117999999987,Ov
SPN,0.9927846092023682,0.1492991085,Ov
CMTR1,0.9979495342355502,0.018443406499999995,Ov
NUF2,0.9979495342355502,-0.079618484,Ov
TOPBP1,0.0012419024397145966,-0.61795,En
RIF1,0.001589775543608556,-0.5464,En
ESF1,0.0015957317640966642,-0.3886,En
USP39,0.0023495336402027138,-0.32670000000000005,En
LSG1,0.002564234282066786,-0.20258900000000002,En
ANK3,0.0025693897823640165,0.6970000000000001,En
DCAF13,0.003060705618424847,-0.3538,En
AATF,0.003237378495225701,-0.34800000000000003,En
HEATR1,0.003237378495225701,-0.4816,En
XPO5,0.003359394937447175,-0.5053,En
WDR46,0.003620960795800312,-0.4603,En
CMTR1,0.0038378362357953844,-0.3909,En
WDR75,0.0040712901324144145,-0.4283,En
DCTN4,0.004204133399387559,0.262,En
CMSS1,0.004327644138979881,-0.5609999999999999,En
REXO4,0.004633855569210915,-0.46001,En
GLTP,0.005430806773470915,0.519,En
DDX56,0.005459756698794961,-0.35910000000000003,En
ADAR,0.005686660613580932,-0.40278,En
ACTR10,0.00569971434842527,0.2066,En
ST14,0.00569971434842527,0.495,En
IMP4,0.006414791185609871,-0.4177,En
SETDB1,0.008872618477670565,-0.18566,En
RNMT,0.008872618477670565,-0.3418,En
FXR1,0.008872618477670565,-0.31620000000000004,En
KIF1C,0.009115412515861655,0.24620000000000006,En
ZC3H8,0.009515388084092993,-0.422,En
GPATCH4,0.010208874274550092,-0.4643000000000001,En
PCM1,0.012159627446452949,0.42,En
POLR2B,0.012159627446452949,-0.1131,En
KLC2,0.012159627446452949,0.28900000000000003,En
IFIT2,0.013364994194455516,-0.664,En
TTC27,0.01337010394390418,-0.2247,En
CIP2A,0.01337010394390418,-0.438,En
XPNPEP1,0.013970035448965372,0.475,En
USP14,0.014156342666625243,-0.3125000000000001,En
BYSL,0.014274400708973015,-0.3545,En
NDC80,0.01514690994080879,-0.608,En
PIK3R4,0.01612088292524554,-0.1494,En
ARFGEF3,0.01615428102292434,0.5242,En
RAE1,0.01615428102292434,-0.1365,En
WDR12,0.01615428102292434,-0.2675,En
GMPR2,0.01615428102292434,0.1848,En
DCTN1,0.01615428102292434,0.2568,En
PARP1,0.01615428102292434,-0.40243,En
CAD,0.018280353215214682,-0.26920000000000005,En
TOP2A,0.019244031123456167,-0.6299999999999999,En
CHTF8,0.019535547412061743,-0.7190000000000001,En
XPO1,0.019772992588772163,-0.1533,En
MSH6,0.019772992588772163,-0.537,En
NOM1,0.019927261316826664,-0.21320000000000006,En
GMPS,0.020645630515422,-0.2974600000000001,En
CPSF1,0.020838090654484248,-0.2247,En
MSH2,0.02093890522170117,-0.41600000000000004,En
AKAP8,0.02104473736437941,-0.3319,En
OTUD6B,0.02137128359535268,-0.35200000000000004,En
TK1,0.02137128359535268,-0.8380000000000001,En
TPX2,0.02137128359535268,-0.8,En
CDK11B,0.021904904325893124,-0.32341000000000003,En
FAM49B,0.021904904325893124,-0.3854,En
NPL,0.02208264378435107,-0.657,En
ACTR1B,0.022319529617297603,0.2313,En
TWF1,0.024319877583900487,0.4259999999999999,En
EIF5,0.02443321626335649,-0.1988,En
DDX39A,0.02458169802281673,-0.389,En
COQ5,0.024900970353861452,-0.2954,En
ADD3,0.025126074339898028,0.3636,En
PUS7,0.0253825045229879,-0.3623000000000001,En
SMCHD1,0.0253825045229879,-0.23600000000000002,En
SUPT5H,0.0253825045229879,-0.2001,En
INTS3,0.0253825045229879,-0.2298,En
PWP2,0.025552613709457852,-0.1991,En
RFC2,0.025552613709457852,-0.37200000000000005,En
NAT10,0.025584073570512927,-0.4023,En
NAP1L4,0.025889645823773247,0.1517,En
IFT43,0.025908995276641426,0.5175,En
RPS6KA1,0.026022793230129626,0.5720000000000001,En
ATAD2,0.026022793230129626,-0.5555000000000001,En
DNAJC10,0.02603034040784579,0.5241,En
URB1,0.026110616764516818,-0.17690999999999998,En
BUB1B,0.026110616764516818,-0.5589999999999999,En
MORC2,0.02691732224499008,-0.2549,En
ZGPAT,0.02711761938478265,-0.209,En
C1orf35,0.02711761938478265,-0.387,En
IMP3,0.028419448475438813,-0.3025,En
NUP155,0.03010326899410305,-0.1319,En
USP34,0.030930285817885157,-0.17720000000000002,En
PRPF6,0.03156315761795892,-0.1936,En
PES1,0.03190798560944303,-0.23190000000000005,En
NCL,0.032572205912569895,-0.2703,En
NSUN2,0.03407339372023583,-0.1906,En
NUF2,0.03478882314865653,-0.6125,En
ARMH3,0.034810581916191546,0.15030000000000002,En
CHTF18,0.036983306768649866,-0.3106,En
TBL3,0.037588160216136986,-0.1839,En
CENPF,0.037588160216136986,-0.439,En
UBR5,0.0377884508485959,-0.1348,En
GYG2,0.0377884508485959,0.447,En
CDK9,0.042438155849878915,-0.2195,En
TPR,0.04263362616211495,-0.1843,En
HARS,0.04291597230319643,0.1564,En
SYMPK,0.04308868484372625,-0.19721,En
MKNK1,0.04364488018981732,-0.3092,En
PDCD2L,0.043908791059470834,-0.4625,En
AES,0.043913589064109526,0.407,En
EEF1D,0.04554286500733735,-0.2681,En
ORC5,0.04706747311232192,-0.18220000000000006,En
PPP2R2A,0.048016047383674425,0.3726,En
RUNDC1,0.048653138421929164,0.415,En
SEC24C,0.04889793670593573,0.262,En
KLC4,0.04889793670593573,0.1948,En
SLK,0.07489042268370509,0.4053,En
SHOC2,0.08686226877074102,0.17920000000000005,En
STK4,0.11082917223929577,-0.192,En
ARHGAP25,0.14551709479475428,-0.262,En
PRKCB,0.1496911971582037,-0.32099999999999995,En
NFKB2,0.22591262373593146,-0.1243,En
WAS,0.27652427797136275,-0.2503,En
CD2,0.2971494278924662,-0.4546,En
FERMT3,0.29753412723899697,-0.3330000000000001,En
ACAP2,0.3257539112691937,-0.12280999999999999,En
CD48,0.36590525477911495,-0.4779999999999999,En
ELMO1,0.3766175251983509,0.012200000000000004,En
FMNL1,0.38449553200208536,-0.2287,En
MAP4K1,0.4218981169329787,-0.13169999999999998,En
ATAD1,0.4302674570243792,-0.14574,En
ATE1,0.4319002761143201,0.033,En
GPSM3,0.4481152884303018,-0.3681,En
GRAP,0.4897628233748479,0.1071,En
RCSD1,0.5080159118688082,-0.0125,En
NUP210,0.5174585040230657,-0.322,En
MMS19,0.5194621070393812,-0.0847,En
ARHGAP30,0.5195796646510741,0.14043,En
ACAP1,0.5195908670191892,-0.03500000000000002,En
PTPRC,0.5566413832404109,-0.23800000000000002,En
WDFY4,0.6103638424340588,-0.4401,En
ZEB2,0.6128662931898105,-0.08300000000000002,En
CD53,0.6374432278649821,-0.263,En
CORO1A,0.6408472971208434,-0.29600000000000004,En
CD4,0.6611959382593485,-0.29417000000000004,En
PTPRCAP,0.6926750423048783,-0.271,En
CHUK,0.7089126336683508,-0.1043,En
CD5,0.8030971788799783,-0.6454000000000001,En
GNAI2,0.8358488843166335,0.1698,En
ZAP70,0.8568835388676366,-0.25170000000000003,En
SPN,0.8695564633954215,-0.066,En
BTAF1,0.8871239446571186,-0.015,En
GNG2,0.9026236237503668,-0.025000000000000026,En
PSTPIP1,0.9435741793349319,-0.3405,En
VSIR,0.9671118514163092,-0.3066,En
RAB8B,0.9726659859779448,0.341,En
RAC2,0.9975704706910228,0.09600000000000004,En
SEC24C,0.6240867368117857,-0.18,Colon
MMS19,0.6240867368117857,-0.1218,Colon
SLK,0.6240867368117857,-0.1814,Colon
ATAD1,0.6240867368117857,-0.16475,Colon
SUPT5H,0.6240867368117857,-0.11455,Colon
XPNPEP1,0.6240867368117857,-0.1891,Colon
RAC2,0.7640797376922509,-0.3415,Colon
DCTN4,0.7640797376922509,-0.054500000000000035,Colon
AKAP8,0.7968164472118762,-0.11785,Colon
PES1,0.8005851010267337,-0.1355,Colon
SHOC2,0.8005851010267337,-0.0788,Colon
PSTPIP1,0.8142435617593341,-0.3975000000000001,Colon
URB1,0.8323219360720039,-0.010000000000000007,Colon
COQ5,0.8323219360720039,0.1332,Colon
PPP2R2A,0.8352417747873994,-0.2389,Colon
POLR2B,0.8352417747873994,-0.05690000000000001,Colon
WDR12,0.8352417747873994,-0.1415,Colon
RPS6KA1,0.8460308513568131,-0.2084,Colon
CD5,0.8460308513568131,0.14775,Colon
PCM1,0.8545801375431867,-0.1858,Colon
REXO4,0.8545801375431867,0.2055,Colon
CAD,0.8545801375431867,0.039500000000000014,Colon
MORC2,0.8545801375431867,-0.0633,Colon
USP14,0.8545801375431867,0.08900000000000001,Colon
NPL,0.8545801375431867,0.3181,Colon
PTPRCAP,0.8577219478722697,0.2043,Colon
DCAF13,0.8678170912809513,-0.052499999999999984,Colon
AATF,0.8703800431996973,-0.1005,Colon
TTC27,0.8718691707603385,0.01985000000000001,Colon
SPN,0.8766477780939872,-0.27175,Colon
UBR5,0.8774153771506344,0.08049999999999996,Colon
DDX56,0.8798682308931723,0.0005000000000000004,Colon
ORC5,0.894571212910659,-0.004200000000000001,Colon
SMCHD1,0.894571212910659,-0.12569999999999998,Colon
RFC2,0.8945999782925912,-0.08025,Colon
CMSS1,0.8966462995878386,0.141,Colon
ACAP1,0.8969272536415686,-0.03365,Colon
TWF1,0.8969272536415686,0.11089999999999996,Colon
WDR46,0.8969272536415686,-0.07149999999999998,Colon
CHUK,0.8970093854779138,-0.013349999999999994,Colon
CD4,0.8970093854779138,-0.0808,Colon
TK1,0.8970093854779138,-0.13949999999999996,Colon
DDX39A,0.8970093854779138,-0.07075000000000001,Colon
ELMO1,0.900829439362522,-0.08980000000000002,Colon
RCSD1,0.9016555174305876,0.013999999999999957,Colon
NFKB2,0.9016555174305876,-0.03125,Colon
TPR,0.9016555174305876,0.058499999999999976,Colon
ST14,0.9016555174305876,0.1096,Colon
KLC4,0.9016555174305876,0.10735,Colon
ARFGEF3,0.9016555174305876,0.1273,Colon
DCTN1,0.9016555174305876,-0.037000000000000005,Colon
USP39,0.9016555174305876,-0.036499999999999984,Colon
FAM49B,0.9016555174305876,-0.11509999999999998,Colon
CORO1A,0.9016555174305876,-0.1141,Colon
FERMT3,0.9016555174305876,-0.0577,Colon
ATE1,0.9020729705615856,-0.060000000000000026,Colon
PWP2,0.9020729705615856,0.0895,Colon
FMNL1,0.9026018618686458,-0.1676,Colon
NOM1,0.9026018618686458,-0.08804999999999996,Colon
DNAJC10,0.9049127696542668,0.12299999999999997,Colon
VSIR,0.905777877040379,-0.09675,Colon
OTUD6B,0.9060204606154898,-0.005850000000000001,Colon
CD53,0.9091043893106688,-0.07740000000000001,Colon
ZGPAT,0.9102661327237724,-0.2388,Colon
ADAR,0.9115345981141604,-0.015000000000000013,Colon
ATAD2,0.9129135821074716,-0.1367,Colon
ARHGAP25,0.9160000456850944,-0.10510000000000004,Colon
CD2,0.9221597545511886,0.014499999999999985,Colon
CDK9,0.9239379408201234,-0.030650000000000014,Colon
GNAI2,0.9260833966657492,0.012499999999999995,Colon
IMP4,0.9260833966657492,0.009000000000000008,Colon
PTPRC,0.9260833966657492,-0.0099,Colon
RAB8B,0.931816904076444,4.9999999999994487e-05,Colon
PIK3R4,0.9371925953154291,-0.004049999999999998,Colon
PRKCB,0.9375135632787046,-0.04999999999999999,Colon
BTAF1,0.9375135632787046,-0.0558,Colon
NCL,0.9409575465051474,-0.047500000000000035,Colon
EIF5,0.9409575465051474,-0.03125,Colon
SYMPK,0.9413192692110498,0.0060000000000000045,Colon
HARS,0.9413545369471992,0.008450000000000003,Colon
ANK3,0.9450017899664834,0.005500000000000005,Colon
WAS,0.9466980265423254,-0.07119999999999999,Colon
GPSM3,0.9521702005519168,0.007000000000000034,Colon
ARHGAP30,0.9521702005519168,-0.10165,Colon
WDR75,0.9521702005519168,-0.032999999999999974,Colon
RIF1,0.9534842172084544,-0.1135,Colon
INTS3,0.956095103782782,0.05449999999999998,Colon
PUS7,0.9589443667431362,0.01150000000000001,Colon
NUP210,0.9621182989582332,0.05149999999999999,Colon
TPX2,0.9638289283262752,-0.0305,Colon
NAT10,0.9638289283262752,-0.020499999999999963,Colon
ACAP2,0.965143809039582,-0.010099999999999998,Colon
AES,0.9661020453923505,-0.0717,Colon
CD48,0.9703400202853396,-0.08749999999999998,Colon
ACTR10,0.9724738035927816,0.008300000000000002,Colon
GPATCH4,0.9753727680498788,0.017000000000000015,Colon
C1orf35,0.977857118980564,0.1027,Colon
NAP1L4,0.9786805909957876,-0.031100000000000006,Colon
PDCD2L,0.9804896661420206,-0.02465,Colon
EEF1D,0.9821564293203484,0.009500000000000008,Colon
CHTF18,0.9830341957518564,0.09,Colon
CPSF1,0.9830341957518564,0.0063500000000000075,Colon
LSG1,0.983382269706344,-0.08800000000000001,Colon
MSH6,0.983382269706344,0.032,Colon
CMTR1,0.983382269706344,-0.00145,Colon
PARP1,0.9840477475590022,0.0555,Colon
RNMT,0.9840772680673144,-0.0010000000000000009,Colon
KIF1C,0.9840772680673144,-0.0010000000000000009,Colon
PRPF6,0.9841425209077684,-0.06299999999999997,Colon
HEATR1,0.9851729727148154,-0.017999999999999988,Colon
GLTP,0.985630372939264,0.04200000000000001,Colon
GMPS,0.985630372939264,-0.02749999999999997,Colon
NUP155,0.985630372939264,-0.035,Colon
ADD3,0.9872160788771359,-0.0025000000000000022,Colon
FXR1,0.9872160788771359,0.005500000000000005,Colon
IMP3,0.9872160788771359,-0.0985,Colon
NSUN2,0.9876409502469644,0.031,Colon
TOP2A,0.9876409502469644,-0.012999999999999956,Colon
MSH2,0.98896458386464,-0.00999999999999998,Colon
CDK11B,0.9898686726651448,0.016499999999999987,Colon
RAE1,0.9898686726651448,0.0025000000000000022,Colon
XPO1,0.9906285621395936,-0.0025000000000000022,Colon
ACTR1B,0.9911173472781042,-0.006900000000000003,Colon
BYSL,0.9911497459470642,0.1115,Colon
ESF1,0.9911497459470642,-0.09699999999999998,Colon
TBL3,0.9923595106309128,0.025999999999999995,Colon
XPO5,0.9935872581821222,0.07449999999999997,Colon
ZAP70,0.9941025110686086,0.12885,Colon
SETDB1,0.9941025110686086,-0.0485,Colon
IFIT2,0.9941848111614332,-0.1715,Colon
KLC2,0.9954830003396806,0.056399999999999985,Colon
GMPR2,0.9954830003396806,0.03750000000000003,Colon
STK4,0.9969223779482494,-0.06389999999999997,Colon
GNG2,0.9970609315504472,0.116,Colon
CHTF8,,-0.11985,Colon
ZC3H8,,0.1052,Colon
