,Difference_In_Median_Brca,P_Value_Brca,Difference_In_Median_Endo,P_Value_Endo,Difference_In_Median,P_Value
A2ML1,,,1.10585,0.03704373350775898,,
AADAT,-1.3319999999999999,0.027477375707478158,,,,
AAGAB,,,,,0.139,0.03918868066524861
AASDHPPT,0.51445,0.003619982442132261,,,,
AATF,-0.16904999999999998,0.04227084076304375,,,,
ABCA13,0.6373500000000001,0.021190331205730627,,,,
ABCC5,0.6895500000000001,0.049307575502703295,,,,
ABCF3,0.33264999999999995,0.036960780018485635,,,,
ABHD10,-0.9098,0.004309674700558185,,,,
ABHD16A,,,,,-0.1912,0.03568436377722542
ABL1,0.40015,0.00043869712034576465,-0.16100000000000006,0.027486473157456708,,
ABRACL,-1.8836,0.0034156704496484274,,,,
ACADM,-0.613,0.035629035103045284,,,,
ACADVL,,,0.3909,0.02543467376250317,,
ACAP2,0.5094000000000001,4.585810623594815e-05,,,,
ACAT1,-0.7737499999999999,0.024438605214247143,,,,
ACBD7,-1.6087,0.0240448497513777,,,,
ACE,,,-0.5985999999999999,0.01814929578220837,,
ACE2,-2.39485,0.04953561115670412,,,,
ACO2,-0.5835,0.013562906104125552,,,,
ACOT13,-0.851,0.004786709777496221,,,,
ACOT9,,,0.37104499999999996,0.0101607212985399,-0.2495,0.02955532028060454
ACP5,,,-0.3838,0.037172115756583336,,
ACSF2,,,0.3605,0.02279206163570937,,
ACSF3,-0.56445,0.014692147736147434,,,,
ACTR8,-0.12905,0.04462639752325726,-0.13715,0.02669000901244796,,
ACVR1,1.24605,0.031007263501433388,,,,
ADAMTS12,1.0132,0.0426983818112765,,,,
ADAMTS2,,,-0.5453,0.03692382876080552,,
ADARB1,,,-0.23850000000000005,0.038365294788221684,,
ADGRE2,-1.0720999999999998,0.029641472940203882,,,,
ADGRE5,-0.77135,0.04467186747923872,,,,
ADPRH,-0.368,0.033002881298656896,,,,
AES,,,,,0.7695000000000001,0.0001670490905729558
AFDN,-0.87435,0.00530767310369508,,,,
AFMID,,,-0.1477,0.027774779281003758,,
AGAP3,-0.12329999999999995,0.034388690224888725,,,,
AGK,-0.48525,0.021175087033074386,,,,
AGPAT3,0.5583499999999999,0.03328968864231428,,,,
AGTPBP1,,,-0.2007,0.022191200095440282,,
AHCYL2,-0.6033,0.0031985770955019954,,,,
AIFM1,-0.7392,0.007175976056328958,,,-0.2925,0.045816570242887086
AIFM2,-0.3651,0.029147902422586105,,,,
AK2,-0.5749000000000001,0.004140626040960629,0.23744,0.02075936277624673,,
AK3,-0.5762499999999999,0.011506445548581452,,,,
AKAP11,,,-0.183,0.015665954108402567,,
AKAP8,,,,,0.218,0.0057798281997143595
AKAP8L,-0.5338,0.008009506905647184,,,,
AKT2,,,-0.2746,0.022383040775346825,,
ALDH2,,,0.5016,0.01057960242037781,,
ALDH5A1,-1.8812,0.0029509568121757835,0.2795,0.04209430015540359,,
ALDH7A1,,,0.3860000000000001,0.017616170950955534,,
ALKBH4,,,-0.2211,0.0453812241043491,,
ALKBH5,-0.411,0.030341527970024613,,,,
ALPK1,,,-0.3837,0.008562896482612178,,
ANAPC15,,,-0.943,0.0346062197285509,,
ANKHD1-EIF4EBP3,,,0.3069,0.023177582263825224,,
ANKRD16,-0.42275,0.021726045972835163,,,,
ANKRD40,,,-0.2811,0.023025456861487728,,
ANKRD46,,,-0.3696,0.02521349673073196,,
ANKS1A,-0.4415,0.03216582200959225,,,,
ANO10,0.5287000000000001,0.038978282901063865,,,,
ANO6,,,-0.45,0.03853660086167365,,
ANXA3,,,0.4945,0.04427587868958047,,
ANXA8,1.4107499999999995,0.005899506581236942,,,,
ANXA8L1,0.8424000000000001,0.010792797031687,,,,
AOC3,,,-0.3670000000000001,0.02718232599233671,,
AP2A1,0.42455,0.04541051128385334,,,,
AP2B1,,,-0.16300000000000006,0.031132787542722955,,
AP2M1,0.6477999999999999,0.005171516327792806,-0.2204,0.034346803952161345,,
AP2S1,,,-0.2247,0.04315735598852189,,
AP3S1,,,,,0.043050000000000005,0.048166132654656184
APBB1,,,-0.2625,0.035791317416691934,,
APOO,,,0.6475,0.010358041755937636,,
APPL2,,,,,-0.2115,0.01732424587613576
ARHGAP17,,,-0.046000000000000034,0.04237786927544082,,
ARHGDIA,-0.325,0.04397488715122149,,,,
ARHGEF1,,,-0.2289,0.01499823599572931,,
ARHGEF12,0.5202,0.03671281807160221,,,,
ARHGEF18,,,,,0.33190000000000003,0.00863694216371457
ARL15,,,-0.28179999999999994,0.032943915033898825,,
ARL2,-0.5847,0.0443084376679173,,,,
ARL4C,1.1912,0.021795478101176453,,,,
ARL6IP4,,,0.09717999999999999,0.03848610539957737,,
ARL8B,,,,,-0.2673,0.04140302958185015
ARMC5,1.1857000000000002,0.015018637374280224,,,,
ARMC9,1.07515,0.02575191840249302,,,,
ARNT,0.18105,0.03505092175800741,-0.2975,0.016755413318828943,,
ARPC5,,,-0.13849999999999998,0.02548438557718235,,
ASCC3,0.41885,0.002877099171200873,,,,
ASNSD1,-0.49975,0.037167289876203914,,,,
ASPA,-1.1423,0.03135671628825748,,,,
ATAD3A,-0.90185,0.003493584592827842,0.31699999999999995,0.048268036156545936,,
ATG16L1,,,,,-0.2247,0.03131187606237544
ATG4A,0.718,0.028062653515108445,,,,
ATM,0.31025,0.048371833788768664,,,,
ATP5A1,-0.54815,0.004936176440879277,,,,
ATP5B,-0.5257999999999999,0.0198844257181538,,,,
ATP5C1,-0.47585,0.01613237104243136,,,,
ATP5H,-0.45605,0.005847004255698272,,,,
ATP5J,-0.63225,0.02642129520031644,,,,
ATP5O,-0.4458,0.02174777928289149,,,,
ATP5S,-0.64845,0.017750438533159888,0.34516,0.04867987819863785,,
ATP6V0D1,-0.72045,0.02708159846312179,,,,
ATP6V1D,,,,,0.21,0.03296088679266945
ATP6V1F,,,,,0.2404,0.04127178310418808
ATP8A1,-0.51505,0.045666199042448036,,,,
ATPAF2,,,0.12199999999999996,0.011091348616659412,,
ATXN1,,,-0.35,0.0016863520711176893,,
ATXN3,0.3272,0.016896794872060486,,,,
AUH,-0.7585999999999999,0.0184893442199143,,,,
AVL9,,,0.112,0.0215990327603111,,
BAD,-1.16935,0.04152143169516311,,,,
BCL2L13,-0.51255,0.00792561706831416,,,,
BCL7B,,,-0.2913,0.02242834265199764,,
BCL7C,,,-0.16949999999999998,0.044751886943852126,,
BCL9L,0.27085,0.01822017364965304,,,,
BCORL1,,,-1.3133,0.008909685253283301,,
BCS1L,-0.15955,0.004077978875908875,,,,
BDH1,-0.9132,0.049187292001362334,,,,
BECN1,0.2525,0.022251573340083604,,,,
BET1,,,,,-0.938,0.007401066845508729
BICC1,,,-0.6426,0.02065955221856753,,
BIN3,,,,,0.508,0.0022340950889097946
BLOC1S2,,,,,-0.11370000000000002,0.010814674087561841
BRD2,-0.29475,0.0035184482190682774,,,,
BRD3,,,0.17748999999999998,0.04729811005036137,,
BRI3BP,,,-0.3274,0.0470905647369296,,
BUD31,,,0.1877,0.03656112022643684,,
C11orf31,-0.5750500000000001,0.005924246324639751,,,,
C11orf98,,,-0.13085,0.021894521702336998,,
C12orf4,,,-0.2191,0.04333965976781043,,
C12orf43,-0.6052500000000001,0.0054780003037971795,,,,
C12orf57,-0.5579999999999999,0.0471621211138938,,,-0.0992,0.012717373903869005
C14orf159,-1.05205,0.0147399057035574,,,,
C19orf25,0.3853,0.02831841837059037,,,,
C19orf47,-0.46765,0.016339179990857336,,,,
C1QBP,-0.5943,0.04438597426249581,0.4159999999999999,0.005123652472175127,,
C1orf167,0.5221,0.04465245903502224,,,,
C21orf33,-0.7012499999999999,0.018023685949816855,,,,
C22orf29,0.53095,0.04038310174989,,,,
C3,,,,,-0.25,0.03810308234780651
C4B,1.29965,0.04147348452195628,,,,
C4orf33,,,,,-0.2188,0.04958246468029805
C5orf45,-0.57715,0.04488888352988523,,,,
C5orf51,0.82745,0.00037471053626269516,,,,
C8orf37,-0.7822,0.038584139689110265,,,,
C8orf59,,,,,0.5115000000000001,0.03320836415495833
C8orf82,-0.91225,0.038628327678987516,,,,
C9orf40,-0.27765,0.03642456655078394,,,,
C9orf72,-1.13745,0.047774458271784934,,,,
CAB39,,,,,-0.1739,0.03863681582526595
CACHD1,-0.989,0.03406261245489158,,,,
CALML3,0.6472500000000001,0.0018629527250351196,,,,
CAMK4,0.574,0.03312746902515293,,,,
CAMSAP1,0.43195,0.008396702943274428,,,,
CAND1,0.3177,0.012934351429745757,,,,
CAPN13,1.7351,0.019646292439163868,,,,
CAPN9,1.13225,0.04785207388735748,,,,
CARS2,-0.31765000000000004,0.013238614558230605,,,,
CAST,,,,,0.27040000000000003,0.029772374014504745
CBL,0.4219,0.008843305912187316,,,,
CBLB,,,-0.1627,0.04656612480162815,-0.3236,0.02024548209054404
CBX5,,,,,0.2718,0.034173504758093866
CCDC134,,,0.261,0.047723344691767984,,
CCDC25,,,0.27979999999999994,0.017219509786802402,,
CCDC58,,,0.1817,0.03817935123207576,,
CCNA2,-0.5906,0.014023834669517043,,,,
CCNDBP1,,,-0.589,0.02609416179765436,,
CCNL2,,,-0.20655,0.02985090722443526,,
CCS,-0.48575,0.006912707300494645,,,,
CD207,,,1.105,0.049926285570019976,,
CD320,-1.895,0.00016956642001481566,,,,
CD34,,,-0.4445,0.009461720023806141,,
CD47,,,,,-0.1928,0.022198701970499328
CD81,,,-0.5555,0.02139929008605305,,
CD99,0.6771,0.020409581308645525,,,,
CDC20,-1.2091,0.020916585597231932,,,,
CDC42BPA,,,-0.3434,0.003770265292767344,,
CDC42EP4,-0.6269,0.03810942679173188,,,,
CDC42SE2,,,,,-0.37985,0.00890331710524665
CDCA8,-1.03845,0.019236558835806574,,,,
CDH11,,,-0.24450000000000005,0.008206924405845313,,
CDH13,,,-0.3685,0.03725129511744143,,
CDK14,0.8278500000000001,0.031939026392181484,,,,
CDK17,,,-0.3331000000000001,0.026967841939092446,,
CDK18,,,0.2864,0.0230718664513194,,
CDK2AP1,-0.65215,0.01745814841417129,,,,
CDK8,,,,,-0.6784,0.0051439875169816025
CDKN2AIPNL,0.50085,0.030418634224069444,,,,
CDR2,,,-0.4877,0.0033128024244412075,,
CDS2,0.55235,0.043919801450552035,,,,
CECR5,-1.14195,0.0018602823806443875,,,,
CELF2,,,,,0.3685,0.008423831748366846
CENPV,-1.6095499999999998,0.022453851054664183,,,,
CEP164,1.28705,0.02142317433781761,,,,
CES1,,,-0.0565,0.04551211726573982,,
CFL2,-0.8348500000000001,0.0299282530551684,,,,
CGGBP1,-0.31025,0.03636853644559116,,,,
CHCHD1,-0.62605,0.003052333667938318,0.1119,0.048896290449812516,,
CHCHD2,-0.34315,0.04011408056719072,0.5285000000000001,0.0017098879968886055,,
CHCHD3,,,0.2754,0.041988116622319716,,
CHCHD4,-0.9615,0.005911808549513545,,,,
CHD7,,,0.27625000000000005,0.03480372011699217,,
CHDH,-1.9472,0.0003091088089430799,,,,
CHGB,-3.0079,0.02425761246713833,,,,
CHRD,,,-0.4983,0.0013165617189940136,,
CHTF8,-1.07865,0.01792144046518209,,,,
CINP,-0.3297,0.0493008777311617,,,,
CIRBP,,,,,0.455,0.002971174964536648
CISD1,-0.7258499999999999,0.003865992828492449,,,,
CIZ1,0.3699500000000001,0.029273072237915813,,,,
CLASP2,,,-0.11070999999999999,0.03064010854189377,,
CLCA2,0.9878,0.016395089858323927,,,,
CLCN5,0.4153,0.04793021615230536,,,,
CLDN3,-1.25725,0.036282934437138,,,,
CLDND1,-1.5084,0.023056484922020472,,,,
CLIC3,,,0.5495,0.0457792033947357,,
CLK1,0.6173500000000001,0.015321667716960937,,,,
CLPB,-0.31375000000000003,0.017564738518906917,,,,
CLPP,-0.8590000000000001,0.00033847360132457807,,,,
CLPX,-0.2928,0.011789931911239249,,,,
CMC2,-0.6768,0.005053917923592089,,,,
CMC4,,,0.27081500000000003,0.006328272555419043,,
CMPK2,,,,,-0.29500000000000004,0.0018524172222621079
CMTR1,,,,,-0.0679,0.010768533235279557
CNKSR3,-0.8543,0.033946639665984366,,,,
CNPY4,0.76515,0.010361870938478138,,,,
COA1,-0.8785000000000001,0.030151963271185564,,,,
COA4,,,0.432,0.01422636621214987,,
COA5,,,0.2878000000000001,0.027736194631198183,,
COA6,,,0.4119,0.03996940126345717,,
COA7,-0.79735,0.004722198652109869,,,,
COASY,,,0.10520000000000003,0.035948539289586884,,
COBL,-0.82855,0.03154358572308755,,,,
COG3,,,,,-0.17625,0.03141700397589731
COIL,,,,,0.1881,0.044885743065366114
COL16A1,1.2193500000000002,0.022984517103962696,,,,
COL17A1,2.8085500000000003,0.007465108332219286,,,,
COL1A1,,,-1.226,0.008300492892242784,,
COL1A2,,,-0.7295,0.028542939038681818,,
COL24A1,1.0278,0.033205612245683885,,,,
COL28A1,,,-0.63,0.00782794833384318,,
COL5A1,2.07625,0.0385128787554749,-0.31799999999999995,0.013737346583043777,,
COL5A2,1.60775,0.01903656944516235,,,,
COL5A3,1.0868,0.003809017400419404,,,,
COL6A3,,,-0.7729999999999999,0.01734392101668767,,
COL7A1,0.7383,0.013053909797308234,,,,
COLEC12,,,-0.5985,0.03572764987251582,,
COMT,,,0.4545,0.024574834450918917,,
COQ5,-0.5102,0.03232705674866156,,,,
COQ7,-0.945,0.04428141121281129,,,-0.2253,0.041001022471665566
COQ8A,-0.8793,0.027671820880387284,,,-0.4324,0.04428043560785743
CORO7-PAM16,,,0.375,0.0008765032670550649,,
COX15,,,0.7163999999999999,0.017206255821797304,,
COX19,-0.51345,0.022475804733121763,,,,
COX5A,-0.85995,0.028530685235072312,0.2495,0.040935151937073665,,
COX5B,-0.39675,0.009936551262883007,,,,
COX6A1,-0.37605,0.02781887107957876,0.30299999999999994,0.041836447135604825,,
COX6C,-1.0049,0.007204383558959739,,,-0.13249999999999998,0.023869182811855263
COX7A2L,,,,,-0.5082,0.04546882788114818
COX7B,-1.16145,0.0026561370413920554,,,,
COX8A,-0.48935,0.02466574033965652,,,,
CPB1,-1.9614000000000007,0.005804152052352664,,,,
CPEB2,-0.5419499999999999,0.01834693030591324,,,,
CPEB4,-0.5859,0.00439284817732991,,,,
CPLX2,-5.887599999999999,0.0010769932134208251,,,,
CPT2,-0.57965,0.03484530334552073,,,,
CPXM1,,,-0.406,0.012014112872249613,,
CRAMP1,-0.5931,0.019677021122965103,,,,
CREG1,-0.5022500000000001,0.04335879165365565,,,,
CRISPLD2,,,-0.5830000000000001,0.025396619807630208,,
CSMD3,-0.6049499999999999,0.011476264431511438,,,,
CSNK2A2,,,,,-0.11785,0.019949542559430003
CSPP1,-0.5483,0.016291108323383843,,,,
CST6,0.8675999999999999,0.007293331331106905,,,,
CTPS2,,,0.2935,0.004157393344197063,,
CTSC,-0.8484,0.01701056694348796,,,,
CTSF,-0.9801,0.024693377951597668,,,,
CTTN,-0.90655,0.01693361602606606,,,,
CTTN,-0.90655,0.01693361602606606,,,,
CYB5A,1.36025,0.0283778487815782,,,,
CYC1,-0.5395,0.017842036971636308,,,,
CYCS,-0.5781499999999999,0.039953892469645404,,,,
DAAM2,-0.22695,0.04468990703097732,,,,
DAP3,-0.58985,0.01567035560636879,,,,
DBT,-0.29345,0.029005217934059867,,,,
DCAF7,,,,,0.2311,0.02164204304970765
DCP1B,-0.4249,0.04069808963964956,,,,
DCUN1D1,0.52,0.014778219468262722,,,,
DDX19B,-0.69995,0.0016142254134262973,,,,
DDX28,-0.8859999999999999,0.001286320134390906,,,,
DDX47,,,,,-0.26365,0.029849708474382387
DDX5,-0.3614,0.014014626118717762,,,,
DDX52,-0.3184,0.04819141700140078,,,,
DECR1,-0.2804,0.042081535227248924,,,,
DENND3,,,,,-0.26564999999999994,0.04029623477964442
DENND4B,,,-0.07645,0.04604100254911414,,
DENND5A,,,-0.32299999999999995,0.015621324405178109,,
DENND6A,,,-0.11919999999999994,0.01236387226147633,,
DENR,,,0.27946,0.01767143963769987,,
DGCR14,-0.4226,0.008240002434817081,,,,
DHTKD1,-1.47195,0.003490526866969646,,,,
DHX16,-0.2183,0.03944765426555312,,,,
DHX33,-0.54135,0.02536011470768316,,,,
DHX35,,,,,-2.5175,0.012888411986988162
DIABLO,,,0.23885,0.0036710520717506898,,
DLAT,-0.6499999999999999,0.016956382970360857,,,,
DLD,-0.64045,0.004421614687726489,,,,
DLG1,0.5286500000000001,0.009287829814785141,,,,
DLGAP4,,,,,0.2108,0.0471325541285634
DLST,-0.43615,0.024695117979251845,,,,
DMXL2,-0.7757000000000001,0.017485289384494708,,,,
DNAJA1,-0.34465,0.041294936225905965,,,,
DNAJA3,-0.29900000000000004,0.027715389897484642,,,,
DNAJA4,-0.69055,0.0110683585730195,,,,
DNAJB4,,,-0.3835,0.038731049686118034,,
DNAJC13,0.6141,0.0001971590102922144,-0.1248,0.03764309148968989,,
DNAJC19,-0.6445500000000001,0.004532387336475327,0.36200000000000004,0.0039328499407759,,
DNAJC21,0.5849000000000001,0.021394281211506848,-0.1917,0.011453560639514396,,
DNAJC21,0.5849000000000001,0.021394281211506848,-0.1917,0.011453560639514396,,
DNAJC8,-0.3139,0.03711189303039589,,,,
DNM2,-1.2117,0.002136601325216248,,,,
DNTTIP2,-0.25365,0.041383148556064495,,,,
DOCK1,1.11835,0.002183089315465289,,,,
DPAGT1,1.1552,0.04649990748598423,,,,
DPH2,,,,,0.1812,0.046136322303093835
DPM1,0.4474,0.007904829484942973,,,,
DPP4,,,,,-0.326,0.04935723559851534
DST,1.2635500000000002,0.0394104767630671,,,,
DTX2,,,0.3621,0.004289916605606825,,
DUS1L,-0.5029,0.0025075401517014365,,,,
DUS2,,,0.16060000000000002,0.009971487504560131,,
DUT,,,0.35190000000000005,0.034776831375990656,,
ECHS1,-0.7507499999999999,0.036658368234028085,,,,
ECSIT,-0.9406,0.005834757612490318,,,,
EED,,,,,-0.1113,0.028187864954269923
EFNA1,1.2562,0.034694483434234216,,,,
EFS,,,-0.2175,0.04841426294879166,,
EI24,1.2159,0.02393122877427603,,,,
EIF3J,-0.5331,0.017555875352345096,,,,
EIF4B,,,,,0.233,0.04788250757704197
EIF4ENIF1,,,0.1155617,0.037452914748236636,,
EIF4G1,0.3273,0.021551063982539267,,,,
ELAVL1,-0.19015,0.037162555357158435,,,,
ELMO2,,,-0.259,0.04204587697845346,,
ELOVL1,,,,,0.1131,0.0499916898745287
ELP3,0.36685,0.014106378912966922,,,,
ELP4,0.26370000000000005,0.049556666927086566,,,0.2773,0.033899002837835486
ELP6,0.377,0.047357332181738376,,,,
EMC1,,,,,-0.1047,0.01520468839183374
EMC8,-0.5813,0.011228372127636551,,,,
EMG1,-0.5277,0.04742670450832283,,,,
EMILIN1,1.00625,0.03166960511846143,-0.528,0.027644274568623287,,
EML6,0.77825,0.003999976163191229,,,,
ENAH,0.51805,0.03743906835613437,,,,
ENGASE,-0.72295,0.007976150840699883,,,,
ENO2,-1.47275,0.009106451018334124,0.6609999999999999,0.048611946197502726,,
ENOPH1,-0.6225000000000002,0.028700824993025963,,,,
ENPEP,,,-0.6094999999999999,0.016636770750706777,,
EPB41L1,,,0.4523,0.028779627800439495,,
EPB41L3,,,-0.4819999999999999,0.017960891502128894,,
EPCAM,-1.9954000000000005,0.031407983600006815,,,,
EPHB2,,,0.29689999999999994,0.04496680978248625,,
ERBB3,,,,,-0.07880000000000001,0.03663088532599403
ERCC1,,,-0.08073999999999999,0.027403682754874162,,
ERICH1,-0.9162,0.0495867177510173,,,,
ERMP1,0.81315,0.014836930049495031,,,,
ESRP1,,,0.31299999999999994,0.048597861213538686,,
ESRP2,,,0.345,0.0030909689167845193,,
ETFA,-0.9483,0.002248278788666137,,,,
ETFB,-0.63415,0.027046980052454688,,,,
ETFRF1,-0.7133,0.02365748925151872,0.4585,0.019282429948358774,,
EVI5L,0.6847500000000001,0.0095317257623282,,,,
EXO1,-0.831,0.001960556462399429,,,,
EXT2,1.04815,0.023554661353180927,,,,
FABP5,-1.2097,0.005148366232638325,,,,
FAF1,,,,,0.0843,0.02372898913784133
FAHD1,-0.53345,0.030970237355018,0.4315,0.03104024994107198,,
FAIM,-0.52965,0.033050205897842584,,,,
FAM102A,0.73735,0.03453477815499651,,,,
FAM107B,-0.5093,0.03498190089341567,,,,
FAM120A,0.23505,0.029790764209236043,,,,
FAM136A,,,0.49,0.014699068183555828,,
FAM160A1,-1.2083,0.002811951135262785,0.3065,0.023052876265878455,,
FAM160B1,0.2635,0.048696772737158917,-0.24398360000000002,0.027184998788550917,,
FAM192A,-0.4421499999999999,0.049251925856715964,,,,
FAM208A,,,-0.2372,0.0030620610106393124,,
FAM210A,,,0.2175,0.00848890279387042,,
FAM221A,-1.1383,0.03170660943616267,,,,
FAM83F,-0.6949000000000001,0.03703011377360326,,,,
FANCI,-0.6417499999999999,0.017766494107928722,,,,
FAP,,,-0.5069999999999999,0.001931710111133838,,
FAS,,,0.622,0.0105292545927765,,
FASTKD1,-0.6339,0.03422327069641117,,,,
FASTKD2,-0.4794999999999999,0.004252487963933826,,,,
FBLN5,1.7506,0.0247584485698374,,,,
FBXO11,,,-0.1187,0.013038299243768285,,
FBXO4,0.6221,0.02512783226334431,,,,
FCHSD2,,,-0.2466,0.028259179451385976,,
FECH,-0.59735,0.024020712538738973,,,,
FER,,,-0.22910000000000005,0.011130507368410956,,
FES,,,-0.2265,0.0325735122945174,,
FGD4,-0.5156000000000001,0.008922565607527314,,,,
FGFRL1,1.5052,0.03610424546094075,,,,
FIBP,-0.3227,0.040618123597782836,,,,
FKBP2,-0.30810000000000004,0.028756437844463762,,,,
FKBP4,-0.3912000000000001,0.048750448078538684,,,,
FKBP5,,,,,0.3751,0.04940617639881579
FMC1,-1.01545,0.0133470187917474,0.31861799999999996,0.029264074502478324,,
FN1,0.5883499999999999,0.011843277380304159,,,,
FNBP1L,,,,,0.17160000000000006,0.033083327868757416
FOCAD,0.2572,0.04169760920280331,,,,
FOXO1,,,-0.2155,0.033714274240082664,,
FOXO3,0.6509999999999999,0.004959336291988039,,,,
FRG1,-0.36,0.011045480872609077,,,,
FRMD6,0.84195,0.01776331094351265,,,,
FSD1L,-1.45395,0.005694679247062035,,,,
FTH1,-0.4991,0.025613028703200952,-0.02899999999999998,0.04858642007527258,,
FTL,-1.27005,0.01253475709920572,,,,
FYTTD1,0.71645,0.028475164672496837,,,,
G3BP2,-0.348,0.0342451043593168,,,0.26370000000000005,0.04030226781207651
GABARAPL2,-0.84565,0.015265948295064138,,,-0.273,0.049592014447406095
GADD45GIP1,-0.3634500000000001,0.005281865498944176,,,,
GALNT10,1.3169499999999998,0.03279871266397387,,,,
GART,,,,,0.23960000000000006,0.03951803239077343
GAS6,,,-0.5429999999999999,0.0012084146621957918,,
GATB,,,0.23150000000000004,0.04428892138209288,,
GATM,,,0.9024,0.0033622094428711045,,
GBE1,,,-0.3503,0.04731591363360989,,
GCDH,-0.6859500000000001,0.01554220278917035,,,,
GCSH,-0.638,0.0012699374354424515,,,,
GDAP2,-0.5769500000000001,0.04538979786030253,,,-0.15489999999999998,0.028003726961718732
GDI2,-0.22015,0.03572593831767653,,,,
GEM,,,-0.4285,0.0254785733498068,,
GEMIN7,-0.6501,0.022050517382894885,,,,
GFM2,-0.79085,0.005138038153740597,,,,
GGA1,-0.2912,0.039800589123733514,,,,
GGA2,-0.4377,0.016700016637013915,,,,
GGCT,,,0.4315000000000001,0.006077524871969555,,
GINS1,,,-0.24685,0.024264225071827007,,
GIT2,,,-0.2832000000000001,0.011449314169391387,,
GLRX2,-0.5194,0.030141236460880114,,,,
GLS,-0.73975,0.044005121792744295,,,,
GLUD1,-0.43815,0.00994180596313762,,,,
GLUD2,-1.3381999999999998,0.002742044549965988,,,,
GLYR1,,,,,-0.25745,0.016900849927322967
GNAI3,0.63705,0.042068045902874815,,,,
GNB1L,-0.36715,0.02208926087735825,,,,
GOLGA1,0.6897000000000001,0.005267196659973925,,,,
GOLIM4,0.80145,0.04345910631464255,,,,
GOSR2,0.4778,0.03965391896727883,,,,
GOT2,,,,,-0.3935,0.009635741333488568
GPATCH8,-0.17240000000000005,0.034385614697830885,,,,
GPC1,,,-0.5565,0.010444910919918244,,
GRPEL1,-0.76135,0.015302509863891159,0.5538,0.025599507568583896,,
GRSF1,-0.4805999999999999,0.014037137766342906,,,,
GSK3B,0.5879,0.008524289857570375,,,,
GSTA1,-1.6390500000000006,0.01655095769505093,,,,
GSTM1,-3.74005,0.02550709135764064,-1.1815000000000002,0.045891847883536285,,
GSTM4,-1.5808,0.008296207833415017,,,,
GSTT1,,,,,-1.04,0.014880862788054009
GTDC1,,,-0.2088,0.04678147602335641,,
GTF2H3,,,-0.2949,0.03762558110874807,,
GTF3C1,0.3213,0.022724330194583798,,,,
GTPBP10,-0.82565,0.009589384554425344,,,,
GTPBP3,-0.7064999999999999,0.0008333286877813881,,,,
GULP1,,,-0.3480000000000001,0.04194634350114258,,
GYG1,-0.38085,0.034902325267322884,,,,
HACE1,0.55455,0.015721896791721562,-0.3925,0.037604009081856696,,
HADHA,,,,,-0.14900000000000002,0.03339609220219776
HAGH,-0.6466,0.003382721956028007,,,,
HARS2,,,0.10295,0.014940694982347062,,
HBG1,,,,,-0.8055,0.049870492600797234
HCCS,,,0.3415,0.0023515797217587837,,
HCFC2,,,-0.1943,0.01933839352712381,,
HDAC7,,,,,0.4445,0.002300528943907497
HDLBP,,,-0.12564999999999998,0.04581262740626424,,
HEATR5A,0.5461,0.03779177777523419,,,,
HECTD1,0.32530000000000003,0.0440027598406327,,,,
HERC5,,,-0.16799999999999998,0.02519547084786893,,
HEXDC,-0.9282,0.03126417747631211,,,,
HIBADH,-0.7623,0.006886479933158289,,,,
HIBCH,-0.57125,0.030621457659734275,,,,
HIF1AN,0.3746,0.035772976668414835,,,,
HIKESHI,,,-0.19649999999999995,0.023303228022290453,0.49,0.04024480940820911
HLA-B,-1.36705,0.007689769545681914,,,,
HLA-DPA1,-1.00375,0.019455043147423925,,,,
HLA-DRB3,,,1.013,0.022149293527059424,,
HLA-DRB5,,,1.597,0.049997379937520806,,
HMCN1,0.7725499999999998,0.04832854663519172,,,,
HMG20B,-0.34575,0.035889564057164966,,,,
HMGCL,,,0.4935,0.012785277903572324,,
HMGN2,,,,,0.5045000000000001,0.03062926024761612
HMGN4,,,-0.4375000000000001,0.03936355169277578,,
HNRNPA1,,,,,0.389,0.02350802646827839
HNRNPAB,,,0.359,0.04306597105129988,,
HNRNPH2,,,,,-0.1417,0.03964699104781786
HNRNPUL1,-0.41745,0.045365785522156865,,,,
HOMER2,-0.705,0.03630776059433439,,,,
HOXC10,2.0642,0.011373430850550809,,,,
HPGD,-0.9744499999999992,0.01105537814786561,,,,
HPS4,0.5435,0.0335375848441842,,,,
HPS5,,,-0.2092,0.007914430121648922,,
HSCB,-0.5496,0.0071797037407774315,0.28809,0.034603733299106744,,
HSD17B10,-0.5685,0.00571664617863878,0.1558,0.04955683653320599,,
HSH2D,-1.7558,0.03378517921865536,,,,
HSPA12B,,,,,-0.057,0.04614027689878444
HSPA13,,,-0.18855,0.018510422601155083,,
HSPA1A,-0.64345,0.00451208038830235,,,,
HSPA9,-0.8220000000000001,0.010835753769720327,0.3281,0.04010962433658796,,
HSPBP1,,,,,0.2497,0.03036132014427825
HSPD1,-1.0407,0.00018490273587622004,,,,
HSPE1,-1.8929,4.857910259137483e-05,,,,
HSPE1-MOB4,-1.3057,1.1771067500890933e-06,,,,
HTATIP2,-1.14105,0.005431088031304139,,,,
HUWE1,,,0.11398,0.048446145712506924,,
IDH2,,,0.7699999999999999,0.004601091914535569,,
IDH3A,-1.0118,4.7603606461329104e-05,0.4116000000000001,0.00677744346882536,-0.12850000000000006,0.036229817601588166
IDH3B,-0.7713,0.002960372647392132,0.4612000000000001,0.006565577033582305,,
IDH3G,-0.4789,0.017230294687684018,0.24185,0.018824170024886736,-0.1711,0.04549879755664391
IDS,-1.01995,0.008564691764943814,,,,
IER3IP1,1.295,0.030965673170020643,,,,
IKBKAP,0.2968,0.03280020934111206,,,,
IL18,-0.48045,0.030719367912784533,,,,
IL1RN,,,1.1079999999999999,0.011995354199854423,,
ILK,,,-0.3725,0.02978778036713905,,
IMMT,-0.38125,0.006686668107446704,,,,
IMP3,-0.30910000000000004,0.04971825794212662,,,,
IMPA1,-0.4447,0.017665713681592792,,,,
IMPDH1,,,,,0.5821000000000001,0.03866473630040716
INIP,,,,,0.6459999999999999,0.04219175245676688
INO80,0.42885,0.03603818075446665,,,,
INPP5A,,,,,-0.3670000000000001,0.025251310232963738
INTS2,0.4122,0.005439467652147438,,,,
INTS7,0.11045000000000002,0.02093319464448756,,,,
IPO8,0.15974999999999995,0.04839076042097791,,,,
IRS2,-0.73735,0.0047174330577614545,,,,
ISCA1,-0.871,0.008265976277916394,,,,
ISOC2,,,,,-0.256,0.04491649918246848
ITGA11,,,-0.3225,0.035240899987608765,,
ITGA5,0.7068000000000001,0.04632298400422672,,,,
IVD,-0.6718500000000001,0.03688107174068251,,,,
JAK1,,,-0.2852,0.00750650457454543,,
JMJD6,-0.7786,0.03604642250422957,,,,
JTB,-0.8461500000000001,0.036066262994772516,,,,
KARS,-0.7582000000000001,0.039412410856053785,,,,
KAZN,,,0.6721999999999999,0.006060665817193426,,
KCTD12,,,-0.446,0.01928985821637491,,
KCTD3,,,-0.2353,0.04962517862091108,,
KDELC2,0.55605,0.048602955871168224,,,,
KDM5C,,,0.2491,0.014896802284575962,,
KHDRBS1,,,,,0.08199999999999999,0.04527767361550916
KHK,-1.08465,0.0393882655071123,,,,
KIAA0556,0.3491,0.014146314938518641,,,,
KIAA0753,0.9026,0.04156350567281145,,,,
KIAA0907,-0.25845,0.03985357056336932,,,,
KIAA1107,,,-0.1853,0.029358873059351857,,
KIAA1147,,,,,-0.42605,0.016448224271225508
KIAA1161,,,,,-0.455,0.007242337402673686
KIAA1210,-1.31745,0.022130204086736827,,,,
KIAA1217,,,0.3959999999999999,0.013318237998477629,,
KIAA1671,,,0.24156999999999998,0.0021160517795226572,,
KIAA1755,-0.62465,0.00823546319954213,,,,
KIF12,,,-0.845,0.008183527843344824,,
KIF21A,-0.57985,0.037698013326148055,,,,
KIF26B,0.45565,0.033295991250477754,,,,
KITLG,-1.3707,0.02962987306371963,,,,
KLC2,-0.8404499999999999,0.0041949167211143435,,,,
KLC4,0.3807,0.02035004443771674,,,,
KLHDC10,,,0.4291,0.014023434993432516,,
KLHDC4,,,-0.34,0.037121249512737736,,
KLHL22,,,-0.2966,0.020957163853773074,,
KRAS,,,,,0.11125000000000003,0.03900906523352095
KRT14,0.72305,0.022368294898506915,,,,
KRT15,0.8351,0.029169687930466887,1.1386,0.01977683165334664,,
KRT16,,,1.0975,0.04212838110360896,,
KRT17,0.7961,0.014728109288005187,,,,
KRT4,,,1.2755999999999998,0.015778193904305578,,
KRT7,,,1.2520000000000002,0.04917286938397975,,
KRT75,2.90475,0.0015122229297106324,,,,
KRT81,-1.8534000000000008,0.01868846837003248,,,,
L2HGDH,-0.8599,0.009319109604959344,,,,
LACC1,,,-0.275805,0.027099469586912086,,
LACTB2,-0.6709499999999999,0.01741256518839819,,,,
LAGE3,0.7484999999999999,0.01037495114502895,,,,
LAMA1,0.6953499999999999,0.02486512536740981,-0.7656499999999999,0.011819519379746995,,
LAMA2,,,-0.6265000000000001,0.04774666869296215,,
LAMB1,,,-0.4285,0.03610737592401387,,
LAMB3,0.71525,0.03057191505789743,,,,
LAMC1,,,-0.4685,0.007171756631782752,,
LAMC2,1.8163,0.007718140344159224,,,,
LAMC3,,,-0.4135,0.03739701090451452,,
LARP4B,-0.4849000000000001,0.014507775825749712,,,,
LARP6,-1.3658,0.01205216779527698,,,,
LARS2,-0.74555,0.002619065938186857,,,,
LCMT2,,,0.45,0.013248593421739641,,
LDHB,-1.93205,0.01472250327867459,,,,
LETMD1,-0.8220999999999999,0.025274171306168616,,,,
LGALS3,,,,,0.32365,0.0397903440289188
LGALS8,0.9103,0.0068477116513016075,,,,
LIMA1,1.40765,0.022389685858368445,,,,
LIMS1,,,-0.3310000000000001,0.018370106644477063,,
LITAF,,,0.7505,0.04668918101849937,,
LLGL2,-0.6994500000000001,0.009676407465539057,,,,
LNX1,-0.8101,0.048886911241126034,,,,
LONP1,-1.3246,0.00027485171315106804,,,,
LPIN1,-0.9407,0.030363233030631886,,,,
LPL,-0.6677,0.043455485780732515,,,,
LRRC1,,,,,-0.26,0.003932134003782699
LRRC14,,,,,-0.7637,0.02221299048321752
LRRC57,-0.4722500000000001,0.018649889335267518,,,,
LRRC8A,,,,,-0.3296,0.004375240140352341
LRRN3,-1.2503,0.0067803715333594975,,,,
LRSAM1,0.64455,0.005679062413373736,-0.091,0.04467367214016855,0.1957,0.02174681739776469
LSM12,-0.17884999999999998,0.04596646675165395,,,,
LSR,-0.7836499999999998,0.016863831104509782,,,,
LSS,,,,,0.4270000000000001,0.009287788226466644
LTV1,-0.50035,0.044371838698208925,,,,
LXN,,,-0.3342,0.02772486790340232,,
LY75-CD302,,,,,-0.23175,0.0431760123633312
LY86,-1.0094,0.04546239483014819,,,,
LYAR,-0.90485,0.013489799581741376,,,,
LYPLA2,,,0.15600000000000006,0.03819067329144611,,
LYRM2,,,0.3363,0.006127800840403571,,
LYRM4,-0.4349,0.038856922620358884,,,,
LYRM7,,,0.33235,0.012360866035031287,,
LYRM9,,,0.52785,0.001181044068202299,,
LYST,0.6759,0.02995785704217657,,,,
MACROD1,-0.9984,0.0005692181019632241,,,,
MAEA,0.37515,0.030583672120256717,,,,
MAFF,-0.61745,0.025349006257307374,,,,
MAGED4,,,-0.2895000000000001,0.03156472403425138,,
MAK,-0.96455,0.04044045970292773,,,,
MALSU1,-0.3317,0.033388814128291644,,,,
MAML2,,,0.3599,0.02211156947212554,,
MAOA,,,,,-0.24650000000000005,0.04217657013859552
MAP4,-2.03535,0.0012559726582518204,,,,
MAP4K5,,,-0.26080000000000003,0.0044516074869567785,,
MAP7D2,-1.081,0.004227901216276132,,,,
MAPKAPK2,,,-0.18499999999999994,0.014787563224237613,,
MAPKAPK5,0.3274,0.030406139197716512,,,,
MAPRE2,-0.7826000000000001,0.017487119934393468,-0.4124999999999999,0.04108483130679245,,
MARCH6,1.03155,0.02238826457146486,,,,
MARK1,,,-0.4841000000000001,0.031050903601406356,,
MARS2,-0.9333,0.001967050717098321,,,,
MAST2,,,-0.133,0.048051969476974585,,
MBLAC2,-0.527,0.019049154167828614,,,,
MCAT,-0.6253500000000001,0.01114440812015147,0.2291,0.002375384381506537,,
MCCC1,-0.8586,0.013947602027256506,,,,
MCF2L,,,,,-0.77825,0.011905723345852694
MCUR1,-0.29799999999999993,0.0303359112911622,,,,
MDH2,-1.12695,0.0072770937598694374,0.3541,0.018780816913186008,,
ME2,-1.1187,0.0018522364556668696,,,,
MECR,,,0.4035,0.003439207831245457,,
MED22,,,0.1577,0.03517372880608348,,
MED9,-0.27535,0.01624191167339139,,,,
MEF2D,,,-0.2105,0.0461870218623771,,
MELTF,,,-0.6209999999999999,0.0027227041853870267,,
METAP1D,-0.5098,0.04700017733595298,,,,
METAP2,,,,,0.2324,0.03520898956609703
METTL15,-0.38605,0.029504636030317367,,,,
METTL3,,,,,0.24140000000000006,0.03346421682940258
METTL8,-0.4407,0.004792304404361617,,,,
MEX3D,0.26065000000000005,0.031496847937563334,,,,
MFAP2,0.9611,0.018130038414338242,,,,
MFHAS1,,,-0.20425,0.0393630840092752,,
MFN2,-0.4351,0.01039158712550732,,,,
MGAT2,,,,,-0.2505,0.04040502506592071
MGME1,,,0.2605000000000001,0.004043135083080544,,
MIB1,,,,,-0.4455,0.03428459190121371
MID2,,,-0.3391,0.02686703206125249,,
MIEF1,-1.06215,0.01549293315054314,,,,
MIF,,,0.4225,0.007028496091956178,,
MITF,,,-0.402,0.02565274946433321,,
MLKL,-0.4493,0.034412130097560875,,,,
MLST8,,,,,-0.1221,0.025758405796120067
MMAA,-0.465,0.01356075699547664,,,,
MMP3,,,-0.5902,0.03509148998838495,,
MOB2,,,-0.264,0.02359964649478598,,
MPHOSPH10,-0.4743000000000001,0.033678742430056745,,,,
MPHOSPH8,,,-0.1416,0.00302304962245617,,
MPP1,-0.5850500000000001,0.02834653312175906,,,,
MPST,-0.6348,0.017379182709653558,,,,
MPV17,,,,,-0.3094,0.04428438538264177
MRC2,1.14675,0.04998338760823181,-0.492,0.019303103377076213,,
MRGBP,-0.62155,0.02760955798953978,,,,
MRM1,-0.539,0.029473905344265437,,,,
MRM2,-0.49665,0.017756276612050002,,,,
MRM3,-0.86465,0.005147483279784484,,,,
MRPL1,-0.8068,0.0014839143628205154,0.4689,0.016136268796805856,,
MRPL10,-0.6607,0.0090329884515269,0.2864,0.028447459013592687,,
MRPL11,-0.5163,0.007481743825678409,,,,
MRPL12,-1.1011,0.0007423124306295322,,,,
MRPL13,-0.73475,0.0006914757776887716,,,,
MRPL14,-0.4058,0.0420806083018619,,,,
MRPL15,-0.64165,0.013214126309068751,,,,
MRPL16,-0.61235,0.0024781916674999765,,,,
MRPL17,-0.9626,0.0004812592359631958,0.1865164,0.01915773163276434,,
MRPL18,-0.7389,0.0017003162518891002,0.3861,0.006510382783065654,,
MRPL19,-0.7507999999999999,0.0018933027414829,0.19412,0.04630645487037803,,
MRPL2,-0.4149,0.010227970164188829,0.2785,0.0326912158827391,,
MRPL20,-0.6762,0.0013961041898402648,,,,
MRPL22,-0.6534500000000001,0.0005317342450744979,,,,
MRPL24,-0.5566,0.0016737479825816649,0.19250000000000006,0.024668481021132976,,
MRPL27,-0.3366,0.01915845253897796,,,,
MRPL28,-0.6609,0.017770826449119623,,,,
MRPL3,-0.4872,0.008321609399858513,,,,
MRPL30,-0.4406,0.0021678774232547714,,,,
MRPL32,-0.41155,0.0004631692515753409,,,,
MRPL34,-0.8703,0.0006026650052052704,,,,
MRPL35,-1.3582500000000002,0.01192735376269513,,,,
MRPL37,-0.5185,0.0053461041531753005,,,,
MRPL38,-0.4818000000000001,0.002697042367996021,,,,
MRPL39,-0.47155,0.002909320904773768,,,,
MRPL40,-0.5079,0.0023095129594992124,,,,
MRPL41,-0.3658,0.006631797670079658,,,,
MRPL42,-0.66405,0.02667640852405971,,,,
MRPL43,-0.39075,0.012579524075410685,,,,
MRPL44,-0.6743,0.004215930195983127,,,,
MRPL45,-0.72315,0.0009130570232807947,,,,
MRPL46,-0.55365,0.0013448582164165346,,,,
MRPL47,-0.4175,0.01794552491398579,,,,
MRPL48,-0.64825,0.01840727517209633,0.3165,0.007019225897016275,,
MRPL49,-0.4151,0.03872957471145005,,,,
MRPL51,-0.4165,0.04657252216654623,,,,
MRPL52,-0.49365,0.009429055942294434,,,,
MRPL53,-0.40135,0.0016051398093998922,,,,
MRPL54,-0.5882000000000001,0.004067775432163686,,,,
MRPL58,-0.6381000000000001,0.019174325496244468,,,,
MRPL9,-0.73775,0.002233145531298837,,,,
MRPS10,-0.7462,0.040604101751597454,0.3078,0.03929693822194436,,
MRPS11,,,0.3567,0.006711217057755636,,
MRPS12,-0.7859999999999999,0.037613754629691236,0.3193,0.008011143679960173,,
MRPS15,-0.5758,0.014646849784845444,0.3161,0.01701267640879916,,
MRPS16,-0.7834,0.01823246365100075,0.39378,0.012729778734654106,,
MRPS17,,,0.3789,0.006014637052587423,,
MRPS18A,-0.59805,0.006935775654496972,,,,
MRPS18B,-0.6473000000000001,0.025389357333706813,0.3012,0.04698184474923015,,
MRPS2,-0.56515,0.04440601983242843,0.203,0.01812156228717884,,
MRPS21,,,0.2175,0.02025900187512176,,
MRPS22,-0.825,0.0059563497717947155,,,,
MRPS23,-0.8403,0.025096547258854542,,,,
MRPS25,-0.87985,0.0030376861357098704,,,,
MRPS26,-0.6479,0.00531753902018176,0.3008,0.009685540323500923,,
MRPS28,-0.7557500000000001,0.002141902950391911,,,,
MRPS31,-0.66585,0.01869922127421012,0.2828,0.004816025015198804,,
MRPS33,,,0.2905,0.01044305860836333,,
MRPS34,,,0.3425,0.006376414236570972,,
MRPS35,-0.62455,0.022719306209164517,0.3415,0.006581758912220786,,
MRPS36,-0.5812999999999999,0.02971452809910515,,,,
MRPS5,-0.5436,0.02153558677295001,0.1395,0.033180546951963215,,
MRPS6,-1.0763,0.0001877187130670321,,,,
MRPS7,-0.72595,0.0010041223882945774,,,,
MRPS9,-0.7591,0.012393355587043806,0.2232,0.045738013247471794,,
MRRF,,,0.4682000000000001,0.015768762392579582,,
MRVI1,,,-0.418,0.026463718478042974,,
MSI1,,,0.5760000000000001,0.04405767295256943,,
MST1,,,-0.4340000000000001,0.04779009476869514,,
MSTO1,,,-0.17565,0.015474143420416588,,
MSX2,1.4407,0.014110149997486969,,,,
MTA2,,,,,0.1985,0.02306572457397666
MTA3,0.7010000000000001,0.03497291397358186,,,,
MTERF3,-1.0715,0.006000851174128785,,,,
MTFMT,,,,,-0.27990000000000004,0.02613019027142486
MTFR1L,,,0.2619,0.022125470170353958,,
MTIF2,-0.38095,0.0015105541601924378,,,,
MTMR10,,,-0.324,0.007900313808492876,,
MTMR9,,,-0.1054,0.017498348256276018,,
MTRF1,,,0.3819,0.02087767053188664,,
MTRF1L,-1.08785,0.03608455623730147,,,,
MTRR,0.2701,0.01640720022375314,,,,
MTUS1,1.2567,0.02656608086928675,,,,
MTX2,,,0.2175,0.01771848385748561,,
MTX3,,,0.0329,0.026304368500147144,,
MUC5AC,2.0904000000000003,0.04862588695994848,,,,
MYCBP2,,,,,-0.2204,0.011601695286345286
MYDGF,-0.733,0.037585143103992684,,,,
MYH10,,,-0.4099,0.026805086872463416,,
MYH14,,,0.18049999999999994,0.03962026791861867,,
MYL4,-0.59605,0.017592613577256597,,,,
MYO15A,0.895,0.04203949978039871,,,,
MYO19,,,0.4009,0.02884790438867808,,
MYO5B,,,0.3255,0.02260184912036772,,
N4BP2L1,-0.6676,0.008834445894993711,,,,
NAAA,-0.43945,0.0185817847088125,,,,
NAB1,-0.4783500000000001,0.04859971441847327,,,,
NAPB,-0.5635500000000002,0.027544958592811343,,,,
NAPG,-0.53055,0.045877614511276935,,,,
NARF,-1.0681,0.03768511533928032,,,,
NARS2,-0.51055,0.03606801298069517,,,,
NAT1,2.3277,0.026152654283837225,,,,
NAT14,1.08365,0.024552987151982203,,,,
NBAS,0.66925,0.04132258705974639,,,,
NCBP2-AS2,,,0.3300000000000001,0.016598679935877686,,
NCCRP1,,,1.509,0.010136089796232643,,
NDRG2,-0.6025499999999999,0.04831659351213916,,,,
NDUFA4,-0.4777,0.03724748202400582,,,,
NDUFA6,-0.05095,0.026661990220397336,,,,
NDUFA7,-0.39235,0.04293307933881812,,,,
NDUFAB1,,,0.1084,0.04490385718211327,,
NDUFAF1,-0.8933,0.001974129190056906,,,0.31405,0.028727687269400462
NDUFAF2,-0.35340000000000005,0.00787501307980793,,,,
NDUFAF7,-0.6516500000000001,0.03678037972098006,,,,
NDUFAF8,-0.4129,0.012817023048632768,0.2115,0.03467246945713394,,
NDUFC1,-0.248,0.047423552186960864,,,,
NDUFC2,-0.5475,0.04096864191766599,,,,
NDUFS1,-0.4059,0.0201630455596724,,,,
NDUFV3,-0.5119,0.04666793719580741,,,,
NECAP2,,,,,0.1187,0.02554259647758127
NECTIN1,0.8449,0.03206895249915165,,,,
NEK4,,,-0.4021,0.03477592695859903,,
NEO1,,,-0.30700000000000005,0.04317845280947852,,
NFIA,0.91705,0.0332595724461923,,,,
NFIX,-0.96745,0.03584160048478874,,,,
NFU1,-0.60925,0.009436146973164522,,,,
NGRN,-0.9673,0.004553068013797522,,,,
NID1,,,-0.3925,0.0321443181722895,,
NIF3L1,-0.27815,0.04443724398968528,,,,
NIP7,-0.80765,0.026611128232599212,,,,
NIPSNAP1,,,0.1615,0.010599142103528313,,
NKRF,,,,,-0.32085,0.03430620310058008
NOA1,-0.8625,0.0051909048913390465,,,,
NOB1,-0.8607499999999999,0.026850676787542292,,,,
NOC3L,,,,,0.14500000000000002,0.041790734214976186
NOCT,-0.7609000000000001,0.031455843199248795,,,,
NOL6,,,,,-0.1856,0.032009687505056166
NOL7,-0.57155,0.012051121427777471,,,,
NOLC1,,,,,0.3990000000000001,0.011433860218144095
NOP2,-0.6142499999999999,0.040478061446293435,,,,
NOTCH2,,,-0.27699999999999997,0.014132106313369034,,
NOXA1,1.2908,0.03810671080177401,,,,
NRDE2,0.5709,0.02958736217681488,,,,
NRIP1,-1.0383,0.03024464437322567,,,,
NRK,0.88825,0.044262048297828614,,,,
NSMCE2,,,0.2536,0.019662059133423556,,
NSUN4,-0.5756,0.01020365095155972,,,,
NT5C3A,,,,,-0.1838,0.0187023866492132
NT5C3B,,,,,-0.4376,0.048654842263010464
NT5DC3,-0.79315,0.006487285093063047,,,,
NTN4,2.70755,0.014034958490848922,,,,
NUBP1,,,0.16199999999999995,0.03831481028690482,0.2172,0.04130105771768838
NUCB1,,,0.261,0.01988664141388359,,
NUDT19,-0.76885,0.033299676526705874,,,,
NUDT5,-0.7017,0.016715051815846222,,,,
NUDT8,-1.0856,0.028288045040343227,,,,
NUMBL,,,-0.3325,0.007008369871407293,,
NUP107,,,,,-0.1551,0.03770612307615495
OCIAD1,-0.18620000000000006,0.007140834914989945,,,,
OCIAD2,,,0.12650000000000006,0.04905713969770844,,
ODF2,0.5462999999999999,0.023526101271509097,,,,
OGDH,-0.53595,0.03468358877616053,,,,
OLFML2A,,,-0.4330000000000001,0.03809819034675397,,
OSBPL3,-0.74035,0.04762978601862061,,,,
OSGEPL1,-0.6602,0.011494122117401286,,,,
OTUD5,-0.5952500000000001,0.009977541110318523,,,,
OXNAD1,-0.6424,0.00591822175733729,0.3405,0.014304706699415278,,
OXSM,-0.9021,7.149190232065306e-05,,,-0.2024,0.004574553167806107
P3H1,1.0759999999999998,0.04349566793603661,,,,
PABPC1,,,-0.129005,0.038963019934574426,,
PABPC1L,,,-0.7996500000000001,0.007507987398034023,,
PADI2,,,1.044,0.012863589703302623,,
PAFAH2,1.0464,0.003968942474343671,,,,
PAPD5,-0.4749000000000001,0.04265916462254999,,,,
PARN,,,0.1193,0.013630088584309329,,
PARP12,,,-0.1538,0.03842288765946573,,
PARS2,-0.7161,0.00195361670440398,0.272,0.013356010385334969,,
PARVB,-0.7498,0.019315249531538674,-0.29849999999999993,0.0438797141771798,,
PATJ,-0.412,0.03954213268355145,,,,
PC,-0.7418,0.009276729063779932,,,,
PCBP2,,,,,0.20210000000000006,0.03736173476162191
PCCA,,,0.34700000000000003,0.01719373334207126,,
PCK2,-1.0505,0.003063010884181848,,,,
PCMT1,-0.68,0.003322218927648801,,,,
PCNT,,,-0.17160000000000006,0.009251581070583109,,
PCSK1,-1.31635,0.04441700392131949,-0.45795,,,
PCYT2,-0.87235,0.030000457372657108,,,,
PDCD2L,-0.53495,0.030839625093535925,,,,
PDCD4,0.7141,0.02802347122197766,,,,
PDE2A,,,-0.339,0.022399928352302718,,
PDF,-0.6663,0.021492529442206296,,,,
PDGFC,,,0.3085,0.014453026522573294,,
PDGFRA,,,-0.3260000000000001,0.04453005212290317,,
PDGFRL,,,-0.4545,0.04921191073108749,,
PDHA1,-0.4532,0.03988753105281915,0.214455,0.02441810194726501,,
PDHB,-0.23685,0.03126725317538727,0.13402,0.03862190591702984,,
PDHX,-0.8229500000000001,0.001343417742482959,,,,
PDIA3,-0.514,0.024882386256429044,,,,
PDPR,-0.7515000000000001,0.016310260839416422,,,,
PDXP,-0.2868,0.02995991998845039,,,,
PELO,,,-0.198,0.02379308703855236,,
PER1,1.3409,0.04738077812920319,,,,
PET117,-0.9847,0.02988326984407445,0.374,0.009157439955958585,,
PEX19,0.7667999999999999,0.0013017958982434942,,,,
PFN2,-1.3366,0.024025299691910588,,,,
PGAM5,-0.9604,0.000886690008858098,0.1905,0.010956827850701208,,
PGM2L1,0.9746,0.029517429094906913,,,,
PGRMC1,,,,,-0.3711,0.02231357283444249
PGS1,-0.3599,0.02937424658197109,,,,
PHB,-0.4627,0.007053737383517092,0.21689000000000005,0.042719798532171394,,
PHF14,,,0.1031,0.03329103801314323,,
PHF21B,-1.03955,0.02494402475093458,,,,
PHF5A,,,,,0.204,0.005672808606432661
PHGDH,,,0.5912,0.022691559312852518,,
PHYH,-1.0009,0.02182045642278889,,,,
PHYHD1,,,-0.392,0.011959623916912444,,
PIAS2,,,0.2702,0.02095694483999441,,
PIGR,2.1049,0.00929235352462563,,,,
PIK3C3,,,-0.12520000000000006,0.01228664023513881,,
PIK3CA,,,-0.2945,0.0035316557102693367,,
PIKFYVE,,,-0.1545,0.030781726235262,,
PIR,,,0.2824,0.00804039942504748,,
PITPNA,-0.1999,0.040792913651959466,,,,
PITRM1,-0.8317000000000001,0.013107600806549337,,,,
PKIG,,,-0.486,0.03781490521267294,,
PLAC9,,,,,0.5707,0.028970523579135026
PLCL1,-0.5532,0.03945192661271061,,,,
PLCL2,,,-0.4692,0.011184450228280685,,
PLD3,-0.5413,0.03839152311832399,,,,
PLEKHG4,-1.5818,0.02482949876260088,,,,
PLEKHJ1,,,,,0.30255,0.042238591898800616
PLEKHM2,,,-0.1336,0.037699603890443724,,
PMPCB,-0.43535,0.014402013648838648,,,,
PNKD,-1.15885,0.02725417269916642,,,,
PNMA1,-1.2193,0.008959458988444875,,,,
PNMA2,-1.0829,0.012031909798163288,,,,
PNO1,-0.42785,0.02052683388530617,,,,
PNPT1,-0.7491500000000001,0.00045217437678328096,,,,
POLB,-0.5578500000000001,0.04704514653248674,,,,
POLDIP3,,,0.2097,0.02065157790054533,,
POLE3,,,,,0.2796,0.005633802536082675
POLL,-0.5474000000000001,0.029663276557537307,,,,
POLR2J,-0.8451500000000001,0.017165179527094752,,,,
POLR3H,-0.43055,0.011798362392152088,,,,
POLRMT,-0.5347999999999999,0.012100646164668941,,,,
PPA1,-0.59075,0.03201677992860664,,,,
PPAT,-0.6373500000000001,0.004183713117786713,,,,
PPDPF,-1.00515,0.005047055092366103,-0.57915,0.04048389341210416,,
PPIF,-0.9128,0.018785918934309292,,,,
PPIL2,,,,,0.14400000000000002,0.030842974515063955
PPP1R13L,0.6244,0.013199882182411094,,,,
PPP1R21,,,-0.2637,0.0025465713015544057,,
PPP1R3D,-1.2002000000000002,0.03302728269233768,,,,
PPP1R9B,,,-0.2112,0.04493766076186943,,
PPP2R2D,,,-0.2056,0.0032226305398533306,,
PPP3CB,,,-0.21520000000000009,0.04268227555176463,,
PPP3R1,,,-0.161,0.024198963896560118,,
PPT2,-0.63465,0.001095081168543932,,,,
PQBP1,-0.37135,0.012551871459963787,,,,
PRAMEF17,3.7674,0.036230983559067925,,,,
PRDX3,,,0.3286,0.019762807684124924,,
PRDX5,-0.7261,0.043662154767940116,,,,
PREX1,-0.8119,0.03541460530306672,,,,
PRKAR1B,-1.10955,0.021731908534069918,,,-1.012,0.0032317037423039755
PRNP,,,-0.5269999999999999,0.02742456305718694,,
PROCR,,,-0.3045,0.04803845131692297,,
PRRC2B,0.1868,0.010742943206602587,,,,
PRRX1,0.5218500000000001,0.018523179818993218,,,,
PRSS8,1.0316,0.0422404396842626,,,-0.536,0.016064970085858082
PRUNE1,,,-0.3822,0.041435689736776284,,
PSD,2.0233,0.029726425048610918,,,,
PSD2,3.0286,0.006587114258430619,,,,
PSMB6,,,0.26899999999999996,0.04195970124151197,,
PSMD12,-0.3561,0.030460458303548286,,,,
PSMD5,0.8855500000000001,0.03011975188361335,,,,
PSMD9,-0.46365,0.007464315732092374,,,,
PSPC1,-0.2872,0.047459449958018735,,,,
PSTPIP2,,,,,0.43799999999999994,0.04364119643822018
PTCD2,,,0.5349999999999999,0.028994643726230156,,
PTCD3,-0.45455,0.02682023724200322,0.099,0.04634660201134659,,
PTGES2,,,0.08024999999999999,0.04031329173872855,,
PTGR2,,,0.17399999999999996,0.0477735383564398,,
PTK7,1.1951,0.002424431770538197,,,,
PTP4A1,-0.8559,0.007199115119186111,,,,
PTPMT1,-0.7464500000000001,0.001953838160679793,,,,
PTPN12,,,,,-0.2077,0.049056937183710125
PTPN14,,,-0.22750000000000006,0.02367159164131887,,
PTPN23,,,-0.16699999999999998,0.03134703231562383,,
PTPN3,,,0.24999999999999994,0.01724389395240769,,
PUS1,-0.6665,8.538979696467201e-05,,,,
PUS10,-0.47885,0.04820166424074588,,,,
PYCR1,-0.76535,0.004445464818022697,,,,
PYGO2,0.5382,0.01557476341162948,,,,
QSOX2,,,,,-0.2465,0.002547709823312805
R3HCC1L,0.6528999999999999,0.0219159834786625,,,,
RAB20,0.98095,0.03936268624231827,,,,
RAB30,1.1201,0.013177657677561155,,,,
RAB3GAP2,0.3545,0.04839818066929739,,,,
RAB3IP,-0.7758999999999999,0.015210126353855768,,,,
RAB9A,,,,,-0.2345,0.04487396038081662
RABEPK,0.4783,0.047212400291043205,,,,
RABGGTB,,,,,0.2245,0.04137572189284395
RAD21,,,,,-0.1468,0.04412027805941022
RALGPS2,,,-0.58899,0.005383868554639134,,
RAN,-0.318,0.022937169377932536,,,,
RAP1A,,,,,-0.13949999999999996,0.04022512436281455
RAP2C,0.54725,0.035282051633536926,,,,
RAPGEF1,,,-0.1628,0.02321531157404088,,
RASA3,,,-0.185,0.021853969485989503,,
RASAL1,,,,,0.8785,0.0010773602094595485
RASSF7,-0.90155,0.02003371336818744,,,,
RBBP4,,,,,0.1782,0.024562943594335654
RBCK1,,,,,0.2291,0.0050973968209646866
RBM19,-0.34535000000000005,0.02063532051207495,,,,
RBM22,,,,,0.28200000000000003,0.04887137772321271
RBM8A,,,0.2475,0.032693412559243136,,
RBP7,-1.2996,0.02756099511577656,,,,
RBSN,,,-0.0995,0.02894777017915093,,
RCC2,,,0.2896,0.025397955919566808,,
RDH12,1.3321,0.005900273823846121,,,,
RDH13,,,0.14065,0.02956980350180325,,
RDH14,,,,,-0.1177,0.034021814822641126
RECK,,,-0.2725,0.046421421766585286,,
REEP6,0.8052,0.04698818807343779,,,,
RELL1,-0.68095,0.028388117677490724,,,,
RFT1,1.1740000000000002,0.01159427675545738,,,,
RFTN1,,,-0.5435000000000001,0.01631411434127419,,
RGN,-1.6357999999999997,0.006386119636971014,,,,
RIC8A,,,-0.2394,0.010713959565819144,,
RIC8B,-0.3305,0.011677302918671358,,,,
RIDA,,,0.4695,0.005077919072029407,,
RINT1,0.7056999999999999,0.008471436766975997,,,,
RIPK1,,,-0.16029000000000002,0.0010353100040515915,,
RIPK3,,,0.7153999999999999,0.008081252231090758,,
RIT1,,,-0.17550000000000004,0.033106782054558984,,
RMDN1,,,0.30400000000000005,0.048003566401500775,,
RNF10,-0.53905,0.031837569344775024,,,,
RNF113A,,,0.12022000000000001,0.004626533231831003,,
RNF114,,,,,0.268,0.027025711415538927
RNF13,,,-0.2996,0.02600233757841069,,
RNF185,0.77525,0.04500311943010148,,,,
RNF220,,,,,-0.53465,0.017696239529118026
RPF1,-0.5895,0.03152310658295136,,,,
RPL13,,,,,0.2345,0.04714007247017183
RPL13A,,,,,0.2045,0.04159546336666455
RPL29,-1.00665,0.005444620602465174,,,,
RPP14,-0.89585,0.015084491545535938,,,,
RPRD1A,-0.34455,0.04578141167342235,,,,
RPS18,-0.1942,0.020539747816863685,,,,
RPS23,,,-0.138825,0.024635531496369843,,
RPS6KA4,,,-0.4335000000000001,0.025852129495143244,,
RPS6KA5,0.6538,0.04057593217237165,,,,
RPUSD3,-0.93115,0.019093838065914755,,,,
RRP7A,-0.6864,0.002137602778070418,,,,
RSBN1L,-0.2062,0.04699451008959617,,,,
RSL24D1,-0.7355,0.016072576672164208,,,,
RUFY3,-0.3023,0.035942396578131745,,,,
RXRA,0.66635,0.0026569715931966014,,,,
RYR1,0.9704,0.03164800320082987,,,,
S100A11,0.059799999999999964,0.040291609117423965,,,,
S100A2,2.9277000000000006,0.0215081314445347,,,,
S100A6,-1.01025,0.011702562630090023,,,,
S100B,,,0.7944999999999999,0.043336092651283714,,
SACM1L,,,,,-0.1044,0.03079014384004898
SAMD9L,,,-0.3562000000000001,0.04534625334375102,,
SAP30BP,-0.3788,0.01989344763204693,,,,
SARS2,-0.78425,0.009172578834583408,,,,
SASH1,,,-0.12150000000000002,0.04616689552077114,,
SAT2,-0.7312500000000001,0.04913821947108076,,,,
SBF2,0.6948999999999999,0.02322852181022532,-0.16299999999999998,0.044963478791609536,,
SCAP,0.049600000000000005,0.047446442182450914,,,,
SCGN,,,,,-0.25,0.023303568724716263
SCO1,,,0.28600000000000003,0.0026167098277229354,,
SCPEP1,,,0.4410000000000001,0.0348861777947966,,
SCYL2,,,,,0.2073,0.00849025423845187
SDF2,0.03055,0.026896459031882904,,,,
SDF2L1,-1.0938,0.003142805431013263,,,,
SDHA,-0.26095,0.028462334898587426,,,,
SEC14L3,-5.5321,0.002059736190131625,,,,
SEC16A,1.2131999999999998,0.040386555161734033,,,,
SEC23A,0.5183500000000001,0.03386027771603448,,,,
SECISBP2,,,-0.17309999999999998,0.041816841497116466,,
SEMA4B,0.91325,0.035883123722780866,,,,
SEPHS1,-0.33919999999999995,0.037043320047314386,,,,
SEPT10,,,,,-0.274,0.010995247044768687
SEPT3,-1.1600499999999998,0.003495465794507607,,,,
SERBP1,,,0.1909,0.016940118995768406,,
SERPINB6,,,,,0.35650000000000004,0.025459013684829224
SETD6,,,-0.374,0.03371883178455005,,
SETX,,,-0.08185,0.047140435898186964,,
SEZ6L2,-0.8141499999999999,0.036724747062389866,,,,
SFN,0.7549,0.01891773060393855,,,,
SH2B1,-0.3052,0.049974375434490674,,,,
SH2D4A,1.3112,0.01199614243322645,0.35600000000000004,0.029418010047946558,,
SH3BGRL3,,,,,0.46399999999999997,0.01771733900519945
SH3BP2,-0.3367,0.02336364345164009,,,,
SH3D19,,,-0.29100000000000004,0.013434431049517758,,
SH3GLB2,0.6173,0.008594294366865445,,,,
SHANK2,-0.7844,0.019079386832637244,,,,
SHANK3,,,-0.2975,0.005392449075436927,,
SHC1,0.4378,0.021706470234883684,,,,
SHISA2,3.55305,0.013132890642500386,,,,
SHMT2,,,0.5329999999999999,0.015196581143512827,,
SIMC1,-0.9802,0.013390578688306324,,,,
SIPA1,,,-0.1565,0.04602482321270413,,
SIX4,-0.738,0.04933991850250751,,,,
SIX5,-0.5002,0.024068723986922176,,,,
SLC12A1,2.5044000000000004,0.03417517333232712,,,,
SLC12A9,,,,,-0.2237,0.02618975566333969
SLC25A10,-0.07024999999999999,0.044767135568500586,0.3335,0.029420374883791223,,
SLC25A13,,,0.591,0.014040366657723563,,
SLC25A15,-0.8261000000000001,0.010815444376883985,,,,
SLC25A18,-0.61395,0.04721241605348101,,,,
SLC25A22,-0.612,0.01871972188913573,0.2535,0.03441952304816622,,
SLC25A29,-0.63795,0.04866634606813057,,,,
SLC25A40,,,0.2636,0.04609406054012462,,
SLC44A4,,,,,-0.643,0.0043449792835452
SLIRP,-0.7871999999999999,0.007749799023120105,,,,
SLITRK1,2.6174,0.022287061384619892,,,,
SMAP2,-0.209,0.03725538048673062,,,,
SMARCA1,,,,,0.5315,0.037351018895614034
SMARCD3,,,-0.4775,0.04866565390935677,,
SMARCE1,,,,,0.19900000000000004,0.007456312037742175
SMCR8,-0.7180500000000001,0.013152799046593994,,,,
SMIM20,,,0.27680000000000005,0.014850494607984628,,
SMOC1,-1.3532000000000002,0.04311712995382922,-0.5785,0.028862281567726026,,
SMPD3,,,0.5505,0.028689961146629136,,
SMYD3,0.8687499999999999,0.01014337314086511,,,,
SMYD4,,,-0.11,0.047457948434592334,,
SNAP25,,,-0.4382,0.03818622900443296,,
SNAPC3,0.47415,0.035781145779939384,,,,
SNAPIN,,,,,0.12389999999999997,0.022756536906860608
SNRPC,,,0.21344000000000002,0.02281815438581256,,
SNRPD2,,,,,0.14800000000000002,0.04298531686614132
SNRPE,,,-0.513,0.04262599812343073,,
SNX11,-0.26245,0.038762276649152536,,,,
SNX17,,,-0.10749999999999997,0.014002541962010406,,
SNX3,,,-0.226,0.04233682912531867,,
SNX4,,,,,-0.13779999999999998,0.048647711740426834
SOAT1,,,,,-0.3854,0.0334854528636938
SORCS2,1.79025,0.019388277910932738,,,,
SOS1,,,-0.1811,0.02437031976191625,,
SP140L,0.7852,0.03264687996352417,,,,
SPARCL1,,,-0.569,0.025870600852104426,,
SPATA5,,,0.11455,0.037139712438978026,,
SPATS2,,,,,0.342,0.020442800531420804
SPEG,,,-0.6384999999999998,0.004947413537877897,,
SPG7,,,0.3401,0.04202007606583301,,
SPRYD4,-0.939,0.012306787901579562,,,,
SPTBN2,,,0.3750000000000001,0.03435756221003128,,
SPTLC3,0.8686500000000001,0.02921991010534856,,,,
SRA1,,,,,0.311,0.018020763071486808
SRSF3,-0.25005,0.03485523546708015,,,,
SRSF9,,,,,0.295,0.034757589245233284
SS18,-0.3215,0.032309280936919135,,,,
SS18L1,-0.8374,0.02427264473269189,,,,
SSNA1,1.16015,0.0007253827186476178,,,,
SSU72,-0.2914,0.049191511788596654,,,,
STARD10,,,0.4057,0.04914365425907093,,
STAT2,0.44685,0.03784767510124009,,,,
STEAP4,-0.8516999999999997,0.02686645763339257,-0.3513000000000001,0.02803728343856724,,
STK24,,,,,-0.18695,0.04546044313848591
STK26,0.57765,0.017960396855271333,,,,
STK38L,-0.21975,0.04242006031630584,,,,
STOML2,-0.4195499999999999,0.030291670732123258,0.2135,0.016918019179464533,,
STON1,,,-0.474,0.03400565527222707,,
STX11,-0.6977,0.04474539927978372,,,,
STX18,1.09525,0.04421609718734428,,,,
STX6,,,,,-0.2485,0.0441379046373203
SUCLA2,-0.53695,0.028701842341685626,,,,
SUCLG1,-0.40125,0.025765715195730017,,,,
SUDS3,-0.32799999999999996,0.04327213974265903,,,-0.03025,0.02242863941316125
SUFU,0.46055,0.03591964129829881,,,,
SULT1A4,,,0.341,0.04887472486676655,,
SUN2,0.75995,0.04382376559741677,,,,
SUOX,,,0.268,0.041080352458259015,,
SUPV3L1,-0.3938999999999999,0.016087134494261926,,,,
SURF4,0.72995,0.02570207140333295,,,,
SYDE1,,,-0.299,0.022089189912451856,,
SYN1,,,0.5065,0.04743300562310214,,
SYNC,,,,,0.562,0.008219566382993721
SYNE3,,,,,-0.2754,0.049128858536488525
SYNJ1,,,-0.2133,0.0056824608168988475,,
TAB2,,,-0.1835,0.020212844341196454,,
TAF9,-0.70045,0.0025889794064090977,,,,
TAMM41,-0.6705,0.007042691258942663,,,,
TARSL2,-0.5011,0.008040194367329657,,,,
TAT,-2.2991000000000006,0.01865960611013133,,,,
TATDN2,-0.4937,0.03596157803712479,,,,
TAX1BP1,-0.54535,0.016765148915522433,,,,
TBC1D20,0.23515,0.019497200563696648,,,,
TBC1D2B,,,-0.31799999999999995,0.01673225330703203,,
TBC1D5,0.2525000000000001,0.03858929207443501,,,,
TBCB,-0.5533,0.017631385259513518,,,,
TBL1X,0.6295,0.021816220164642703,,,,
TBL1XR1,0.54235,0.0035586786919107275,,,,
TBPL1,-0.8566,0.019003182063603758,,,,
TBRG4,-0.8912500000000001,0.007434144581319019,,,,
TCF3,,,0.32716,0.028216538070476086,,
TELO2,,,,,0.30760000000000004,0.04291353180530642
TERF2IP,-0.1872,0.041885561539906295,,,,
TFAM,-0.5837,0.0032469707064877555,0.4305,0.035448870036928905,,
TFAP4,-0.4191,0.033005637187777485,,,,
TFB1M,-0.97765,0.0013794525512759721,,,,
TFB2M,,,,,-0.43175,0.04604944050201944
TGFB3,1.43805,0.037251814741351696,,,,
TGFBI,,,-0.4865,0.023875629366853297,,
THNSL1,-1.30735,0.022319357663152725,,,,
THOC3,,,,,0.17350000000000004,0.035030116093179395
THOC5,,,0.1315,0.03319334175148025,,
THOC6,,,0.22150000000000006,0.04050187690293597,,
THOP1,-0.11205,0.048948696952987904,,,,
THY1,0.9036,0.03461514079945952,-0.4366,0.04306360158570688,,
TIFA,-1.3911,0.015246002641576988,,,,
TIMM10,-0.5272,0.003934839222269854,,,,
TIMM13,,,0.21600000000000005,0.025878739419403853,,
TIMM44,-0.9163,0.0023199536303192287,,,,
TIMM8A,-0.84675,0.020120545296429097,0.2108,0.0124254461247554,,
TIMM9,-0.6898,0.008848635435663563,,,,
TIPIN,-1.6285999999999998,0.030643190067568268,,,,
TLE4,,,-0.5810000000000001,0.036957132180016464,,
TLN1,,,-0.379,0.021018843284908915,,
TMA16,-0.33035,0.013765403347263718,,,,
TMEM106B,,,,,-0.2066,0.010024426874069356
TMEM11,,,0.1958,0.033214043921206714,,
TMEM119,,,-0.5555000000000001,0.033537599698575754,,
TMEM209,,,,,-0.20865,0.017578470142666794
TMEM59,,,-0.1891,0.03892256756399415,,
TMEM70,,,,,-0.494,0.029052788207363667
TMEM87A,,,,,0.2412,0.005324264594776011
TMLHE,,,0.9876,0.013048343435735231,,
TMOD1,,,,,-0.3590000000000001,0.0234364609317186
TNKS1BP1,0.7118000000000001,0.049704586487604036,,,0.1887,0.03973876391071166
TNS2,,,-0.2455,0.033534557996076984,,
TOMM20,,,0.3864,0.031993739976532154,,
TOMM22,-0.61115,0.00809405627996151,,,,
TOMM40,-0.5376500000000001,0.03365445168268489,,,,
TOR1B,1.0046,0.003156672184539277,,,,
TPD52,-0.94155,0.004753440626435262,,,,
TPP2,,,,,-0.2394,0.03778064212156935
TPRG1L,,,0.2064,0.026469717568277096,,
TRABD,-0.5925,0.04999810052240411,,,,
TRAF2,0.3247999999999999,0.04690644082187877,,,,
TRAF7,-0.3652,0.04280001190755472,,,,
TRAP1,-0.5209,0.03546262048503745,,,,
TRIAP1,,,0.4545,0.011190103139723524,,
TRIM14,,,-0.17464000000000002,0.01491116383348175,,
TRIM27,-0.7086499999999999,0.01303874133981449,,,,
TRIM36,-1.47765,0.003951232364775292,,,,
TRIT1,-0.49395,0.01633416708370963,0.2299,0.0133973470312895,,
TRMT5,-0.50605,0.0070332478330706145,,,,
TRUB2,-0.3422,0.021391041253993732,,,,
TSC1,0.66235,0.015092910066456487,,,,
TSEN54,-0.38775,0.037967202353107285,,,,
TST,-0.74975,0.02915147101117338,0.6735,0.02505454825030589,,
TTC12,0.6325999999999999,0.0074981421601802035,,,,
TTC19,,,0.393,0.0025304108986807625,,
TTC9,,,0.4200000000000001,0.038544863857529366,,
TTF2,-0.4222,0.00487521999355998,,,,
TUBGCP3,,,,,-0.08305,0.02533254144467184
TUFM,-0.6836,0.0003966736280799698,,,,
TUSC1,,,,,0.425,0.04943649367526679
TWISTNB,-0.22405000000000005,0.03568807997925043,0.109,0.047430455871649874,,
TXLNA,,,,,0.215,0.026932868459578017
TXNDC16,0.5653,0.046609660977094916,,,,
TXNIP,,,-0.403,0.03007001204699465,,
UBAC1,,,,,-0.23250000000000004,0.02709218372014328
UBAC2,0.6756500000000001,0.023051019173359732,,,,
UBAP2L,-0.7902,0.03522822657805925,,,,
UBE2E3,,,0.4258,0.03936997308618025,,
UBE2O,-0.2476,0.028163229331292037,,,,
UBE2Q1,,,-0.2243,0.03375908486829731,,
UBE2Q2,,,-0.16236,0.01496852695742959,,
UBE2W,,,-0.30289999999999995,0.01665822115316046,,
UBE4A,0.7853000000000001,1.8266498416082143e-05,,,,
UBR1,0.4391000000000001,0.021762896047481464,,,,
UBR2,,,,,-0.1873,0.0054523712042039455
UBR3,,,-0.05055,0.028944218123977638,,
UBXN2B,,,-0.2681,0.04168213196960485,,
UCHL1,-1.0663,0.003869361725622077,,,,
UFD1L,-0.24095,0.016229450140917936,,,,
UGDH,,,,,0.4096000000000001,0.0291821494115446
UGP2,-0.08660000000000001,0.04609470146303103,,,,
UNG,,,0.2855,0.009356718916198364,,
UQCC2,,,0.2665,0.016987099347905266,,
UQCRB,-0.73175,0.0055347305711603905,,,,
UQCRC2,-0.4591,0.03159464576717468,,,,
UQCRFS1,,,0.11450000000000002,0.049432981289557865,,
UQCRH,-0.6038,0.02438145790074906,,,,
URM1,0.71665,0.027548267772732428,,,,
USO1,-0.45495,0.04974875938961064,,,,
USP28,0.4542,0.04265240823511968,,,,
USP36,-0.2856,0.018045547048033232,,,,
USP4,0.62855,0.004471333618606863,,,,
USP48,,,,,0.264,0.018678645532861197
UTP15,-0.2198500000000001,0.03554713755478797,,,,
VAMP7,,,,,-0.3315,0.002091921869405164
VANGL1,,,,,0.7815,0.00970782670448742
VARS2,-0.2843,0.048017708821852766,,,,
VCAM1,-1.0962,0.045079632534083085,,,,
VCAN,1.4450000000000005,0.04467594772597151,-0.6930000000000001,0.04138158037528534,,
VDAC2,-0.52875,0.03227694084864954,,,,
VDAC3,-0.8914,0.032427966443465656,,,,
VWA8,-0.4501999999999999,0.023346622809983557,,,,
VWDE,2.85295,0.03831196580768645,,,,
WAC,-0.336,0.002775595541947636,,,,
WARS2,-0.71115,0.0017542445840844473,0.259,0.02046558123400034,,
WBP11,-0.2442,0.015913870363604296,,,,
WBSCR22,-0.4857,0.04805346966141882,,,,
WDR25,-2.1987,0.017867935811683458,,,,
WDR53,0.1226,0.044715234720308736,,,,
WDR60,0.5007,0.03279920165339398,,,,
WDR62,-1.50895,0.010041998506146795,,,,
WDR81,,,-0.1643,0.0035198806718953757,,
WDR89,,,,,0.494,0.04409784167714293
WEE1,-0.8859999999999999,0.006783185348488983,,,,
WIPF3,-1.6871,0.012287877104839752,,,,
WNT5A,1.7832500000000002,0.006788847734685261,,,,
XPA,-0.4268,0.023484509128334483,,,,
XRCC1,,,0.0631,0.038680449006075125,,
YAP1,0.7531000000000001,0.030472206793652774,,,,
YARS,-0.3082500000000001,0.033879291622052644,,,,
YBX1,,,,,0.31000000000000005,0.02312495028313537
YRDC,-0.4779000000000001,0.02108960544650273,,,,
ZBTB10,-1.24775,0.00342310726332746,,,,
ZBTB38,,,-0.6857,0.037929950308562416,,
ZC3H10,0.6232,0.006841022089649904,,,,
ZC3H7A,,,-0.07705,0.02300049505187298,,
ZC3HAV1,,,-0.01345,0.040844792979559695,,
ZCCHC17,-0.56275,0.020955751190947232,,,,
ZCCHC24,,,-0.23,0.04408835768229883,,
ZCCHC9,,,0.273,0.035275013088382316,,
ZDHHC5,-0.71165,0.03354216901746634,,,,
ZFAND1,-0.6034,0.005791441910550264,,,,
ZFP1,-2.2872,0.0063606065363014,,,,
ZFX,,,-0.102335,0.02576383471309393,,
ZHX2,,,,,0.22205,0.04097668547439864
ZNF148,0.31045,0.009923187893230451,,,,
ZNF226,-1.19415,0.017328326987301485,,,,
ZNF24,-0.4716,0.021201676903310245,,,,
ZNF331,,,-0.3359,0.013400667818773705,,
ZNF385A,0.9369999999999998,0.01901177155020759,,,,
ZNF629,-0.2097,0.0360925559171975,,,,
ZNF654,0.4929,0.04887153054502141,,,,
ZNF768,,,,,0.3755000000000001,0.030998851291269437
ZNHIT3,,,0.13895,0.029161189816158964,,
ZNRD1,,,0.30475,0.01749186803637922,,
ZW10,0.69,0.0025165893919579635,,,,
