,Comparison,Slope,R_squared,P_value
883,EGFR_proteomics,1.0,1.0,0.0
72,PSAT1_proteomics,1.0519314454216777,0.37126928319385555,4.973595244978055e-13
707,ANGPTL4_proteomics,0.74115151762074,0.35132924903714646,2.980158086576803e-12
52,PLA2G4A_proteomics,0.518085093336353,0.33891246307130196,8.850043244400512e-12
914,PFKP_proteomics,0.5377958551184056,0.31096845598169187,9.56282529768713e-11
561,FOXA1_proteomics,-0.5145150411523679,0.303924436511122,1.717435373936744e-10
55,CDK6_proteomics,0.41805945565905717,0.30314429866646775,1.8318707686012947e-10
413,ESR1_proteomics,-0.8546406511447163,0.2871345566231983,6.782657491107161e-10
396,SLC2A1_proteomics,0.7161338683616233,0.26998646873993887,2.674762761881749e-09
262,RAB9A_proteomics,0.27575333591211515,0.26791170662970437,3.151389489899657e-09
351,MMP12_proteomics,0.7839398364982868,0.266717235397402,3.462728511877276e-09
918,MAP4K4_proteomics,0.23749137318014743,0.2527596231475652,1.0305276923107735e-08
773,ANXA1_proteomics,0.41423352959883586,0.24456595756522692,1.9380547688948787e-08
496,ITGB4_proteomics,0.4292483220783936,0.2353444023235317,3.9164482182967905e-08
934,CETN3_proteomics,-0.322748701201246,0.23432958767066106,4.229732952360698e-08
47,MAPT_proteomics,-1.0372869200035477,0.23370683507660153,4.434067262422038e-08
394,CYP1B1_proteomics,0.5799586649701105,0.2323889108847889,4.8990816110855906e-08
525,ENO1_proteomics,0.34871625322250455,0.23054341865215508,5.6318870160538314e-08
941,RAD17_proteomics,-0.17579902048734689,0.22521371053776104,8.409457750859892e-08
92,ITGA6_proteomics,0.41815872541898325,0.22343882555499214,9.605408702942132e-08
40,ITGA5_proteomics,0.3530861442256325,0.22266037992308424,1.018138209043639e-07
762,TNFAIP3_proteomics,0.27072380488853137,0.21498715300559534,1.8026830818690424e-07
247,MSN_proteomics,0.20891991258819026,0.21265949462441064,2.141732059650012e-07
639,SERPINE1_proteomics,0.5744341196823132,0.23490139469422222,3.706792752255316e-07
860,PHGDH_proteomics,0.5486328967024486,0.1992959352510756,5.712290341246494e-07
862,PPP2R3A_proteomics,0.27534327822894183,0.19903802322075526,5.820667303693648e-07
378,PTGES3_proteomics,-0.1872671136556548,0.1985086422153603,6.049505214695398e-07
88,CEBPB_proteomics,0.3939206131746334,0.19794521883177166,6.302800700374505e-07
765,ICAM1_proteomics,0.43457839933647496,0.19778303388037724,6.377631184562352e-07
56,GRB10_proteomics,0.3030855927013236,0.19246031837621574,9.384250677675603e-07
16,CSPG4_proteomics,0.36574532335421045,0.19209567025651297,9.63511910425138e-07
923,HK3_proteomics,0.4534274695968707,0.18987153643289462,1.1314813956144632e-06
607,TEAD3_proteomics,0.21693104936166574,0.18573828388939448,1.5237759625744226e-06
219,COL4A2_proteomics,0.27618185939570344,0.18571186232467535,1.5266720105517651e-06
398,JUN_proteomics,0.23298222038875543,0.18376570394111486,1.755599355952217e-06
586,MKNK1_proteomics,0.1821012067282402,0.18221293776162073,1.96224950045011e-06
79,MYH10_proteomics,-0.6721368641582173,0.22780630699724908,1.9704514353621868e-06
455,DAPK3_proteomics,0.26790260760682333,0.17978735609629976,2.333989581243527e-06
333,MAP3K6_proteomics,0.23510658810155105,0.1791974505434722,2.434419562547256e-06
422,LAMB1_proteomics,0.28363905490639946,0.17890903621518184,2.485060716049357e-06
714,RRAS2_proteomics,0.34605613619614023,0.17671300495890493,2.906271887903356e-06
504,PLD1_proteomics,0.2834012997925765,0.20401233794561785,3.037293188876632e-06
356,TLN1_proteomics,0.17931799905179846,0.1748990339615463,3.306700509625909e-06
748,LIMK1_proteomics,0.16492137804262477,0.1734713993421014,3.6596933133921814e-06
725,ARHGAP35_proteomics,-0.26940561928336554,0.173263195629182,3.7141869102140695e-06
374,ACTB_proteomics,0.24316554788747888,0.17218443245294934,4.00960988632869e-06
512,SLC2A3_proteomics,0.44970528808629157,0.17973711716474253,4.353018091118916e-06
531,VAV3_proteomics,-0.28225257666638526,0.170759435221553,4.435633942163043e-06
30,TCF7L2_proteomics,0.29920137446595824,0.1701428653503232,4.63352811190117e-06
858,FLNA_proteomics,0.329695160541485,0.16954893728546863,4.832382070969675e-06
3,FOXC1_proteomics,0.394781978996741,0.19107184666278038,4.867852460172141e-06
259,ITGB1_proteomics,0.2355536320176666,0.16853477625779628,5.191577130361862e-06
891,MMP1_proteomics,0.6114847740269358,0.16789968038797673,5.4297970779389745e-06
325,YES1_proteomics,0.2984679645965227,0.16741101591902768,5.6204039081526165e-06
760,RHEB_proteomics,0.2022317627624103,0.16549983518219483,6.431378388896902e-06
41,JUNB_proteomics,0.22396859710228892,0.16261139744814856,7.880881966273217e-06
568,HCK_proteomics,0.2582074414478487,0.16186870216181787,8.302971892232976e-06
416,IL6ST_proteomics,-0.44514503848326475,0.15909738007908553,1.0084342279650004e-05
175,PLOD2_proteomics,0.5314474165600322,0.1587973831910645,1.0298469559588232e-05
199,ACTR2_proteomics,0.14813532492807258,0.15734691165260992,1.1398754427312124e-05
60,LAMB3_proteomics,0.4437241994076809,0.15551278581008418,1.2957484114665691e-05
520,NPC1_proteomics,0.31039019025817494,0.15362397722781077,1.4782533693355072e-05
442,VIM_proteomics,0.2874415993919599,0.15268404947876124,1.5783085541467113e-05
708,CDH13_proteomics,0.3580789297792582,0.15262634624942506,1.584664387369339e-05
888,MRAS_proteomics,0.35335801177714526,0.1766765481496425,1.6398285899592837e-05
861,ERBB3_proteomics,-0.23559766865350493,0.1517158216524747,1.688367218879782e-05
354,ITGAM_proteomics,0.3291631156153093,0.1508074069338845,1.7985024520135483e-05
930,LAMC2_proteomics,0.5730727967943746,0.14988697150226726,1.9173276943981963e-05
358,VASP_proteomics,0.15829323606480822,0.14921327650489016,2.009182248006771e-05
588,GPI_proteomics,0.24143009633093968,0.1488014292957752,2.0674619522972526e-05
515,TSC22D3_proteomics,-0.41625900489859274,0.14801443482719812,2.183510006835963e-05
599,SRGN_proteomics,0.39343991186823374,0.15813187054535807,2.221591678480072e-05
44,CES2_proteomics,0.3253614183892104,0.14769864692107326,2.2318634871878683e-05
42,TGFB2_proteomics,0.4725678514760622,0.14671509724611095,2.3893439863976734e-05
696,FCGR2A_proteomics,0.21364767181972769,0.14517920410902227,2.6574784069572936e-05
45,SKP1_proteomics,-0.11997932423295365,0.144680372138665,2.7508002614056573e-05
671,PPP2R5A_proteomics,-0.24860404066974856,0.14458775553121916,2.76848000841758e-05
539,ITGB6_proteomics,0.5421160362944725,0.14358615599165933,2.9669977544064518e-05
147,APOC3_proteomics,0.4446315920025808,0.14134869798052996,3.462690236696062e-05
19,LBR_proteomics,0.32176099770891975,0.13780950243453458,4.418738115985912e-05
68,PLCB3_proteomics,0.16558980765004933,0.1378058267209066,4.4198555559862945e-05
142,SOS1_proteomics,0.10393327395292147,0.13620512172630214,4.9340045411250334e-05
242,F2_proteomics,0.31152662975881495,0.13605826244524913,4.984036855428911e-05
114,CFL2_proteomics,0.2603674088961732,0.13599717854645793,5.004994437920784e-05
523,ROCK2_proteomics,0.1668269118099411,0.13592517796513223,5.029809373463272e-05
191,ITGAV_proteomics,0.2746637343200219,0.13578191599736286,5.0795468338116156e-05
388,ALDOC_proteomics,0.2566570566109651,0.13530599002042443,5.248294734298886e-05
570,RAB11B_proteomics,0.18894779023442862,0.133999805507574,5.740436139660464e-05
457,ZYX_proteomics,0.212367490898983,0.13144490012893825,6.838697250147662e-05
355,NBN_proteomics,-0.13447361735373223,0.1314139569978717,6.853197989296184e-05
937,EML4_proteomics,0.17017155453846627,0.1312416166423059,6.934519170588273e-05
908,SLC5A6_proteomics,0.34347023303181135,0.130770456209944,7.161746212340035e-05
815,KTN1_proteomics,-0.242165517914982,0.1302185990547994,7.437269128307709e-05
10,SLC39A6_proteomics,-0.4333871630222245,0.1297932576848074,7.656758566851832e-05
514,MET_proteomics,0.7368077872863662,0.20345844117779893,7.889146850149117e-05
942,MAPKAPK2_proteomics,-0.1627143991156126,0.12826921262067503,8.497131950989816e-05
384,RAD50_proteomics,-0.15131769321111857,0.12793014123698038,8.696164699795929e-05
647,PRKCA_proteomics,0.24508800712742984,0.1273888666434395,9.0234890979458e-05
32,SFRP1_proteomics,0.5694708703347715,0.12705373570696915,9.232232101527709e-05
70,MYL9_proteomics,0.3145800243681488,0.12687473717164022,9.345675125386543e-05
183,GSN_proteomics,0.20774191678889137,0.12687037200485046,9.34845877445137e-05
277,PDK1_proteomics,0.29533746631686575,0.1268148809202269,9.383916796648574e-05
69,BCL2L11_proteomics,-0.24229477085919696,0.1445210628110649,9.566637546137753e-05
153,PARVB_proteomics,0.2652470671345783,0.12606203821946219,9.878328743446035e-05
420,ARPC5_proteomics,0.16018391448927985,0.1252730350679769,0.00010424159448105325
248,VAV2_proteomics,-0.1959646012694912,0.12505947525792926,0.00010576963481408533
506,ILK_proteomics,0.22384073407579047,0.12347229666485508,0.00011784233486000453
601,VDR_proteomics,0.21307320059134274,0.16814212780359714,0.00011819686258283282
122,LAMC1_proteomics,0.2757027381178637,0.12288276030986922,0.00012266580258014472
631,FKBP5_proteomics,0.37582580339355176,0.1224328981507356,0.00012647748343063567
847,EIF4B_proteomics,-0.15471111471704374,0.12232691695445241,0.00012739239071323484
654,DAPK1_proteomics,0.15473666995484897,0.1221156177961841,0.0001292360768483468
6,SP1_proteomics,-0.12554828897648462,0.1219664555702152,0.00013055346950012673
562,PGM1_proteomics,0.17808884844426104,0.121450226064193,0.00013521623821976137
803,YAP1_proteomics,0.18712849443947377,0.12139066117670724,0.0001357647473558493
65,RPS6KA5_proteomics,-0.259260895370181,0.12074742639583481,0.0001418302145450363
206,PLCG1_proteomics,0.170999424219574,0.12074653241967134,0.00014183882836917702
656,LAMA4_proteomics,0.28358064327983523,0.12050614778568072,0.00014417392807168904
555,TJP1_proteomics,0.25410973935756304,0.12018668118924282,0.00014733623280794412
466,RPS6KA3_proteomics,0.21523474633775452,0.11962767580551878,0.0001530357463138053
511,CPEB4_proteomics,-0.16745718895727685,0.11936815771665614,0.00015575542705019825
261,BAD_proteomics,-0.3104728945350496,0.11932250768983683,0.00015623875291837096
97,ACTG1_proteomics,0.1300125477776281,0.11852192927062784,0.00016496050323159514
691,PPP1R14C_proteomics,0.9511699431890882,0.13637406746118705,0.00018253156135501482
43,IFNGR1_proteomics,0.26259265519014435,0.11663230835109009,0.00018750554262871716
767,PKM_proteomics,0.15878143608093234,0.11663073800261232,0.0001875254930392541
99,CTSB_proteomics,0.22139562154330603,0.11631366508569244,0.00019159710819693953
915,MMP9_proteomics,0.46541124559722824,0.11600294511250464,0.00019567207668337642
405,MOS_proteomics,0.6878021243990932,0.19298532894954173,0.0001999029084205264
349,PRKAB2_proteomics,0.2290313409126413,0.11512527479352622,0.00020765198515040482
64,THBS3_proteomics,0.3422053460587178,0.11433048823099541,0.00021912604627389201
389,RALBP1_proteomics,-0.1542502552136618,0.11405224020426458,0.00022328970556815416
864,GNB4_proteomics,0.1464895960403387,0.11373573937403607,0.0002281211431378192
713,RAB5A_proteomics,0.169100455079089,0.11211661134294257,0.0002545057534130963
876,CCND1_proteomics,-0.34125628852661555,0.1115666348856623,0.0002641390142460659
718,TRAF2_proteomics,-0.15176611951291882,0.11101143575875407,0.0002742302829004687
645,FLNC_proteomics,0.3274867731138674,0.1109920276083686,0.00027458987368768296
343,PIK3AP1_proteomics,0.2288664611135899,0.11094151220324701,0.0002755280073624639
436,PSPH_proteomics,0.22704495586990667,0.11001050204861736,0.0002933981979568307
719,KIT_proteomics,0.2859755792742638,0.10978924414058784,0.0002978113563163174
816,GSTM3_proteomics,-0.5401941286394909,0.10942673759404045,0.00030518451147600707
851,C5_proteomics,0.29389720578313794,0.10908685229466329,0.0003122618614152514
733,HMOX1_proteomics,0.25936991223132494,0.10869997005835122,0.0003205160491295098
921,SAV1_proteomics,0.13803388908216416,0.10864327657455317,0.000321743652255759
429,PFKFB4_proteomics,0.20770353579982284,0.10786889479578166,0.00033898591274685697
410,SHMT2_proteomics,0.2638653471877057,0.10761232212357015,0.0003448984248566994
806,CTGF_proteomics,0.35617757393463445,0.1072552270962803,0.0003532979944249169
386,MYL12B_proteomics,0.182407610825309,0.10695390347819649,0.0003605433279940761
490,CREB3L4_proteomics,-0.32529783962142167,0.13376947525971003,0.0003636987238979132
489,RASA3_proteomics,0.1580720081216841,0.10604730836714572,0.0003832431980448955
109,ENPP3_proteomics,0.5727050389260547,0.22469801044699578,0.00038549497976266564
174,GYS1_proteomics,0.1602919676744983,0.10592037612298436,0.0003865325459945598
34,PRKD1_proteomics,0.24071479489227326,0.11991436044434906,0.00038930396490893565
208,SMAD3_proteomics,-0.22587528679654265,0.10549559113888883,0.0003977455595786447
777,DCAF1_proteomics,-0.1418996977492926,0.10411915178964053,0.00043634377733280783
26,VCL_proteomics,0.19482882913059682,0.10370799215127735,0.00044857854702256216
481,IRS1_proteomics,-0.29987942630985925,0.10339197349981952,0.0004582131009837487
305,PPM1A_proteomics,-0.13234410592813622,0.10329771132737252,0.0004611264649883531
486,RAPGEF2_proteomics,0.12966752082155023,0.10252686620737927,0.0004856513503577355
948,SSH3_proteomics,-0.29073677200716413,0.10252436758718429,0.0004857329140580299
899,IKBKB_proteomics,-0.19654132629055446,0.1009852710381173,0.000538648470915342
579,GCLM_proteomics,0.17495741618672148,0.10072932860852059,0.0005479868371383589
263,IGF1R_proteomics,-0.35520984202275996,0.10057025295164937,0.0005538717279199875
297,G6PD_proteomics,0.29177788746984473,0.10037879237614224,0.0005610379504353605
364,HK2_proteomics,0.2562097498820675,0.1003075539368915,0.0005637277888431232
220,FAS_proteomics,0.25625731943316127,0.10018879495802839,0.0005682404185150064
62,APOA2_proteomics,0.34486345316469286,0.09926969562426423,0.0006043994428260699
900,TLR2_proteomics,0.302383704611992,0.13494119501756735,0.0006350909627521675
802,PGR_proteomics,-0.5257052400916646,0.09815687965814128,0.0006512503381201179
353,BAIAP2_proteomics,-0.23135599387958342,0.09706459118075118,0.000700742347490003
685,PGK1_proteomics,0.1704497860982428,0.09699926297623937,0.0007038180910277241
621,APOA1_proteomics,0.3038007502506291,0.09857666321120709,0.0007079390602842468
676,MAPK8IP3_proteomics,0.269296186866953,0.09685429801027862,0.0007106912405800482
373,MST1_proteomics,0.2804307522434774,0.09681512816038677,0.0007125597987792253
737,PRKAG2_proteomics,0.157118912381157,0.1025280149649158,0.0007293563576466363
692,RASAL2_proteomics,0.1246077908511116,0.09591621688723515,0.0007568089330588487
825,PRKD3_proteomics,0.29068787920351713,0.11048235977755844,0.0007756760861719287
235,PPP2CA_proteomics,-0.1046047381180387,0.09539286948071235,0.000783817696877448
91,DVL3_proteomics,0.12100053441671206,0.09529052712467398,0.0007892102828084177
111,CUL1_proteomics,0.10510217067794146,0.09497552322259659,0.0008060408846808791
222,DIAPH1_proteomics,0.1305342526267324,0.09463815141552318,0.000824462458776904
787,PRKCI_proteomics,-0.14124655732071595,0.09455205775565491,0.0008292300985272163
103,RALA_proteomics,0.19028976944967035,0.09434274357594813,0.0008409360022236496
618,RRAS_proteomics,0.20593747884989305,0.09427500049371042,0.000844759614204797
852,AKT3_proteomics,0.24697420821946045,0.09425097234576157,0.0008461199798249343
826,SPP1_proteomics,0.40565328207446333,0.09389526639940038,0.000866515113820571
477,PRKAA1_proteomics,0.15581769522627167,0.09355063122627323,0.0008867415399255358
448,GGT1_proteomics,0.4192197993829218,0.09327983647497465,0.0009029631096243505
412,LDHB_proteomics,0.31584813207109935,0.09306270717667521,0.0009161828263193221
383,RASSF1_proteomics,0.11640462979992501,0.09281531176752125,0.0009314799991523995
299,PFN1_proteomics,0.10793989763755626,0.09186003073991447,0.0009929697086931242
933,VGLL4_proteomics,0.15706253011650226,0.09167652608226905,0.0010052358212874954
772,CREBBP_proteomics,-0.12572204252796892,0.09093910786122653,0.0010560662565950207
469,FGD4_proteomics,0.1464428645844323,0.0905874661064176,0.0010811975684762822
788,GSTP1_proteomics,0.2866745955678858,0.09054461077492046,0.0010843007746640075
842,CDKN2A_proteomics,0.26304663086066615,0.09014249814783169,0.0011138534157446559
778,TRIM28_proteomics,-0.13907295445330134,0.08963577879952715,0.001152237961524306
161,GNG2_proteomics,0.2457525712822682,0.08709630589154495,0.0013653671744350488
212,PRKAR1B_proteomics,0.21689992298183833,0.0869810656125869,0.0013759194104306705
379,CSNK2A2_proteomics,0.1124186941096562,0.08635216905218243,0.0014349532938680231
739,ITGB3_proteomics,0.28419329826705975,0.09255062426447919,0.001443570097241556
453,BID_proteomics,0.12790604997711072,0.08625635542147102,0.0014441660404950496
554,IQGAP1_proteomics,0.11160154978908218,0.08606250625275232,0.0014629857587369667
301,TSPAN8_proteomics,0.8200098057181423,0.11540736377418992,0.0014685809429029449
408,RASAL1_proteomics,0.3005410489377874,0.08594974726269757,0.0014740450746795726
510,GNAI3_proteomics,0.15656539312725365,0.08569722802028683,0.0014991150120621823
723,NCK1_proteomics,0.10224145217105847,0.085424734384759,0.0015266447118853826
21,COL4A1_proteomics,0.17321893807112554,0.08531785924418474,0.0015375791888482238
169,NFATC3_proteomics,0.12297593599426448,0.09129488189156136,0.0015613561189973878
592,PPP2R2A_proteomics,-0.19583051495312703,0.084991030160575,0.0015715038872169164
274,CTSL_proteomics,0.17767376028804444,0.08489383514969269,0.0015817358273971863
822,TNC_proteomics,0.3569546451156812,0.08448812891758078,0.0016251672846054161
260,PRKCZ_proteomics,-0.16281939630694775,0.08435387756673066,0.001639799207983388
644,ITGB2_proteomics,0.24647019684391872,0.08431382618557777,0.0016441897429484553
940,HSP90B1_proteomics,0.15098469476132023,0.08392447061531885,0.0016874872547209857
502,ETS1_proteomics,0.21303301536081976,0.08365914068387248,0.0017176420314833742
666,BAK1_proteomics,0.19488281963844467,0.09114584090895853,0.0017484551780975078
89,PFKL_proteomics,0.10493482675100506,0.08329862219302873,0.0017594775905916548
798,ACAN_proteomics,0.3242899868242735,0.08166659653682917,0.0019619388714188953
947,ACVR1_proteomics,0.2767091829392629,0.11130374339522645,0.0020550048377819315
839,ARG1_proteomics,0.3671093163522026,0.08081680228846032,0.002076395669088157
285,SRC_proteomics,0.15256647229835152,0.08073329578209017,0.0020879962799663396
124,CXCL10_proteomics,0.5406305686915465,0.10950363705915904,0.0021082662312064907
895,USF2_proteomics,-0.1273965916039451,0.08002115030987535,0.0021895909408325494
27,VTN_proteomics,0.26455247471416693,0.07980012721179151,0.002222114140614992
193,FN1_proteomics,0.31486980484420557,0.07934901300069416,0.0022899988565837763
801,HLA-E_proteomics,0.197090338989673,0.0791572140715761,0.0023194847177021383
917,RBL2_proteomics,-0.1057957245994513,0.07911429606073027,0.0023261343590149502
345,FKBP1A_proteomics,0.1392754452617823,0.07834570712976545,0.0024484929762103266
460,NPC2_proteomics,0.19207166373484416,0.07817578160515891,0.002476400807346388
223,RAB7A_proteomics,0.13967677888242497,0.07781731034012954,0.002536320821164195
250,PGD_proteomics,0.15017545313295003,0.07779788846160655,0.002539608308928682
434,PLA2G12A_proteomics,-0.2755749617127103,0.07760208048205237,0.0025729908558065075
906,RPTOR_proteomics,-0.11902176929508367,0.07729281632925201,0.002626611133237473
721,SLC39A14_proteomics,0.2651739946506218,0.07698827641383785,0.00268050293460814
584,ME1_proteomics,0.26945459120888626,0.07627820650537391,0.0028104874909457775
182,CBL_proteomics,0.09450738560454408,0.07578644901503273,0.002904181307731895
690,MLST8_proteomics,-0.08308457960305543,0.07543604824047985,0.002972841249733465
637,CDC42EP3_proteomics,0.2333696734156745,0.0754061747382332,0.0029787693931904273
793,CD300A_proteomics,0.17132101457704665,0.07895985373182769,0.003220868256966461
207,LRRC8A_proteomics,0.16793061278050636,0.07958338670270419,0.003241215105310076
598,PLCG2_proteomics,0.21880127570553773,0.07215280785347744,0.0037004739432112
916,CTNNB1_proteomics,0.17016723501433925,0.07157302200612475,0.003846356698421522
290,PPP1CC_proteomics,-0.10647775630592157,0.07123549239610977,0.003933921336436681
546,ARHGEF1_proteomics,0.10962921752410035,0.07117933221698491,0.003948683320294708
233,BRIX1_proteomics,0.17220743416929093,0.07104145831529426,0.003985159826679039
683,CBR3_proteomics,0.21798010874274268,0.0706184188480894,0.004099200437008005
363,MAPK8IP1_proteomics,0.5072862271752434,0.07059624081222675,0.004105268424629397
617,AHR_proteomics,0.14463195377266572,0.0704757212105468,0.004138400626513698
195,MAPK7_proteomics,0.10784659240776212,0.06988861573115804,0.004303673321087194
273,RXRA_proteomics,-0.13672860184070373,0.06975377782106038,0.004342555058855718
265,SLC7A5_proteomics,0.4091236994472168,0.06950325593728293,0.004415732184878373
257,APEX1_proteomics,-0.10699001546037804,0.06949004091455747,0.004419626402674184
188,CD209_proteomics,0.3120435400659445,0.0796548998447441,0.0044423454334480035
298,NCOA2_proteomics,-0.11907305170164942,0.06927314590329038,0.004484035268868811
205,SMC1A_proteomics,-0.08591791888797946,0.06898457559572153,0.0045711894251697915
54,NOTCH3_proteomics,0.15171725622062857,0.06850311925374433,0.004720395155406242
872,PPP2R5C_proteomics,-0.22361790373335266,0.0734876483862209,0.004738586184617672
283,PLCB1_proteomics,0.24238865418593875,0.06833593453145552,0.0047733405533929105
764,EIF4EBP1_proteomics,0.13348518401935533,0.06824347887839886,0.004802875392260722
365,ARHGEF6_proteomics,0.1458432120909172,0.06775367539463316,0.004962426559415211
95,BCL2L1_proteomics,-0.16219337569438808,0.06766189424791207,0.004992909899085201
870,TGFB1_proteomics,0.14617654252939735,0.06754249716808697,0.0050328465719440725
641,FGR_proteomics,0.18077454757701927,0.0670900247205874,0.00518712203903376
912,HK1_proteomics,-0.13435359151455975,0.06674936381781721,0.005306396944338639
121,CPT2_proteomics,-0.1596662756012795,0.06658995489369972,0.005363151781870508
419,BHLHE40_proteomics,-0.1251738174207989,0.06644820126532554,0.005414132209241909
573,PARVA_proteomics,0.18337908565871827,0.06612423601633889,0.005532476706091735
332,FOXO1_proteomics,0.17284799736246953,0.07097376475089354,0.005542231506779775
61,PLTP_proteomics,0.22800887509392065,0.0659796628906165,0.005586123762218691
230,WASF2_proteomics,0.08679032257192539,0.06536690824893579,0.00581935843611866
291,MAX_proteomics,-0.1261191833580617,0.06452666386167044,0.006155165299921053
417,PDPK1_proteomics,-0.10774083694604988,0.0643083101824506,0.006245573400418566
82,FLNB_proteomics,-0.49998400162660933,0.0642924339381859,0.006252198659611807
574,KDM5C_proteomics,0.11406445361524135,0.06408601325139103,0.00633898482066269
375,SOX9_proteomics,0.28124895373923625,0.06396833833287201,0.006388999919022513
571,CD14_proteomics,0.15672707529186714,0.06360558785580805,0.006545688142653892
927,MAP2K1_proteomics,0.0867431195480802,0.06353099896555547,0.0065783820560161785
18,TSC2_proteomics,-0.07777221482758358,0.06306378465336529,0.006786939522933521
46,LDHA_proteomics,0.1663336894428079,0.06257869372849856,0.0070105144768178515
238,CALML5_proteomics,0.4955565532741109,0.062475639613224075,0.007058957103629672
465,CD44_proteomics,0.1695739282987571,0.06211420839758884,0.007231531534408067
734,KRAS_proteomics,0.11090671685465618,0.062071481102014575,0.00725221126485918
541,PEBP1_proteomics,-0.1506604282961389,0.06202680565832105,0.0072738975068292475
687,BIRC5_proteomics,0.24264102790558453,0.06680446652532485,0.0074700007592936445
357,KEAP1_proteomics,0.14372805079369805,0.0614268929522198,0.007571505717033252
849,CACNA2D2_proteomics,-0.2661519118920035,0.06486532783900828,0.008112219595004898
799,MRE11A_proteomics,-0.10229226461361435,0.06033146233823214,0.00814691978747151
329,ITGA2B_proteomics,0.39455046712008546,0.06989590920419177,0.00818480979205673
673,CDKN2C_proteomics,0.17644903843964,0.05994558391422405,0.008359938935069897
752,MAFF_proteomics,0.16920880063214935,0.06464599912555523,0.008537085018990332
216,PPP2R1A_proteomics,-0.07164893995816142,0.05946786977823479,0.008631444528324117
77,PLA2G16_proteomics,-0.26425852325297783,0.05945359187079467,0.008639694599614162
922,SERPINB2_proteomics,0.37086084599217656,0.08858696804190018,0.009022790562604468
463,CEBPZ_proteomics,0.14413561205548578,0.05801307404248374,0.009514260491051158
700,CDC37_proteomics,0.09119879355830082,0.05745225491367744,0.009878419890835613
84,CBR1_proteomics,0.15569461741293933,0.057385477818401434,0.009922707199726575
572,RAP1B_proteomics,0.11961834269374226,0.057144421710557565,0.010084251959571414
674,GFAP_proteomics,0.4397099248790117,0.09719158713341197,0.010224082380376939
924,NRAS_proteomics,0.2131345178155785,0.05660881275448734,0.010452759253919832
172,PPP1R14A_proteomics,0.24731493238206692,0.05658876061922406,0.010466816409805034
133,ADAM17_proteomics,0.11131346451824206,0.05639090479530441,0.010606546814292805
528,ARAF_proteomics,-0.09867133217048094,0.056278658523002095,0.010686653594568564
499,RASA2_proteomics,0.08664449979935751,0.05510379181309788,0.011562704229573577
811,RAB10_proteomics,0.1585162423810482,0.055025013650330745,0.011623979047528578
415,MFGE8_proteomics,0.2840471928313916,0.054890524057187334,0.01172934654073679
401,MBL2_proteomics,0.2799290215973286,0.05456475505854422,0.01198859438559834
722,YY1_proteomics,-0.09883813484936238,0.05445157933362571,0.012080009697634394
473,EXOC2_proteomics,-0.07593660204460008,0.054166963462239016,0.0123130302888451
710,CAB39L_proteomics,-0.22018028399953932,0.05375438136527213,0.012658917745037837
461,FZD1_proteomics,0.26197566885404794,0.053703905935327506,0.012701903251566083
397,ITGB8_proteomics,0.3406350935712919,0.0735496955301229,0.01314010307711313
439,AKAP13_proteomics,0.08708269823416093,0.05294596682102454,0.013365430719534305
402,LAMA5_proteomics,0.14847176506501317,0.05290103096865682,0.013405853691567498
877,CD36_proteomics,0.3819829949901013,0.05289101156660165,0.01341488371693106
86,TSC1_proteomics,-0.08933183290138853,0.052877886423912515,0.013426722122765968
594,RASA1_proteomics,-0.11681493915265467,0.052576552959304274,0.01370144317052736
643,MSH6_proteomics,0.14277935170085945,0.052561423529460034,0.013715385579908604
339,SOD3_proteomics,0.28256860371158016,0.05253943559213679,0.013735674017197644
521,MAPK9_proteomics,-0.11703761496967886,0.05252236529382613,0.013751445870670034
105,TTC9_proteomics,-0.21928578853146946,0.052302243809279565,0.013956475135885715
76,CRABP1_proteomics,0.514004159172638,0.052290809065486235,0.013967210103008096
344,SDSL_proteomics,-0.15029817587328967,0.05227020610551338,0.013986573335476486
15,RASSF5_proteomics,0.16980492212795736,0.05587777387421274,0.014233741874665648
137,ABCC4_proteomics,0.20535808114128876,0.05979814743948206,0.014713155280394897
526,MAPKAPK5_proteomics,0.20098778585541113,0.05142877886008878,0.01480105830203029
203,S100A6_proteomics,0.2169037867174815,0.05123566736130881,0.014994673785007536
866,ALAS1_proteomics,0.13068164182937894,0.059936578142112076,0.015115994149970316
276,MMP7_proteomics,0.32264566169007514,0.05056934891865333,0.015682676375732146
635,ITGAX_proteomics,0.1502278659917035,0.05054638625658345,0.015706949078098647
217,REL_proteomics,-0.10395988178280866,0.04972730632326114,0.0165981641208583
435,ERRFI1_proteomics,0.21900284176218038,0.06906722343908223,0.017061868285158353
794,GSTA1_proteomics,0.41506291636524134,0.04903367591436454,0.01739295727689609
369,PPP3R1_proteomics,0.09770916437613429,0.048588960012347956,0.01792277763742165
319,ARL5B_proteomics,0.12254261956770195,0.04822396181620996,0.018369869384959228
881,ROCK1_proteomics,0.07823083952943644,0.04742683028547619,0.019386156174550258
619,RTN4_proteomics,0.10779849239734245,0.04742241755702771,0.01939193856883715
505,MAPK3_proteomics,-0.1143220665825796,0.04740357754788874,0.01941664608359854
140,PPP2R5E_proteomics,-0.0875185988169892,0.04725480116457249,0.01961288654852615
264,PPP2R2D_proteomics,-0.10002326744784075,0.04705912820084555,0.019874063872121837
843,BCAR1_proteomics,0.10404283255498671,0.04680584778878617,0.02021740231360926
249,CDH11_proteomics,0.19960490521207327,0.046609340216996684,0.020487940051197747
78,WNT5A_proteomics,0.2921256886013584,0.04654140882347509,0.02058231885742966
320,PDGFC_proteomics,0.28926750169808735,0.05799613325971609,0.02075212205608489
241,MMP2_proteomics,0.25493635438388745,0.0463901360745446,0.020794081111413572
791,ACTN1_proteomics,0.197192437540485,0.04634751862854925,0.020854140009736025
758,SRF_proteomics,0.16643699890378616,0.04630743318009283,0.02091079205010518
392,SOD1_proteomics,-0.16933014066275956,0.04623610515073993,0.021011986924758377
295,MGST1_proteomics,0.3015760533291286,0.04596207731608367,0.021405423517757042
604,DEPTOR_proteomics,-0.17427155995272844,0.045454219666775,0.02215456566361071
892,PRKCE_proteomics,-0.1315437514388004,0.04514163907349491,0.022628902191119793
591,ANXA2_proteomics,0.21752093096355615,0.04507723296142408,0.022727918589982223
4,FHIT_proteomics,-0.18013100470030122,0.045051942571429957,0.02276692026729921
633,NCOA6_proteomics,-0.06340666378687895,0.04499427161038444,0.02285611354874498
837,SCP2_proteomics,0.14869694053470506,0.04409027533522788,0.024301818791532506
268,NCKAP1_proteomics,0.06989112789321614,0.043842758963898,0.024713721010491477
406,CES1_proteomics,0.3095626219223006,0.043786168683539524,0.02480889368928726
543,TSG101_proteomics,-0.0746061053711816,0.043727474357921264,0.024908000944072837
935,ABI2_proteomics,-0.11364912796064795,0.04366809963406851,0.02500866909632558
792,RELB_proteomics,0.1184513140901442,0.04356680221136805,0.025181377650832868
785,LILRB3_proteomics,0.25242137002161097,0.07348099390254134,0.025356174432736855
135,PPP2CB_proteomics,-0.1438549287249843,0.0434134307343025,0.025445196041252515
874,TGFBR1_proteomics,0.2865863188187291,0.06357100673710997,0.025951492852233932
688,MYLK_proteomics,0.17633058322951495,0.04309265578358005,0.02600615158726041
833,CDK4_proteomics,0.12110434139706598,0.04303798154836836,0.026103018393373596
170,GNA13_proteomics,-0.11276973817151056,0.04293687382132828,0.026283126068681256
315,CFL1_proteomics,0.07307128597362442,0.042902536814438674,0.026344581099635087
476,RPS6_proteomics,0.13293978200938872,0.042862052209179845,0.026417227894795767
715,SULT1A1_proteomics,-0.24184949357729263,0.04252708978512192,0.02702622116328698
312,MCL1_proteomics,0.10769000948857375,0.04249619567526199,0.02708310903053692
613,MAP2K5_proteomics,-0.142849958206567,0.053616103462280136,0.02721416762308002
83,SMAD2_proteomics,-0.07396566236360633,0.042391819822784955,0.027276213895804938
703,MAP2K3_proteomics,0.09140571802294543,0.04222330846712701,0.027590957869889427
444,CACNA1F_proteomics,-0.4132762054738406,0.049120765365859034,0.028289530683273164
13,EPS15_proteomics,0.06367263148733264,0.041504678051993156,0.028975572477840144
507,PTPRC_proteomics,0.19421237892625817,0.04147561013807547,0.029033055592747728
672,PKLR_proteomics,0.22740779289808946,0.04145362728146783,0.029076605378780842
0,CD81_proteomics,0.14743623040270248,0.04141316829750419,0.02915693313018493
616,APC_proteomics,-0.08778717001352894,0.041366381110436064,0.029250108956743005
662,GAPDH_proteomics,0.14497464280220748,0.041244906550986456,0.029493452568657784
698,CDKN1B_proteomics,-0.15139824406449245,0.040578775363308645,0.03086532414196771
11,PRKCD_proteomics,-0.10553761045113301,0.040534495854287284,0.03095880744734201
701,VPS41_proteomics,-0.0823631848849323,0.040373013423405366,0.031302203106525636
534,RB1_proteomics,-0.10396373717521955,0.040182397619053636,0.03171259456735738
664,THEM4_proteomics,-0.21451000261022374,0.04005157886043561,0.03199744172941635
108,SLIT2_proteomics,0.13597595311351604,0.039933359937473316,0.032257116754494074
684,INHBB_proteomics,0.2886308811550489,0.08508881858790297,0.03234057017747699
340,TNS4_proteomics,0.3586701420275736,0.06541118633139797,0.03260125334774156
704,PDGFRB_proteomics,0.12846911187399868,0.03961226424990464,0.03297341918501331
350,CDH2_proteomics,0.2643208985302928,0.0494004210572355,0.03321896110361668
190,HSPA1L_proteomics,-0.10342122863997501,0.03944965258204141,0.03334239771091863
753,ZFP36_proteomics,0.19232586702035684,0.042219176780439564,0.03373915564563236
751,ENO3_proteomics,0.23311039852090326,0.04241615313516403,0.034173010308179375
686,CDC42_proteomics,0.1193134321535735,0.039045117567442375,0.034278874792384145
820,PBRM1_proteomics,-0.08717747535477291,0.03900059066262652,0.034383594023471575
517,FGF2_proteomics,0.2432428182758675,0.03899003810790794,0.0344084599942894
840,PPP1R12A_proteomics,0.07817263297734753,0.038938510751466725,0.03453014507649182
681,CRABP2_proteomics,-0.2135870113366082,0.03876035032883727,0.03495430987954299
178,HLA-DRB1_proteomics,0.3037135206960689,0.03873960968210619,0.035004036981281884
720,GAS6_proteomics,0.15543596734247023,0.038551465436706824,0.035458470067698665
256,PARVG_proteomics,0.11557641448152528,0.03849985780835364,0.03558418005535313
171,PRKAR2B_proteomics,-0.17319260823701257,0.03827884371359068,0.03612776434116841
427,BST2_proteomics,-0.26922021421581876,0.03806781318776818,0.03665478943014399
909,ACLY_proteomics,-0.093221113763479,0.03796094703085285,0.03692469509422076
920,CACNA2D1_proteomics,0.15603826523103526,0.03791600439919108,0.03703881599569442
102,DBI_proteomics,0.15975641584342587,0.03745359731118561,0.038234353228325614
810,SYK_proteomics,0.11495175936171795,0.03741244223396655,0.038342671789616437
352,VPS39_proteomics,-0.06699694040292994,0.03734129367363879,0.03853068047932733
414,SLIT3_proteomics,0.1526279913551279,0.0372540433307735,0.03876253887060658
501,SHOC2_proteomics,-0.07997765219090641,0.037133300434846306,0.03908578095229454
326,DUSP16_proteomics,-0.2336091543144045,0.061968647341300157,0.03914825807562756
324,DVL2_proteomics,0.0749450107948834,0.03700128757079953,0.03944238438595816
407,RAB2A_proteomics,0.10312758723696179,0.036985506566377904,0.039485237780838706
535,CRTC2_proteomics,-0.07486799660626905,0.03653302249106097,0.04073466786998124
81,RAC2_proteomics,0.17186506249215583,0.036454263437501674,0.04095628860497246
74,NFATC1_proteomics,0.09633118446652536,0.03637112024953839,0.0411916004950468
12,PLD2_proteomics,0.09067494484262037,0.036219804757704505,0.041623452164143475
240,MAPK14_proteomics,-0.08079522020423802,0.03617160056922842,0.04176200856985658
516,MEF2D_proteomics,-0.07170930196027554,0.03610918923710863,0.041942111436639104
372,TP53_proteomics,0.2682215865979474,0.035977187780182496,0.042325688651623616
377,SETD2_proteomics,-0.054898509560336026,0.03579645247189242,0.04285678376774124
754,GNB2_proteomics,0.08284699704259711,0.03564669154390012,0.04330209122442617
393,AHCTF1_proteomics,0.07701361787880798,0.035581465787321125,0.04349753416264821
538,MAP2K4_proteomics,-0.13414894297524813,0.03548350932664307,0.043792771771943496
151,JAK3_proteomics,0.10652896958705724,0.03511504916077023,0.044922044993157696
424,NRIP1_proteomics,-0.21533008775880302,0.03749704758449685,0.045665175881330025
226,CAV1_proteomics,0.2442967303544232,0.034839280584506305,0.04578698258357926
166,RAP1A_proteomics,0.10805192470936818,0.03456019478215769,0.04667994966950614
668,ACAA1_proteomics,0.12070530367914893,0.034432166009068794,0.047095629530268565
814,CD47_proteomics,0.1817277651120968,0.0341180926501958,0.04813173635566403
522,HSPB1_proteomics,-0.17466149560222063,0.034093802297499,0.048212850033553536
623,STK3_proteomics,0.0799251862399764,0.033796408899555146,0.04921755913372358
254,PARP1_proteomics,-0.1106272337375968,0.03375757759312158,0.04935034578076718
127,RALB_proteomics,0.12912812938476634,0.033699433709092626,0.04954987114575153
904,PTPRA_proteomics,0.06862544249380488,0.03359766134943444,0.04990113581021166
624,PLA2G2A_proteomics,0.3336115666138362,0.033442471474524824,0.05044177132339395
711,PFKFB2_proteomics,0.1380857875271607,0.03332959277046231,0.05083883903595472
576,FGF1_proteomics,0.17595394339019832,0.033025289584756756,0.051925587449566955
670,SERPINB9_proteomics,0.1292996792224985,0.033022693856673925,0.05193496100114925
117,RASGRP2_proteomics,0.17226464131342337,0.04079337339290163,0.05220012677560326
231,ITGA1_proteomics,0.12937852489668963,0.032829622754324654,0.05263714164356846
606,PLCB2_proteomics,0.09346761795976202,0.0328054400677976,0.052725787246698894
910,UBE2C_proteomics,0.19877153371890957,0.032401463130330814,0.05422990448928803
738,RFC3_proteomics,-0.07440575054655219,0.032320450986413694,0.05453689246695622
179,VEGFC_proteomics,0.23591265355532187,0.049598604391927655,0.054794354261233975
880,TAOK1_proteomics,-0.10128355842720457,0.031834673603420925,0.05641621169248439
705,ERBB4_proteomics,-0.32621813872822336,0.03418415302151337,0.056582681917401505
804,HAVCR2_proteomics,0.1296572414315324,0.03178977101733441,0.056593312524472736
781,GRB2_proteomics,-0.10335855246236998,0.03146324888510287,0.05789878320139277
747,TAB2_proteomics,0.07509983001852472,0.031086403383305317,0.059444755912475125
37,ICAM2_proteomics,0.11327036721687599,0.03074274202471057,0.06089234253034352
362,CHAD_proteomics,-0.3353492160284102,0.030442683398906566,0.062186519710435824
300,RASGRF1_proteomics,-0.31638154803244906,0.03878468564236348,0.06281918012739789
433,GIT1_proteomics,-0.06659736988523536,0.029932448765029603,0.06445399374599994
545,GNAQ_proteomics,-0.11590031331322519,0.029914557380059596,0.06453506339337686
944,GSTT1_proteomics,-0.21575985972927322,0.029833915486813942,0.0649018028239322
551,MDH1_proteomics,0.07080769485940232,0.02973474542464564,0.06535581341857861
136,IKBKG_proteomics,-0.063249315280625,0.029621932291457594,0.06587635154040905
120,HLA-A_proteomics,0.5021791318910781,0.03182352001247844,0.06600383940038672
8,COL6A3_proteomics,0.1640974340862892,0.029420356183411666,0.06681735812665046
796,RPS6KB1_proteomics,-0.09700803742175892,0.02927992267674967,0.06748130049716379
33,GNAI2_proteomics,0.08795208770148001,0.029081944426190106,0.06842914291882868
271,PTEN_proteomics,-0.09811038150617749,0.028892946080575223,0.06934710414136165
483,CSK_proteomics,0.07810325606472845,0.02886585040944675,0.06947976878433913
536,PXN_proteomics,0.0814732770036083,0.02878238952616326,0.06989009282290036
726,COL5A1_proteomics,0.2215470450970173,0.028773109178852566,0.06993587620826901
494,COL6A5_proteomics,0.3462868796362831,0.05355142985907666,0.07034115691840896
812,PDGFRA_proteomics,0.12437013165245052,0.02860736489148186,0.07075891130613395
470,PRKCB_proteomics,0.1381316897812098,0.02821523007039242,0.07274716484776383
38,SQSTM1_proteomics,-0.11099918344834145,0.02815174973355771,0.07307454919372534
409,GNB1_proteomics,0.06711513718584303,0.028076893103496856,0.07346260858531492
832,HLA-DPA1_proteomics,0.17432420163289722,0.02778944954442925,0.07497312362002412
284,TAB1_proteomics,0.04658410300549642,0.027443719633114767,0.07683365757419924
478,SERPINA1_proteomics,0.1582136265796578,0.026845270319620272,0.08017098488633216
244,VPS33A_proteomics,-0.04709117061761154,0.02675665524780242,0.08067810926789142
215,MAPK11_proteomics,0.18662754288073047,0.02672665804207037,0.080850548761888
87,TPM3_proteomics,0.1335974145602647,0.026632760294206966,0.08139286143816979
513,VEGFA_proteomics,0.23205033121428262,0.03971716064643722,0.08227244253644407
761,GNAS_proteomics,0.0798399236895254,0.045009523871577174,0.0824106268779445
380,HLA-DQB1_proteomics,-0.2747007580658127,0.036995441169998075,0.0834167625262501
431,VPS18_proteomics,-0.052324443628072904,0.025956340408417627,0.08541592732729143
549,TRAF6_proteomics,0.06320122832331905,0.025788580736599002,0.08644616772559857
115,BCL2_proteomics,-0.20867973243353385,0.029597635883760784,0.08697908938798068
530,PPP3CC_proteomics,0.0690378080690857,0.02561048267424148,0.08755443724975857
949,CEP290_proteomics,-0.059938074897829326,0.025600741414222677,0.08761549151280099
123,COL5A2_proteomics,0.19482213520201816,0.025250521528453883,0.08984105348260932
869,KSR1_proteomics,-0.1217733092101361,0.02902026736092657,0.09016539375680598
119,LAMB2_proteomics,0.15772670406476744,0.024967406123577708,0.09168441064991702
550,MAP3K1_proteomics,-0.08659510113598047,0.02491373380243752,0.09203841722511012
381,ETNK2_proteomics,-0.13238652531681294,0.026277934836754703,0.09216831634530157
294,CDH5_proteomics,0.111713395077922,0.02477125425904169,0.0929852983668014
630,SMAD5_proteomics,-0.08376819659996247,0.024735529531054963,0.09322435020684701
898,DUSP4_proteomics,-0.2847959753662261,0.04143328641887683,0.09593456665054476
896,DDX58_proteomics,-0.13403013709291364,0.024177086893245193,0.0970482188741565
152,ACOX1_proteomics,0.16090840971263382,0.02471525194390328,0.09784150345836357
430,LGALS3_proteomics,0.10699703166012742,0.023968517300751665,0.09851933992192419
614,FZD7_proteomics,0.16196432758386217,0.027320910352523518,0.09856428392754366
559,NQO1_proteomics,0.28189498021605,0.023879361250684836,0.09915550106541272
593,COL6A2_proteomics,0.16458075266352185,0.024970642475511062,0.10077748299122703
287,MYLK3_proteomics,0.17000828827948067,0.02356843998300916,0.10140891205534705
144,WAS_proteomics,0.1075482256385174,0.023561015827219298,0.10146338944950183
346,TESK2_proteomics,-0.12917576728251726,0.02931602110804425,0.10270102234393834
786,COL5A3_proteomics,0.13419871237564404,0.023230708635013312,0.10391940333003821
500,COL6A6_proteomics,0.1826731407403077,0.02318341467957775,0.10427628454544806
661,COL11A1_proteomics,0.2117972789160467,0.023179559856610455,0.10430543146773459
160,ARHGEF28_proteomics,-0.10751412593428485,0.02303175721368927,0.10542966295363428
769,MAP3K7_proteomics,0.14854101295384456,0.03838703513412042,0.1066507154955518
73,HLA-F_proteomics,0.14918150373419942,0.022818917992641144,0.10707168224640172
905,AIF1_proteomics,0.10594116589456787,0.022703095068262256,0.10797685757981025
162,SOS2_proteomics,-0.09492542638115199,0.024408315081500428,0.1080598502225231
90,C1QB_proteomics,0.10647700069451221,0.022548327975224373,0.1091993595652261
600,FZD6_proteomics,0.1812224970308582,0.02253628186545277,0.10929513926686452
766,ARRB1_proteomics,-0.16624340144277816,0.024232725857847505,0.10935197624373964
337,GSR_proteomics,-0.11964832096632957,0.02249208298010968,0.10964735013554239
897,GNG12_proteomics,0.1477370326285741,0.02234858643341692,0.11079936050932528
583,TAOK3_proteomics,-0.058091043743224755,0.022342692511257867,0.11084695787751489
790,KPNA1_proteomics,0.049908868606444896,0.02229078192397429,0.11126713115719733
126,ITGAL_proteomics,0.1420175101859381,0.022284173279562912,0.11132074670638485
296,ALDOB_proteomics,0.11739150189676387,0.021893739828394976,0.11453871604270505
474,PLA2G4C_proteomics,-0.14955426097161087,0.03329451322558464,0.11465053606615312
341,TLN2_proteomics,0.1327627677360735,0.02160654467297496,0.11697041071004853
85,PIK3R2_proteomics,-0.059495241527772795,0.021536544929817672,0.11757159634009942
495,LAMA1_proteomics,0.11816283728297108,0.02308134994414628,0.11825181931210561
578,FANCI_proteomics,0.11288300445141429,0.021455214128988223,0.11827433583564262
657,EP300_proteomics,-0.04511622407868122,0.021425145724704994,0.11853530207423647
187,PGK2_proteomics,0.24922022779277633,0.020882745630313525,0.1233525769923135
266,ITGA4_proteomics,0.07890952568574103,0.020850778379653642,0.12364310359650497
106,COL1A2_proteomics,0.1732164832562679,0.020849350725927487,0.12365609596207507
634,NOTCH2_proteomics,0.06684439992586566,0.02050590324145499,0.12682558913997813
464,MYLK4_proteomics,0.18543530378578907,0.02046188896526675,0.1272381791806243
564,LDHD_proteomics,0.14714555234626472,0.020393901920534786,0.12787839171967735
640,SELP_proteomics,0.1321882878316469,0.021936633623192387,0.12788907580631928
565,MYLK2_proteomics,0.1859313124278558,0.0203079237499203,0.12869309718151883
452,NF1_proteomics,-0.06770927728673118,0.02025495684710239,0.12919783768972234
313,BRAF_proteomics,-0.06345816025639452,0.020153030765128747,0.13017526856531864
480,GCC1_proteomics,-0.05072859456600982,0.0199609306659557,0.13203964764697704
542,PTK2_proteomics,-0.09205051628034415,0.01993877921255057,0.132256518604294
845,GAB1_proteomics,-0.07716262986313364,0.019873005275860927,0.13290278830321212
484,HLA-DRB4_proteomics,0.1608093335712148,0.01951477043553031,0.1364844450979758
855,RHOA_proteomics,0.12977733996156685,0.024064303539380973,0.1376076299018473
776,PRKAR1A_proteomics,0.0851234289036839,0.01917735675130586,0.1399557843469458
808,DAPK2_proteomics,0.09342936793987996,0.019163677993252082,0.14009856131446066
302,DSCC1_proteomics,0.10831075046319427,0.019143719102196033,0.14030717933827103
945,ABCC3_proteomics,-0.22915672043239652,0.020565828358090184,0.14058182543053246
595,HLA-DRB3_proteomics,0.292211258943445,0.0191051847590239,0.14071093075760596
29,COL11A2_proteomics,0.11299055598934939,0.019093442812257853,0.14083421550393338
148,AQP1_proteomics,0.1474768291182895,0.019026096361406425,0.141543640274674
128,JAK1_proteomics,-0.055316513197123225,0.01901251417712747,0.14168719462695178
456,JAK2_proteomics,0.06687493856356352,0.020210767235396235,0.14218794614249874
138,RFC4_proteomics,-0.06225608842293288,0.01883104730912881,0.14362077134776874
834,ULK1_proteomics,0.07310651340182499,0.02185487744572758,0.14421179497886863
566,STMN1_proteomics,0.12482340888624836,0.01875724839957941,0.14441549312699192
626,GSTA4_proteomics,0.1258351744149425,0.018738744434721077,0.1446155238819772
275,COL6A1_proteomics,0.14550423857291725,0.01870766348399231,0.1449522080581923
503,COL9A3_proteomics,0.22529632518559867,0.036594137096716856,0.14667554629015142
462,PTPN11_proteomics,-0.04986823617526474,0.018508239274298934,0.14713334917831067
292,BUB1B-PAK6_proteomics,-0.3208835634812574,0.049232131011643344,0.14774306994540634
508,HSPA1A_proteomics,-0.080840186330966,0.017894401908007326,0.15408029599863998
100,AJUBA_proteomics,0.10085286931822869,0.0178712636183921,0.15434924190562357
830,CAPN2_proteomics,0.08660335744117169,0.017734896064036675,0.15594503064754897
744,NCAN_proteomics,0.5071466047525696,0.04847830573201171,0.16117946172258563
80,ARRB2_proteomics,0.047406802112942466,0.017063533551457236,0.16407675041883044
342,AKT1_proteomics,-0.06516905296159566,0.017047479835043684,0.16427696281082677
540,PRKAG1_proteomics,0.05624061342467492,0.016958824670389304,0.16538759951704904
548,COL1A1_proteomics,0.17210384978323442,0.016546583506939234,0.17066486312873386
491,STAT3_proteomics,-0.07018016162118504,0.01778046528338331,0.1709251402837485
729,FLT1_proteomics,0.2915780757391434,0.016468869431768694,0.1735976683386568
854,GNA12_proteomics,0.05750909037155615,0.016266761131022246,0.17435581401761993
159,S100P_proteomics,0.2781898972738842,0.016251988465778158,0.17455317855210511
636,MAP3K2_proteomics,0.03753993318442625,0.01622093181124658,0.1749689290180437
805,CYFIP2_proteomics,-0.08750777959980148,0.01620946952313481,0.17512265760641282
303,TAOK2_proteomics,-0.06267001777808315,0.016144466518912267,0.17599737297197082
304,ITGA11_proteomics,0.12436014654888115,0.0160341610883712,0.17749312224499436
894,PPP3CA_proteomics,0.06586100235469647,0.01588575711233574,0.17952843288758266
768,ICAM3_proteomics,0.14360000056218492,0.018122612442016392,0.18175698308525212
253,PPP5C_proteomics,-0.04391165393688693,0.015684773291473764,0.18232753084894554
646,ITGA7_proteomics,0.18712276973713707,0.01663198011982797,0.18344877582408103
859,MTOR_proteomics,-0.040821443138377926,0.015542460549998595,0.1843397475709466
446,CPT1A_proteomics,-0.14270735416667388,0.015478792918263056,0.1852482069865949
544,PGM2_proteomics,-0.06101495373060947,0.015455516534712554,0.18558161457226008
59,LAMTOR3_proteomics,0.05787396651492118,0.015390279255080748,0.18651974274266217
411,TNK2_proteomics,-0.04933910048129115,0.015246658703082103,0.18860431801875602
5,RAPGEF1_proteomics,0.0423470973115362,0.014632282460762772,0.19783039803218275
201,NOTCH1_proteomics,0.11222284397191998,0.0144691609187477,0.20036707343553067
157,FOXO3_proteomics,0.07300176404113981,0.014440560821197752,0.20081571143977253
928,IKBKE_proteomics,0.07726368371956026,0.014393352294016254,0.2015588100252389
270,SLC39A7_proteomics,0.18678569102675335,0.014258333994504983,0.20370183176323522
585,PIK3R1_proteomics,0.1612535741473454,0.023973179070978883,0.20397152683272032
112,FAM91A1_proteomics,-0.04622123326677198,0.014231327087439181,0.20413366675555528
167,HLA-DMA_proteomics,0.11541251259901275,0.01810980339390185,0.2060206031368913
658,MERTK_proteomics,-0.09119589212575317,0.014102721759331239,0.20620474628163993
893,SEC14L1_proteomics,-0.06881499339701143,0.013823753799125529,0.21078229150252206
165,GPAM_proteomics,0.09365305808313172,0.013804179132783513,0.2111079330173214
524,MAP3K5_proteomics,0.07232822621092401,0.013728266985355252,0.21237639199329061
93,FGD1_proteomics,0.07320260477320081,0.013697178725225157,0.21289844385486728
800,CREB1_proteomics,-0.0384689248148098,0.013602819257120693,0.21449223973219012
919,AXL_proteomics,0.08022868486195958,0.01894184734072276,0.21469372209765195
841,PIP5K1C_proteomics,0.0420294203881786,0.013537729769409403,0.2155998252211825
129,AKT1S1_proteomics,-0.05974139655797481,0.013451074860744738,0.2170848428288915
141,SYNGAP1_proteomics,-0.1557137779131309,0.013420868195965368,0.21760532965358678
63,TOP1_proteomics,0.0537845568846381,0.013308579117012862,0.2195531195346615
20,GSK3B_proteomics,0.04091204882035302,0.013286976519501056,0.21993019988898987
882,CDK1_proteomics,0.10822215405781527,0.013139211154818189,0.22253012569527708
850,IGF2_proteomics,0.12501033986818863,0.013083148781814758,0.22352605025530814
838,IRF3_proteomics,0.06420042488563737,0.01306645064119911,0.22382370606030028
757,DDB2_proteomics,-0.06018114466039035,0.012778503248039367,0.22903135548161538
347,STOM_proteomics,0.1008634973220561,0.012765231106918242,0.22927484194578035
376,MSH2_proteomics,0.05947827016132374,0.012719016180382752,0.23012509656760322
677,PAK1_proteomics,-0.09088409805964884,0.012718211564430463,0.2301399330139794
317,FGFR1_proteomics,0.081080549154884,0.012505032669478043,0.23411131726994894
96,PIK3C2A_proteomics,-0.044709932243423914,0.012435789917595495,0.23541885723844538
709,HLA-C_proteomics,0.18783872490320197,0.01234460191936452,0.23715417190766977
638,LRRK2_proteomics,0.04742096966942273,0.012303971570145168,0.23793230932826412
682,FTH1_proteomics,0.08424863045852417,0.012294699384251628,0.23811031608945596
116,VPS16_proteomics,-0.03377148695782363,0.012275166137561345,0.23848583756327266
243,KITLG_proteomics,-0.1667142685114437,0.024281918376564633,0.23858434107890428
282,PDLIM5_proteomics,0.07481183889339343,0.012269639576172197,0.23859221330894284
867,CALML3_proteomics,0.09496636283729983,0.01218510987714561,0.2402263770013944
527,JUND_proteomics,0.0453379905732215,0.012181556496945793,0.24029536673806398
181,COL9A1_proteomics,0.13425883281099255,0.01517919939097769,0.2419862209381616
678,DVL1_proteomics,0.07877421195265089,0.012000191789774765,0.24384851568014684
449,PTPN1_proteomics,-0.06921506006994514,0.011997592479453915,0.24389989797322725
479,CASP9_proteomics,-0.04893024771371373,0.011918766070610511,0.2454643412271425
53,APC2_proteomics,-0.17675984155409538,0.021266602938692387,0.2464067886989895
699,AFDN_proteomics,-0.07080974687628842,0.011753856095935333,0.24877669846878106
732,TNK1_proteomics,-0.05708291260425762,0.011742631672073268,0.24900411267576605
163,JMJD7-PLA2G4B_proteomics,-0.08020483307153704,0.011699259472956733,0.24988523528756823
581,PIAS3_proteomics,-0.061409255457579505,0.01317885250285441,0.25785473036137674
712,PTK6_proteomics,0.11366900295028881,0.01485390638539627,0.25797956742055755
390,COL3A1_proteomics,0.1223408722460182,0.011162934168660628,0.2611010238710969
749,LATS1_proteomics,0.04469822323150388,0.010942616143028567,0.2658864800921281
57,LRP6_proteomics,0.1704804196756224,0.0170523770688086,0.26744543611786703
818,CD63_proteomics,-0.10961286599678076,0.01086591928633887,0.2675776861901217
209,RAC3_proteomics,-0.07339952172925628,0.010808731249023627,0.26884735938220716
468,GPX3_proteomics,0.10903013011299686,0.010690889074890457,0.27148723482640985
307,NOS3_proteomics,0.06044059592964161,0.010686228743130622,0.2715922927922467
237,RXRB_proteomics,-0.03745073084715627,0.01066515547565304,0.27206797749560463
563,E2F3_proteomics,0.0682941161775465,0.011456756242714892,0.27249153803987686
251,COL4A5_proteomics,0.05813954303586729,0.010485577965149005,0.27616381194473083
370,VWF_proteomics,0.07595856812893496,0.010476758316799704,0.27636694025732234
783,KDR_proteomics,0.0861389716604147,0.010425424831585423,0.27755292003082294
836,EIF4E_proteomics,-0.031077422486023566,0.010305287524880118,0.28035341431866584
689,KLF4_proteomics,0.13960920739898644,0.017992979449480334,0.2867428911964952
426,PTPRT_proteomics,-0.09265517618906458,0.017184778933770097,0.29032818996957727
143,TGFB3_proteomics,-0.0907143367585622,0.009865606299295521,0.29090961688611267
509,ABCC2_proteomics,0.1570880035253828,0.022205350098542714,0.2917279143796953
652,PIK3CD_proteomics,0.057750377837871285,0.00980270114494087,0.29246056826088224
432,CNTFR_proteomics,0.16255000968465716,0.02350485274939646,0.29292842525863066
311,SDS_proteomics,-0.08222037418897035,0.009655880622709228,0.29612143977025
782,RHOB_proteomics,-0.09007217725591819,0.00955278008954325,0.29872701602211227
532,CACNG6_proteomics,0.08461687158509722,0.01018248736211912,0.30104913851561155
679,DAXX_proteomics,0.037692085139984656,0.009458362510333617,0.301138825880497
107,CASP3_proteomics,0.04274583429734477,0.009337160990118871,0.30427139316866475
125,CSF1R_proteomics,0.07683846613224009,0.009161235236755598,0.3088930945643699
252,CD48_proteomics,0.10546750534241028,0.00915530806106192,0.30905037239788347
146,PTPN7_proteomics,0.08019247997247089,0.009124402407698167,0.3098721287076814
736,AKT2_proteomics,-0.05417744536074715,0.009100327449271122,0.31051421494144976
35,PRKD2_proteomics,-0.03306407240573542,0.009062016841689554,0.3115395138583363
659,CLTA_proteomics,-0.03707252935084594,0.008925128041097772,0.31523899423042223
731,WNT2_proteomics,0.12510752751647103,0.017350713201469962,0.3157491977532459
368,PIK3C2B_proteomics,0.03570557763985102,0.00883270474424432,0.31776902343925206
23,PIK3CA_proteomics,-0.039333389674681536,0.008784967016661045,0.3190861534877362
110,JAG1_proteomics,0.10048597664707845,0.013774634919087746,0.31931141800265844
331,SCD_proteomics,0.1518936188867805,0.008692288130160675,0.32166363057949915
279,LEF1_proteomics,-0.09835591871636072,0.013755089393472763,0.32306504106552725
569,HLA-DQA1_proteomics,-0.11903881318052117,0.00861901266318323,0.3237207563145197
36,NR3C1_proteomics,0.04634516845697235,0.00854410033023976,0.32584167457269286
821,RPS6KA4_proteomics,0.03940484997353254,0.00840797938207344,0.3297424597245816
458,THBD_proteomics,0.10814013014445041,0.014790559668742384,0.3306746395595269
819,THBS2_proteomics,0.15082522576089022,0.008354067570802709,0.33130439474676376
423,ITGB5_proteomics,0.08749714314021081,0.008313072719302988,0.3324986421714393
629,BLK_proteomics,0.0697151833323919,0.008295448552785262,0.3330138121169982
936,SHC1_proteomics,0.035650519999414064,0.008264281133071797,0.3339274515348424
50,PPP2R1B_proteomics,0.053074009202043235,0.008167513943343809,0.33678533203650085
756,HSP90AB1_proteomics,0.0392103465870651,0.008157270122382822,0.3370897662726452
149,CASP8_proteomics,0.04744758007544888,0.008115342006538734,0.33833964105653025
567,STK11_proteomics,-0.039828677130891575,0.008084156203290496,0.3392732908513817
813,INSR_proteomics,-0.06072047881285548,0.00789189039058942,0.34510605333495425
612,MAP2K7_proteomics,-0.032297682816215464,0.00776742293444502,0.34895388110830405
472,HLA-DMB_proteomics,0.06539336127243246,0.007763579861659451,0.3490736040144341
770,SSH2_proteomics,0.06853462449526497,0.008155803112622335,0.3549199264674684
865,MAP4K2_proteomics,0.0316410228314559,0.007553237462822784,0.3557119645995047
31,HSPA8_proteomics,-0.02573080016516349,0.007543249573510496,0.3560314207430849
547,ATF2_proteomics,-0.02993139206850737,0.007393228548426217,0.3608771170838091
824,COL4A4_proteomics,0.08012205747656796,0.007344017285229294,0.3624862608327044
556,TYMP_proteomics,0.051961529309200644,0.0073252263657118295,0.3631032923664371
286,ANGPT2_proteomics,0.08506775837502345,0.008312271968589012,0.3645394332673695
884,PFKFB3_proteomics,0.06646147277185406,0.007281250497818203,0.3645529571931022
653,SLC39A10_proteomics,0.0713821653884254,0.007170715228210232,0.3682320756823436
51,ITGAE_proteomics,0.14952589015679266,0.006888694052702993,0.3778548790165679
828,VHL_proteomics,0.05076578879241344,0.00790850816011071,0.3789339407672707
336,PLCB4_proteomics,0.07839435547467953,0.006826805570488085,0.3800133453905714
348,FASN_proteomics,-0.09253672037145859,0.006630047998433475,0.38699176516064315
289,TTBK1_proteomics,0.10852692873136784,0.014936698129991509,0.3880666172536853
878,CEBPA_proteomics,0.10816696055973617,0.013511523070000187,0.3892009517837415
198,STK4_proteomics,0.04001365351447174,0.006523210981821943,0.39085696708854334
7,TMSB4X_proteomics,0.05336502174385391,0.006412529750199041,0.3949193861435716
558,CSF1_proteomics,0.1070986028028331,0.011502874665295471,0.3951206824236797
774,MAP4K1_proteomics,0.07452168121727733,0.006488389343140721,0.4050528649395899
519,LIPE_proteomics,0.10889828547390282,0.0060659338714976535,0.4080400817716541
611,ZEB1_proteomics,0.06583139633994883,0.0069691268764091275,0.4113532154739703
71,COL9A2_proteomics,-0.15824397885515817,0.006578724826244703,0.41306672647585885
164,BRAP_proteomics,-0.020580020485204794,0.0058687014112102955,0.41579072391413896
418,SMAD4_proteomics,0.029528270214521594,0.005864176570205629,0.4159710619536695
310,CHUK_proteomics,-0.023789536372664597,0.005787617670052199,0.4190398874457353
327,GRB7_proteomics,-0.12548448568060375,0.00565558764570402,0.42441153856409286
158,RGL2_proteomics,-0.037746845777532796,0.0055494102444878105,0.42880613043312554
403,AXIN1_proteomics,-0.053680182210295455,0.00596500696059599,0.4291146711193963
288,TNN_proteomics,-0.12333231733413856,0.005536618644389011,0.4293401579148657
467,RAB8A_proteomics,-0.04232037570918052,0.005450627203528668,0.4329562512424854
328,ENAH_proteomics,0.04098877250293288,0.005397879823661962,0.43519715293166894
797,TXNRD1_proteomics,-0.0332455392242438,0.005322428938147293,0.43843326158383034
911,ACACB_proteomics,0.07412770499062656,0.005265403831604206,0.4409034402986991
498,SLC27A1_proteomics,0.048219491739126014,0.005264578211234044,0.4409393598509702
204,FTL_proteomics,0.09565687467771891,0.005250774179094322,0.4415405830927539
232,CYCS_proteomics,0.04768657697339433,0.005212460328477546,0.4432158997548097
533,HLA-DPB1_proteomics,0.07084710775947893,0.005190070696917566,0.4441994266073782
210,VPS11_proteomics,-0.024318238515826346,0.005178247097307013,0.44472016375157075
741,IRF7_proteomics,-0.05923825360716544,0.005531924191910983,0.44643037417123244
763,HLA-DRB5_proteomics,-0.15629764092774762,0.005129095567077177,0.4468950026134427
742,PRKRA_proteomics,-0.028036094164892153,0.005092815048688387,0.44851086707264787
557,SDPR_proteomics,0.09271876143423767,0.0049633234026768384,0.4543526296741588
724,CASP7_proteomics,-0.044470720216623294,0.004952330672506585,0.45485399122937775
887,OSMR_proteomics,0.0707068265307782,0.009382299289917118,0.4577138519159396
493,STAT1_proteomics,0.06415961435699612,0.004777066733049108,0.4629661625973934
66,RPS6KB2_proteomics,0.034960725661996865,0.004774686633748575,0.46307789178439973
665,CAMK1_proteomics,0.03319201855062873,0.004764513799682224,0.46355591741090096
482,RIN1_proteomics,0.043745905051705954,0.004740816645607229,0.46467249351546513
950,TPI1_proteomics,0.03316843541675797,0.004676614404872872,0.4677191762003695
197,CTNNA1_proteomics,0.04039784956592477,0.004674134386584269,0.4678375018082567
168,PPM1B_proteomics,-0.01848362698515444,0.004665791704638655,0.4682358951976954
131,MDM4_proteomics,-0.1407641851140783,0.007762905938443128,0.4715828996137398
1,NFKBIA_proteomics,-0.032876618212093756,0.004586509983803958,0.47204912453671466
608,TIAM1_proteomics,0.056445361369913905,0.004929479442632518,0.4723765122195829
200,RICTOR_proteomics,-0.019844967863282506,0.004528672428175844,0.4748625119808275
437,SETD7_proteomics,0.03450194721405439,0.004501108566427925,0.47621282755796457
309,HDAC7_proteomics,0.02774335412412249,0.004488184194566464,0.4768481147598669
885,ARHGAP5_proteomics,-0.030160831983953463,0.004418469143157797,0.4802987389025354
575,MEF2C_proteomics,-0.07500429798638736,0.005627931941766865,0.48221740983793326
680,SRPX2_proteomics,0.09049656283076234,0.004379920460854943,0.48222423947130844
278,TFAP2A_proteomics,0.049544150639655164,0.0043279736663789274,0.48483901582582245
938,LAMA3_proteomics,0.08227083346962873,0.0043059482959530385,0.48595470876553526
903,ATAD2_proteomics,0.060731178345591635,0.004206578365621493,0.49104134136402944
596,GSTM1_proteomics,-0.1687145500132228,0.0041891389824434576,0.49194314214577894
582,PPP2R3C_proteomics,0.06046720481596097,0.008208613202516408,0.4949619931701411
451,COL2A1_proteomics,-0.08451321368736438,0.0040747676731317725,0.49792645836293614
492,CACNB3_proteomics,0.050398682097434325,0.004051476139343446,0.4991599122535886
399,COL4A6_proteomics,0.05452936705336013,0.004027715367126792,0.5004235301008803
487,SLC39A11_proteomics,-0.06446669775254893,0.004011116523534538,0.5013094787571677
258,ECSIT_proteomics,0.032262759413278275,0.003981893692319997,0.5028756867016397
717,ETS2_proteomics,-0.1417418481809989,0.009554384996181548,0.5040282276663988
245,ARNT_proteomics,0.025678362851442406,0.003960351990922315,0.5040355437311614
925,ARF6_proteomics,-0.027536573503563457,0.003942658826016996,0.5049915921902066
321,NTN1_proteomics,0.06476493950043921,0.004442179281115029,0.5078299761898064
450,PPP3CB_proteomics,0.02780425664766962,0.003833272642955293,0.5109716944086965
605,GNG10_proteomics,0.036623996022159044,0.003829024590299172,0.511206383579077
589,DOCK1_proteomics,0.029917046860343417,0.00378543319982564,0.5136254344804394
404,TOP2A_proteomics,0.07212934223680426,0.0037659724095206286,0.514711788115372
214,ITGA3_proteomics,-0.05951125207817765,0.0037610760534086732,0.5149857432795755
827,PPP2R5B_proteomics,0.02720902543818603,0.003714240662412136,0.517619082555191
359,FLT4_proteomics,0.05246554921125992,0.003622257487927664,0.5228599014073008
693,NAV3_proteomics,0.1152459436640025,0.005116258009631975,0.523090428841696
702,ITGAD_proteomics,-0.05968769102268481,0.004224731659926566,0.524865170197762
929,ZIC2_proteomics,-0.1426965564151214,0.012301602370846492,0.5258855665516387
443,CDH1_proteomics,0.05891716802883837,0.00356942313719184,0.5259125761669319
17,COMP_proteomics,0.1055943973188217,0.0035319697145809177,0.5280957546321234
281,ATR_proteomics,-0.024049337550797995,0.0034938197734155686,0.5303361790243004
272,LRP5_proteomics,0.09748016931192037,0.005979338160829948,0.5308128661494229
227,CUL4A_proteomics,-0.023771620093990014,0.0034619602667144657,0.5322202453799624
387,ACTN4_proteomics,-0.04867573926164807,0.0034301954150442477,0.5341107111494958
901,PRKACB_proteomics,0.07719544105069996,0.0036965904532853706,0.5358365206028766
94,ZAP70_proteomics,0.05714215554396364,0.0033986728148128363,0.5359987570126545
318,ABL1_proteomics,-0.023227328901482727,0.003366298249582922,0.5379504371713497
39,CREB5_proteomics,-0.028705136963423347,0.003357073530709187,0.5385089058312191
334,SSH1_proteomics,0.023277163459262607,0.0033113856226303015,0.5412905074453995
475,CHTF18_proteomics,0.03412735744841147,0.003310972009820251,0.5413158090595396
650,SRXN1_proteomics,-0.039190390569216665,0.0032900026880661837,0.542601392214247
185,EPHA4_proteomics,-0.0838220907695163,0.007237635897815823,0.5447263781679258
189,GNG7_proteomics,0.044625826136665735,0.003236319312377819,0.5459182897803835
552,PHLPP1_proteomics,0.2411533465699654,0.0074875485011575834,0.545998786550644
385,HES1_proteomics,0.0346120288421207,0.0031273403701271873,0.5527684055742346
196,PRKAR2A_proteomics,-0.025208581408933256,0.0031183227848314565,0.5533424111832738
239,CAB39_proteomics,0.027284342578344976,0.0031149301443548615,0.5535586559117237
697,CTF1_proteomics,-0.07276132558568128,0.008619051379731247,0.5537655144183565
694,BLVRB_proteomics,0.04102637154374841,0.00303824728548392,0.5584891715815224
361,LAMA2_proteomics,0.05185732899386338,0.0030040389103074597,0.5607155941354972
246,MAPK15_proteomics,0.05225567629470166,0.0029107207274014168,0.5668762903909754
447,MAP3K4_proteomics,0.018205571097385326,0.0028690762243853115,0.5696678783737005
848,SREBF1_proteomics,-0.05614034611844626,0.003953185966711562,0.569911923807687
49,MAP4K3_proteomics,-0.01750635893268195,0.0028447637705065858,0.5713100160770415
75,EFNA1_proteomics,-0.05284731861103334,0.0028397237261866513,0.5716515918813327
602,SLC6A1_proteomics,-0.10927912649123127,0.00760830351772502,0.5734298705152864
445,SLC26A2_proteomics,0.09092138063807657,0.005025585322791596,0.5746875029423767
889,BIRC2_proteomics,-0.01748748477994872,0.0027908634660914174,0.5749838127837703
104,HLA-DRA_proteomics,0.043499807452402645,0.002789030347140894,0.575109572087624
145,GSTM5_proteomics,0.09747601163974821,0.002759605164033308,0.5771357061019681
267,PPP1R12B_proteomics,0.043724037314348735,0.002944964180436637,0.5787827204902423
255,PRDX1_proteomics,0.021771378022876594,0.00267404135646227,0.5831086827759049
902,GNG4_proteomics,-0.09573027867785218,0.0046925828974248565,0.5876767878405127
879,RAB5C_proteomics,-0.025096614969841235,0.0025001975994059233,0.5956364890478374
759,BRCA2_proteomics,0.0345178555800387,0.002622880600554109,0.6003591642873389
587,ARHGEF7_proteomics,0.014913221677185114,0.002416905521398275,0.6018371649306826
14,GNG11_proteomics,0.047028374665892984,0.0036001444825224374,0.6042042728464975
9,CRK_proteomics,-0.04108407957682885,0.00234922067967365,0.6085791654212886
130,HLA-DQA2_proteomics,0.07567966323301993,0.003984457600357679,0.6090835785838489
428,MIF_proteomics,0.02391902881672578,0.0022713100671534012,0.6130094750814926
2,MAPK1_proteomics,0.01454164931574264,0.0022234532560273528,0.6167797302523493
868,GAB2_proteomics,-0.03505512958318934,0.0022039551544777635,0.618330350431463
192,TNFRSF1A_proteomics,-0.06102788610882635,0.0037252801212692447,0.626377731474054
610,FGFR2_proteomics,-0.10586661040530425,0.0020991797058865194,0.6268122399479552
338,ELAVL1_proteomics,0.015481947357366079,0.0020859072629889706,0.6279052208964895
863,PRKACA_proteomics,-0.03064890235735652,0.0020562934638814587,0.6303594384815299
132,MGST3_proteomics,0.04471660944690074,0.002034025454895793,0.632219222423478
471,ATM_proteomics,0.022122953080873288,0.002008068629935757,0.6344029132788342
886,GRB14_proteomics,0.1002211793985939,0.00332525753054602,0.6353799338468378
269,IRS2_proteomics,0.04120576375078696,0.001983294584495245,0.6365032626750596
335,MAPKAP1_proteomics,-0.01428432991813165,0.0019647398160545235,0.6380868517552345
835,STRADA_proteomics,-0.015982303933533518,0.001884813862009817,0.6450143263427048
628,VAV1_proteomics,0.02522169270424131,0.0018231959218836537,0.650477289569763
580,DNAJC7_proteomics,-0.0179979101769579,0.0017547371543413424,0.6566785578151559
651,PPP1CA_proteomics,-0.013941639616216785,0.0016796078336614583,0.6636527738635304
225,MAPKAPK3_proteomics,-0.015502069126623655,0.0016728694836415819,0.66428728245048
518,GSTM2_proteomics,-0.04569100749605914,0.0016564252590241693,0.6658421208194449
735,PRKAB1_proteomics,-0.01942141623060376,0.0015787478644227182,0.6733128661224478
173,C1QBP_proteomics,-0.025046945520401712,0.0015549820228365474,0.6756416709926265
155,MAP2K6_proteomics,0.03146137968824467,0.0015369607479766834,0.6774215210487389
784,COL4A3_proteomics,-0.040258592347965264,0.0015266064719846476,0.6784496812345728
743,TYK2_proteomics,0.012327104625706043,0.001516480457558577,0.6794591277009892
67,HSPA6_proteomics,-0.027861052335036218,0.0014967732641056383,0.6814350545937156
771,BMPR2_proteomics,0.04325024181307863,0.0026754373595442396,0.6823929504863365
890,CACYBP_proteomics,-0.022532876798782846,0.0014769459367539115,0.6834383980463741
740,CAP2_proteomics,-0.031577421734714416,0.0014765632729900012,0.6834772158190663
750,HGF_proteomics,-0.03749424366670784,0.0015863430064316179,0.6837757778218899
823,RELA_proteomics,0.011826022206443743,0.0014625145846897897,0.6849064001086005
202,EHHADH_proteomics,0.03076140498133273,0.0014030412173306568,0.6910466794094694
441,DNAJB1_proteomics,0.01827399701748232,0.0013588240777901348,0.6957100530832472
730,MBP_proteomics,-0.031708863812731504,0.0013264337562452137,0.6991818225905511
459,NLK_proteomics,0.029504884094187445,0.001307830592025667,0.7011978451480831
236,CACNA2D3_proteomics,0.053159226391468424,0.0015043240016677306,0.7016277801646665
371,NEDD4_proteomics,0.020347270352879667,0.0013000043096835568,0.7020508867174298
642,NGFR_proteomics,0.0478663772364301,0.002035872535234913,0.7026624168315407
306,CDKN1A_proteomics,0.0394058425327101,0.0013575912364460594,0.7049977608327258
952,EIF4E2_proteomics,0.008746308174288476,0.001254172865494905,0.7071063268873559
367,HSPA2_proteomics,0.0495016753106605,0.0012212861188491964,0.7107991213594265
829,MAFG_proteomics,0.020110537050636108,0.001172333787616588,0.7164019805822124
553,CALM2_proteomics,0.03410552185078018,0.0011394949144488465,0.7202350644859401
663,VPS4A_proteomics,-0.012000409865071395,0.001118908773471393,0.7226697878168313
194,NOS1_proteomics,0.13812222864026724,0.002562122957781758,0.724279329008909
946,LMNB2_proteomics,-0.014640232551534923,0.0010811773254223965,0.7271985043920842
48,SLC5A8_proteomics,-0.08936876484107359,0.002075266118483289,0.727376842210504
177,ABCC5_proteomics,-0.03818973475408233,0.0018670104066931608,0.7284511831304084
648,PIK3R4_proteomics,0.009768066601859795,0.0010661026323448024,0.7290325844900092
615,XYLT1_proteomics,0.03696662099408833,0.0017342139838878812,0.7321305062363477
943,SMAD1_proteomics,0.02130485647180059,0.0011012114407638596,0.7343650037384699
488,SHMT1_proteomics,-0.02289682458019052,0.0009753938049041902,0.7403873589643144
779,CHGA_proteomics,-0.08884899267799724,0.0010312281044387848,0.7426395657218084
655,TCL1A_proteomics,0.052157784482748173,0.0010329561704889656,0.7496800155950443
817,PIK3CB_proteomics,-0.012122471575104035,0.0008991819856177389,0.7503889309513546
211,SLC9A1_proteomics,0.02004569723625456,0.0008747477430078617,0.7536938197345944
746,CRKL_proteomics,0.009049646390200262,0.0008610336477902844,0.7555709680244067
425,RAF1_proteomics,0.008886996267929126,0.0008509187350162324,0.7569659900618054
360,CSNK1A1_proteomics,-0.01236991172725537,0.0008322040877617177,0.7595711919003403
844,E2F5_proteomics,0.035812385318604575,0.0011280407097663066,0.7602505035921918
280,PIK3C3_proteomics,0.008779847936796167,0.0007971649296460687,0.7645363087435144
150,ELK1_proteomics,0.014559808610356684,0.0008373801578255398,0.7673230909571374
577,GSTM4_proteomics,0.032648229325128134,0.0007699996681528266,0.7684680324981268
224,DUSP3_proteomics,0.013453857956079531,0.0007665241991737007,0.7689764526153837
98,LAMB4_proteomics,0.04236712440863869,0.0010377045840241855,0.7711335040779566
695,SCIN_proteomics,-0.041186524540469775,0.0007336718633351772,0.7738454170388074
632,PKN3_proteomics,0.017716155058178844,0.0007299460301646543,0.7744050043920081
186,PELO_proteomics,-0.009133079553819803,0.0007148106885635088,0.7766942194759294
620,RASAL3_proteomics,0.016285310273777456,0.0006652038540512188,0.7843862293182263
789,CHTF8_proteomics,0.02312507522992426,0.0007565899058369409,0.7869615224323452
622,ACACA_proteomics,-0.023598086844647714,0.0006205955424444084,0.7915707900585567
395,TCF4_proteomics,0.017153084038551956,0.0005900758458326508,0.7966466731915576
913,CDKN1C_proteomics,0.0337111876379386,0.0009936641792688465,0.79858034385495
745,UBE2T_proteomics,0.025412693540955083,0.0005600540658381551,0.8017781232452285
184,PCK1_proteomics,0.037517219121156326,0.001058379419510762,0.8034395601048123
323,RHOC_proteomics,-0.010351354637373458,0.000543498307508335,0.8046705707447324
24,PPP1R12C_proteomics,0.024447972859004994,0.0007262396839669637,0.8077470849226653
873,RAB14_proteomics,0.010715865848967164,0.0005063399940488089,0.8113373087471407
134,GCLC_proteomics,-0.013945050862997601,0.0005056328367715825,0.8114666496935671
931,ALDOA_proteomics,0.016162243327173094,0.0004949855795536162,0.8134257253483921
537,PCK2_proteomics,0.014301904143843969,0.0004775465944122265,0.8166830969177514
669,THBS4_proteomics,-0.03096374515088394,0.0004634129563734669,0.8193693185315744
907,PPP2R5D_proteomics,0.008815879733670826,0.00042154244520224926,0.8275900260111928
706,BAX_proteomics,-0.008775764165849458,0.00041464009235424906,0.8289856691685771
58,NFKB1_proteomics,0.008356956391675354,0.0004113447786433731,0.8296562614104245
780,ZAK_proteomics,0.012156980599518316,0.0004024523898568205,0.8314799928874215
807,TXNRD3_proteomics,0.011434231823096982,0.00038802685311959003,0.8344838575201687
809,HLA-B_proteomics,0.02596971544866929,0.0003482050945269949,0.8430919223384223
609,ENO2_proteomics,0.01924846280161249,0.00034143228987428145,0.8446060213515734
649,STAT5A_proteomics,-0.009895869389013996,0.00033235843035867685,0.8466591749048191
176,WASF1_proteomics,0.015740276184898427,0.00030720059941612257,0.8525086033233804
316,MGST2_proteomics,-0.01542745663799036,0.0003095021007355851,0.8572652494879174
454,RAB5B_proteomics,-0.008868132774731592,0.00028485604532927896,0.8579153533388528
875,ABCB1_proteomics,0.0345779405497624,0.0005598818940947529,0.8588124867494417
22,CDK2_proteomics,0.009398939419626618,0.00026999774620452093,0.8616327182512538
391,PLA2G6_proteomics,0.014530381132348506,0.0002614574410851704,0.8674639193646116
382,RBX1_proteomics,0.004413091925765914,0.000231401127364447,0.8718126779729306
939,STAT5B_proteomics,0.007442777479758381,0.000206794785100615,0.8787646656017316
113,NFKB2_proteomics,0.0058290150496134625,0.00020673904975852285,0.8787808797570063
25,PIK3CG_proteomics,-0.007828260202273117,0.00018489410044320696,0.8853176928580005
926,TBC1D1_proteomics,-0.007659795540660038,0.00018409890655558676,0.8855628927629005
755,EIF2AK2_proteomics,-0.007139890084062497,0.00017835268060244582,0.8873510530811872
229,BCR_proteomics,-0.004508972564293712,0.0001720022243805339,0.8893617639891732
221,ERBB2_proteomics,0.023157394565563403,0.00016911220075240931,0.8902893355332213
728,GAP43_proteomics,-0.02487343749114551,0.000367495990190475,0.8926987980413736
660,KSR2_proteomics,0.016593005853672096,0.00022500013652824937,0.893597851185695
560,PKN2_proteomics,0.003931868619701645,0.00015261470830934079,0.8957462186915972
139,PRKAA2_proteomics,-0.01387508971692852,0.0001291087307540421,0.9040687935529099
213,KAT5_proteomics,0.008406734559210354,0.0001359938634268415,0.9051041181307745
293,GNA11_proteomics,0.006372225479133266,0.0001244628718925978,0.9058025233603546
28,ACADM_proteomics,-0.008442370890877031,0.00012378414555450496,0.9060585378727781
871,BAP1_proteomics,-0.0030702975279535906,0.0001166728416330775,0.9087849019284924
228,AIP_proteomics,-0.004428326685247521,0.00011523910887571839,0.9093446815924624
438,PRDX6_proteomics,-0.004586906692185289,0.00010090221463833322,0.9151486603381314
667,CYP2A6_proteomics,-0.021823323387023863,9.978396377424806e-05,0.9156184105159922
831,ITGA2_proteomics,-0.008001118718605978,9.406735739869887e-05,0.9180625084067762
951,MYOF_proteomics,0.007083666684296715,8.956692095612523e-05,0.9214696027229277
675,BRCA1_proteomics,-0.009763430191440993,0.00010986311691694743,0.9241504134947167
154,GJA1_proteomics,-0.012869481590713449,7.637058226353245e-05,0.926146980658997
308,MAPK13_proteomics,0.00489425547279527,7.545556525741205e-05,0.926589499232392
716,NCOA3_proteomics,0.0034984983573792803,7.438682069345809e-05,0.927109802923089
218,PRKCH_proteomics,-0.005917301564828197,8.018576374173471e-05,0.9274111858419987
421,RAC1_proteomics,0.002789501130113578,6.341113417115393e-05,0.9326880792013617
856,AMOT_proteomics,0.004197814854020885,6.0531154415537574e-05,0.934230911928964
857,PMP2_proteomics,0.011723338338889656,5.5694405712925216e-05,0.9369076131584941
400,MAP3K8_proteomics,0.003672319032883873,5.1515381827879465e-05,0.9393161421242702
101,TXN_proteomics,-0.0036605283821343967,5.094529497138495e-05,0.9396522144260935
603,OTUD5_proteomics,-0.005136536010692909,5.0737966543641095e-05,0.9419517574380379
485,LAMC3_proteomics,0.012602991806687228,6.188477737296307e-05,0.9541134434223697
932,POLK_proteomics,0.003448996470228758,2.8464113839170594e-05,0.9548727723484718
156,THBS1_proteomics,0.009062630237383323,2.7104434050916672e-05,0.9559626768848364
625,RASGRF2_proteomics,-0.006078886788764944,2.3619436591369684e-05,0.9647898944581346
497,PDK4_proteomics,-0.005652150355673643,2.6651051401168454e-05,0.9651806591302434
775,NCOA1_proteomics,-0.0017056940026519052,1.3471300599037382e-05,0.9689461817610123
627,MTDH_proteomics,0.0020418969553847293,1.169591768238639e-05,0.9710637894178631
529,NF2_proteomics,-0.0011016903693513275,1.0883117355326798e-05,0.9720869244959939
366,CLTB_proteomics,0.001809161920325518,1.0838187586390396e-05,0.9721445789881745
795,XIAP_proteomics,-0.0009474591349426835,9.31577002621277e-06,0.9741742463182819
846,PTGR1_proteomics,-0.0024358225947538254,7.917837774672983e-06,0.9761900679990168
180,SMARCA1_proteomics,-0.0022278302736552717,4.7055144913759075e-06,0.9816437391767758
590,PRKCQ_proteomics,-0.0020424963820218365,4.261813250300926e-06,0.9839886657188432
330,TGFBR3_proteomics,0.0020649473744798357,2.919510846599856e-06,0.9855406071391788
314,MAP3K11_proteomics,-0.0006355288961797647,1.6740584748239654e-06,0.9890505998075305
234,VCAN_proteomics,0.0016336981390446975,1.6529266832482927e-06,0.9891199226642016
322,IGF1_proteomics,0.0011559835684199135,1.280141811923716e-06,0.9914596463513614
597,PAK4_proteomics,-0.0005647036730596869,9.031676092572801e-07,0.9919574200323518
440,HSP90AA1_proteomics,-0.0002840964168985643,8.235589801139305e-07,0.9923200356507619
118,TNXB_proteomics,0.0009720672096608546,6.855228867825652e-07,0.9929931319550556
727,RASA4_proteomics,0.0002058998845725746,9.491604643493695e-08,0.9973927208916518
853,GNG5_proteomics,-6.219185381793665e-06,9.574158833263918e-11,0.9999171926702206
