,Comparison,Correlation_Gbm,Correlation_Brca,Correlation_Luad,Correlation_hnscc
2,GRB2_proteomics,-0.6108891162098071,,-0.3024385657756904,-0.532341215310538
3,SOCS2_proteomics,0.5627196030682289,,,
7,GLA_proteomics,-0.5504906315237544,,,
8,CTSC_proteomics,-0.5462852751917662,0.26693956593905577,0.30276041161402084,
12,SHC1_proteomics,-0.5405244914396086,,,
17,ATP7A_proteomics,-0.5224817306372646,,,
19,CD180_proteomics,-0.5182666129723484,,,
25,WAS_proteomics,-0.5019180366341212,,-0.3379086881786271,-0.5034268684782973
28,NPC2_proteomics,-0.498790591960705,0.2795993233274339,0.29251983063392983,
29,IKBKE_proteomics,-0.5197345389973977,,,
33,CTSB_proteomics,-0.4968953119173142,0.34104789265687063,,
40,ARHGAP45_proteomics,-0.4925637699560174,,,-0.4436198247737188
52,OSTF1_proteomics,-0.4842980609146354,,-0.2755570745759093,
53,APBB1IP_proteomics,-0.4830555483585245,,-0.2771508905356152,-0.3825552618620904
57,CTSZ_proteomics,-0.4817090471537244,0.2674715286461375,,-0.2681026850317217
58,CSK_proteomics,-0.481564725075465,,-0.36156774738483016,-0.3802600095388597
63,RNF130_proteomics,-0.4754253341978527,,,
65,CD14_proteomics,-0.4746481984106531,0.252201482659813,,
73,PLCG2_proteomics,-0.4724528986019063,0.2686127470048235,-0.40815336175374417,-0.3789496501144576
75,SYK_proteomics,-0.4708487814463348,,,-0.2984282292601957
83,CD4_proteomics,-0.467479032996641,,,-0.4172324388659395
84,NCKAP1L_proteomics,-0.4671625433058982,,,-0.4107485259871254
87,PIK3CD_proteomics,-0.4662648948315302,,-0.33176003913986385,
92,FYB1_proteomics,-0.4650349443921815,,-0.2776553814679984,-0.3708165975212031
93,RASAL3_proteomics,-0.4645787127341439,,-0.28262273787687703,-0.4249307088419797
99,REL_proteomics,-0.4611850658076229,,,0.37652670127265897
100,LCP2_proteomics,-0.4608809701320738,,,-0.3900975548371692
101,CTNNB1_proteomics,0.4608358789852845,0.2675313477073756,0.3474829302100987,
108,FCGR2A_proteomics,-0.4561475438424893,0.3810238891579138,,
111,CTSL_proteomics,-0.4530784324156623,0.2913654666388807,,
119,COL1A1_proteomics,-0.4504654484371207,,,
125,MYO10_proteomics,0.4474781939588647,0.5158009122647153,,0.3706030282877606
126,FCGR3A_proteomics,-0.44714792640110335,0.2551058431474817,,-0.341007632865645
127,VAV1_proteomics,-0.44714281575333015,,,-0.43946391089850745
128,MAN2B1_proteomics,-0.4470946229040094,,,
129,HEXB_proteomics,-0.4468664074316057,,,
130,IL18_proteomics,-0.44685949345758735,,,
132,B4GALT1_proteomics,-0.44594460701449457,,,
133,GAA_proteomics,-0.4458984482707353,,,
137,RNASET2_proteomics,-0.4446926822173949,,,-0.3148212858831092
142,HLA-DMB_proteomics,-0.4420053958513874,,,-0.29054674900402244
144,CTSS_proteomics,-0.4413047063447187,0.25104127479929383,,-0.4785301637263124
145,TYROBP_proteomics,-0.4398210914081671,,,
147,CD300A_proteomics,-0.4396928026611209,0.2809979603695153,,
149,NF1_proteomics,0.4390237262660885,,,
153,GMFG_proteomics,-0.4382236838709577,,-0.41759865020681786,-0.33682161247322634
155,STXBP2_proteomics,-0.4378059058846811,-0.2428322061739793,,
156,FCER1G_proteomics,-0.4375775282144457,,,
157,ABI2_proteomics,0.43736669249384297,,,
159,VAMP8_proteomics,-0.4371798002477917,,,
163,TRIM9_proteomics,0.4355361097258303,,,
164,NEDD4_proteomics,-0.4349245255836749,,,
168,DOK3_proteomics,-0.4331266451370768,0.2467304724235917,,-0.3211521121775889
173,AMPD3_proteomics,-0.43196184325911535,,,
174,PIK3AP1_proteomics,-0.4317342235852393,0.3330788378195872,,-0.4734454453412432
175,ARPC1B_proteomics,-0.4314725422377172,0.2903702776494769,,
183,DOCK2_proteomics,-0.42884069263366176,,-0.2917019737883516,-0.4400847028736206
184,PGM1_proteomics,0.4282548716357236,0.3484970962062566,,
189,IL16_proteomics,-0.4265713290680917,,-0.3970557231852716,-0.47871634249808104
193,FCGR2B_proteomics,-0.42602763013464,0.3894107843283814,,-0.2749177918882426
194,HCK_proteomics,-0.4260010610637584,0.4023290968371758,,-0.2972727750269033
195,GAB1_proteomics,0.4258739014606532,,,
196,PLAUR_proteomics,-0.4256393559046623,0.4674275936294324,,0.27850352709489623
200,PTPRC_proteomics,-0.42495788600673146,,,-0.4023965480766871
202,HGF_proteomics,-0.4438754601660816,,-0.4076931163179989,
203,PTPN18_proteomics,-0.4238355954905362,,,-0.4258698642603373
204,WIPF1_proteomics,-0.4238181973608884,0.23230424680781514,-0.2875829935780019,-0.4332703408113532
205,BTK_proteomics,-0.4233800315892208,,-0.2780027066666871,-0.4548727098159328
206,ARPC3_proteomics,-0.4233302584972303,0.311783911240739,-0.3016987234555035,
214,TLR7_proteomics,-0.4214657674336453,,,
216,TCIRG1_proteomics,-0.4214257021892915,,,
220,CNPY3_proteomics,-0.4211264967824083,,,
223,FPR1_proteomics,-0.42089503362601977,,,
224,ALDH3B1_proteomics,-0.4208084927416039,,,
228,LILRB1_proteomics,-0.4197620483657131,,,
231,KBTBD6_proteomics,0.4193132437143131,,,
233,BRI3_proteomics,-0.4189446141231125,,,
236,FGL2_proteomics,-0.4183446680806845,,,-0.4335338962802843
237,COL1A2_proteomics,-0.417762961922836,,,
241,FLNB_proteomics,-0.4172346263709471,-0.2535595274056683,,0.3484908637639775
242,MRC1_proteomics,-0.4171237639253955,0.3720280912601993,,
244,SERPINB2_proteomics,-0.4827558458776459,0.2976356296579765,,
257,CTSA_proteomics,-0.4145160484365489,,,
259,IRF5_proteomics,-0.4331115903040691,,,-0.4699488782845669
261,NFKB2_proteomics,-0.41429221012761336,,-0.40788741152781227,
270,ITGAL_proteomics,-0.41264408258515983,,,-0.4438449068890873
271,ITGB1_proteomics,-0.4123638693676748,0.410529872552286,,0.3473603092996617
272,WIPF3_proteomics,0.4120990789075213,0.370668589655942,,
277,FBXO17_proteomics,0.4104407031390381,,,
284,PDGFA_proteomics,0.4129047933502273,,,
285,RELB_proteomics,-0.4087096386196151,,,
286,GLB1_proteomics,-0.4085894131018872,,,
289,INPP5D_proteomics,-0.4081806069217912,,-0.2719333361211945,-0.4400583857621493
290,CARD11_proteomics,-0.40816321074792977,,,-0.4048202958078945
293,CDC34_proteomics,0.4074059174559267,,0.3354557618790956,
295,PTPRZ1_proteomics,0.4070490288685629,,,
297,WASF3_proteomics,0.4066422126456417,,,
298,NFKB1_proteomics,-0.406439468334648,,,
299,ARPC2_proteomics,-0.4063273917893301,0.2579989385852495,-0.2927053048353768,
300,MYO1C_proteomics,-0.4059147320458793,,-0.3358334732067911,
302,PYCARD_proteomics,-0.4058488671481377,-0.27638538006133057,,
305,FGB_proteomics,-0.4049360602227565,0.3030466701645084,,
308,LRMP_proteomics,-0.404324668295278,,-0.2785986438135194,-0.3420216403731371
309,PLEKHO2_proteomics,-0.4036127628005014,,,-0.34548879828584084
311,FCGR1A_proteomics,-0.4033354510682863,,,
319,PTPN6_proteomics,-0.4020169106226247,,-0.3719903148809657,-0.411321190584976
323,LAIR1_proteomics,-0.4005065889292933,0.31087112910530823,,
327,ITGA4_proteomics,-0.3996057835812449,,,-0.3356653844655365
332,TLR1_proteomics,-0.4174059480487964,,,
333,PTPRA_proteomics,0.3989740691740296,,,
343,TLR2_proteomics,-0.3972848596462735,0.3673434292560128,,
350,FGG_proteomics,-0.3962754476192997,0.2843536972909521,,
355,LRRFIP1_proteomics,-0.3953881522168185,,,
360,EVL_proteomics,-0.3944477315294467,-0.4474442683228739,-0.351042338119793,-0.3773487993726072
364,STAT6_proteomics,-0.39394272426454735,,,
367,MAP3K3_proteomics,-0.4111817273420191,,-0.29263559698494146,
370,NFATC2_proteomics,-0.3926023250196009,,,-0.4575363475179721
372,LCP1_proteomics,-0.39249900664722415,0.25010586839274945,-0.33398659758915433,-0.3243886196771405
374,SERPINB1_proteomics,-0.3920407666033816,-0.3283548000476273,,
382,SIGLEC7_proteomics,-0.3908164309203313,,,
385,NDN_proteomics,-0.4070998386462057,,,
397,PPP5C_proteomics,0.3878299368469947,,,
398,POU2F1_proteomics,-0.3877721888290956,-0.4144439671744974,,
399,CAPZA1_proteomics,-0.3877653201176855,0.3116774846287605,,
402,C3AR1_proteomics,-0.38719349078088616,,,
403,PTPN7_proteomics,-0.3869766328697451,,-0.35413097456969705,-0.3383404855231624
415,C1QB_proteomics,-0.3839822720197488,,,
416,YES1_proteomics,0.3837622605810781,0.4091589127943173,,0.3455594680441884
418,ANPEP_proteomics,-0.3836084658525468,,0.27251177005671817,
419,KBTBD7_proteomics,0.4189318832390685,,,
420,PPP2R1A_proteomics,0.3833203756976344,-0.24386034892584474,,
421,CD33_proteomics,-0.3832688389438477,,,
430,ALOX5_proteomics,-0.3822872542592339,,,-0.2744756427264513
437,SIGLEC8_proteomics,-0.4169865333569367,,,
443,BCL10_proteomics,-0.38103971787615976,0.35890269716295337,,
445,FGA_proteomics,-0.3808888887386007,0.2640728242315118,,
457,SDC1_proteomics,-0.3780422993381519,0.33733170254323364,0.31569061435534496,0.3702091646544996
460,PECAM1_proteomics,-0.3774539664801754,0.3590347847095541,,-0.4779330904632045
464,ACTR2_proteomics,-0.3770503123017503,0.3966697765807344,,
469,TMEM179B_proteomics,-0.3934368870119791,,,
482,C2_proteomics,-0.3738105608189829,0.2676132345732469,,
483,MAPKAPK2_proteomics,-0.37380392790261385,-0.3581469148557264,,
485,MEF2A_proteomics,-0.3909829681060932,,,
486,BIN2_proteomics,-0.37356055163434976,,-0.3161282602916736,-0.4664942654255621
491,ARHGAP9_proteomics,-0.3730692598974983,,,-0.300843765794352
493,TXNDC5_proteomics,-0.3726049898938227,0.2374207931864575,-0.32586771014741145,
494,COLEC12_proteomics,-0.3726036582635239,,,
495,ARSB_proteomics,-0.3725753998120905,0.2619990303975959,,
496,BST1_proteomics,-0.3724119850517367,,,
500,MAPK13_proteomics,-0.4092096496132467,,0.2792365828322856,
504,F13A1_proteomics,-0.3714274338102035,0.2357136627040192,-0.26242985446014755,
506,FUCA1_proteomics,-0.3710356484250017,-0.300690093706931,,-0.3248929874764853
507,STK10_proteomics,-0.3710072574688166,,-0.2732074940314969,-0.353202366441315
509,MVP_proteomics,-0.3709749515839745,,0.31835536508664986,
511,CAP1_proteomics,-0.3707490114748184,,,
519,PTPRJ_proteomics,-0.3691836692055672,0.31559304916424186,,
526,VCL_proteomics,-0.3683183134509628,0.3220372527383705,,
539,AHCYL1_proteomics,0.3661380038168845,-0.3473447483429967,0.3488739584145786,
545,CSF1R_proteomics,-0.3651030859462144,,,
551,MNDA_proteomics,-0.3646897914453881,0.2924195997272221,,
552,CST3_proteomics,0.36463110585142383,,,
556,CFI_proteomics,-0.3638984730040469,,,
568,S100A11_proteomics,-0.3619218525477411,0.3554982139347125,,
575,SEC24C_proteomics,-0.3607551512376921,,,
587,GSTO1_proteomics,-0.35954528204549274,,-0.3348989616666405,
589,LY96_proteomics,-0.4478720257189835,,,
592,CD53_proteomics,-0.3588536156536186,,,-0.28156624335955216
595,A1BG_proteomics,-0.35849885166853845,,,
598,CYBB_proteomics,-0.3581606119285581,,,
599,GNS_proteomics,-0.3576650647431541,-0.2542105914604603,,
601,ARPC4_proteomics,-0.3575291437739375,0.35415697334185925,-0.2948424544928747,
603,TSPAN14_proteomics,-0.3570867074383971,0.3882165521760675,,
604,HLA-DMA_proteomics,-0.3736784021111519,,,
605,BLNK_proteomics,-0.35690614230215506,,,
612,SLC2A5_proteomics,-0.3563939482540754,,,
619,TREM2_proteomics,-0.3557091776125028,,,
623,RAB6A_proteomics,0.35513978765548315,,,
625,HK3_proteomics,-0.3550444606852368,0.4357425116199869,,
631,C8A_proteomics,-0.3546795561801017,0.2440529954100765,,
641,C5AR1_proteomics,-0.3536547077489225,,,
645,ITGB2_proteomics,-0.3526580005947523,0.2903684317992879,,
648,SERPING1_proteomics,-0.3524185319748689,0.2931903143753241,,
649,UNC13D_proteomics,-0.3522706201076221,0.3855885293134629,,-0.2746832665777269
660,PTPN1_proteomics,-0.3497352972098631,,,
662,ARPC5_proteomics,-0.3493002339969434,0.35393930986537336,-0.27030297819552546,
663,DLG1_proteomics,0.3492275366057465,,,
664,C9_proteomics,-0.34913148713694353,,,
667,LGMN_proteomics,-0.34888598496380274,0.3825492638510317,,
679,CYBA_proteomics,-0.3472029888466728,,,-0.2676172214533717
681,PPP2R5C_proteomics,0.34628815695909193,-0.2710860534705187,,0.28192962934681604
685,LILRB4_proteomics,-0.34592824389493304,0.3305284756578093,,
689,PTPN2_proteomics,-0.34534360158917765,,,
692,IKBKG_proteomics,-0.34508442012992513,,,
693,CARD9_proteomics,-0.34498092400820024,0.2979268769431982,,
697,MET_proteomics,-0.3446038960757422,0.4510636775199252,0.4856915074389204,
699,MANBA_proteomics,-0.3443879273831247,,0.3925072226989976,
701,CASP10_proteomics,-0.3442775704091444,0.3535224112489188,,-0.3189553188131393
702,COL3A1_proteomics,-0.34426920070871864,,,
703,IGF2R_proteomics,-0.34410117736349904,,,
705,SERPINA1_proteomics,-0.34387587437684275,,,
720,VASP_proteomics,-0.34248485584902466,0.3862813437183968,-0.2744761907374834,
721,ACTN2_proteomics,0.3423936933271933,0.2328201417134924,,
725,SIGLEC9_proteomics,-0.42102856646831455,,,
727,ITGB5_proteomics,-0.3417002514087034,,0.2899186354239408,0.334604396987944
735,TAB2_proteomics,-0.3407356120135813,,,
737,CNN2_proteomics,-0.3405891084979281,0.2959738725706678,,
738,CAPZB_proteomics,-0.3405882477598967,,,
741,GUSB_proteomics,-0.3400781464584124,,,
745,ITPR3_proteomics,-0.3396571395065106,,,0.2925372500457521
751,CAND1_proteomics,0.3391821483809062,-0.2753180894320055,,
759,TMEM173_proteomics,-0.3376621593059661,0.3180262983081805,0.33130841378432024,
768,AP2B1_proteomics,0.3370292785840885,,,
778,MALT1_proteomics,-0.3358486561816532,0.3850048760968815,,
779,KLHL2_proteomics,-0.3911843381207656,,,
795,CREG1_proteomics,-0.334430581717029,0.33423074675729336,,
796,FYN_proteomics,0.3343068128483088,,,
798,CFHR1_proteomics,-0.33394193618308954,,,
817,ITGB3_proteomics,-0.33231144282125386,0.3042213409090151,,
820,PPP2R5A_proteomics,0.332075711265976,-0.3802469664983786,,
824,TRAF6_proteomics,0.33175330051931,,,
826,GSN_proteomics,-0.3316948392836108,0.3561886747285072,,
833,PROS1_proteomics,-0.33114157589996257,0.3841782210180997,-0.2812292209137864,
836,RAB27A_proteomics,-0.3306967578874541,,,
838,ITGAM_proteomics,-0.3305558738041564,0.3883392935744263,,
847,CTSH_proteomics,-0.3292509605760604,,,
848,MAPK14_proteomics,-0.3291491550331348,,,
852,C4A_proteomics,-0.3286628517205764,,,
855,UFL1_proteomics,-0.32851154210045025,,,
856,LGALS9_proteomics,-0.3285113049124243,,,-0.36035775458671215
857,PTPN12_proteomics,-0.328429990498872,,,
861,IFI16_proteomics,-0.3279915457593926,0.2796559103120787,,
868,CFD_proteomics,-0.32768787434232066,,-0.2624969848896971,
870,APRT_proteomics,-0.32758302952335994,,,
872,JUNB_proteomics,-0.3273146457428896,0.4032510352722588,,0.29849719020430665
876,IFI30_proteomics,-0.3267517048048143,,,
878,UBA7_proteomics,-0.3265374786017439,,,-0.3008263030590802
879,CD40_proteomics,-0.32645541535024986,,,
887,MAP2K3_proteomics,-0.32557526200023057,,-0.2884318639013031,
892,CTSO_proteomics,-0.3250828906948759,,0.2635762177330627,
899,CCR1_proteomics,-0.3400585350303737,,,-0.5849297247082341
903,C6_proteomics,-0.3243773610968981,0.28713746718270194,,
905,SPRED3_proteomics,-0.3240538305098953,,,
907,FGFR3_proteomics,0.3238600615781466,,,
919,MTAP_proteomics,-0.3229837158957043,,,
922,C3_proteomics,-0.3228857679980263,0.30924020523462736,-0.2812468434446743,
927,C8B_proteomics,-0.3225403053937379,0.2483412757346493,,
928,RAPGEF1_proteomics,-0.322345182560557,,,
937,ARRB2_proteomics,-0.3217300239776287,,-0.32985409585007475,-0.3959667040338391
944,RAC2_proteomics,-0.3211783726449208,,-0.34993673127223235,-0.2771000333434056
946,COTL1_proteomics,-0.32108700345290603,,-0.4463412857867368,-0.39002114651327097
948,C1QC_proteomics,-0.3206926317897837,,,
950,RNF135_proteomics,-0.3205192205235167,,,
969,ELMO1_proteomics,-0.3175894719550694,,-0.41009819444603257,-0.3727429888492144
985,LRG1_proteomics,-0.3156197896830786,,,
989,CD274_proteomics,-0.3150422718275817,,,
991,PSTPIP1_proteomics,-0.3149151257838197,0.2858045366964822,-0.3169721140135333,-0.4070243361448293
993,PRKCQ_proteomics,-0.329765904450446,,-0.41817537058263576,-0.2844624529563252
998,TNIP2_proteomics,-0.3466985774132999,,-0.3712874202843134,
1001,PLD3_proteomics,-0.31423847417664585,0.2565261338368957,,
1007,GPI_proteomics,0.31387211202707144,0.3857478830736144,,
1013,HSP90B1_proteomics,-0.31328110036231765,0.2896972050526529,,
1023,PSEN1_proteomics,0.31272589995242034,,,
1033,CFB_proteomics,-0.3120969090354635,,,
1037,CASP8_proteomics,-0.3115872041274678,,,
1049,RBSN_proteomics,0.31039663828752784,,,-0.3409540940507618
1053,LAT2_proteomics,-0.3420337757925774,,,
1054,NCKAP1_proteomics,0.3101900557576178,,,0.3316972508005989
1055,SIPA1_proteomics,-0.3101507867519875,0.23081510924478585,,-0.29662859513237544
1061,STX3_proteomics,-0.30972836401999426,,,
1078,F2_proteomics,-0.30825307431580473,0.36886076295161696,,
1085,ALDOC_proteomics,0.30754513047673904,0.36783962540817183,,0.32601999314961644
1099,AP2A2_proteomics,0.30666731111037804,,,
1107,QSOX1_proteomics,-0.3058657971135748,,,
1112,RASA3_proteomics,0.3056308361620605,0.32564905706472674,,
1119,C8G_proteomics,-0.3051989706367331,0.25579319020973995,-0.27621555610409826,
1122,RAP1GAP_proteomics,0.30496891476613475,,,
1123,HERC4_proteomics,-0.3049589380503038,,,
1139,IL13RA1_proteomics,-0.3746292809677312,,,
1141,FGFR2_proteomics,0.3029193745437997,,,
1169,STAT5A_proteomics,-0.30037275940720903,,-0.2775709193288341,-0.3625957253311337
1187,NOS2_proteomics,0.32776581471821153,,,
1193,TNFRSF12A_proteomics,-0.29838006821347585,,,
1209,NCF4_proteomics,-0.29698873150815663,0.31313645795696593,,-0.27905312381607306
1217,PSME4_proteomics,-0.29610276554175075,0.3331237088049647,,
1227,CNTFR_proteomics,0.2950356675722011,,,
1229,ICAM2_proteomics,-0.2949220859534806,,,
1234,TLN1_proteomics,-0.2947310401929979,0.4182093183580995,-0.26654146575059523,
1235,TMC6_proteomics,-0.2947121611902245,,,
1240,WASF2_proteomics,-0.2942816434301462,0.2556695293712877,-0.2707087180489664,
1243,RICTOR_proteomics,-0.2940292943618568,,,
1254,ADA2_proteomics,-0.2931564028604989,,-0.35043536954012755,-0.4658355656026935
1255,TIMP1_proteomics,-0.2930913074765303,,,
1260,EIF2AK2_proteomics,0.2926450799346112,,,
1266,UBE2E2_proteomics,-0.2921302831200709,0.3461913511458607,,
1276,PILRA_proteomics,-0.3402265328780569,,,
1291,PGLYRP2_proteomics,-0.2896203860683941,,,
1292,ADAM10_proteomics,-0.2895051794105543,,,
1294,ZEB1_proteomics,0.2889017499153194,,,
1297,RPS6KA1_proteomics,-0.2886024633688884,,,0.3037030013040998
1307,MYH9_proteomics,-0.28787236968894325,0.4218273476657571,,
1319,RASGRP2_proteomics,0.286755568136657,,-0.4731973372682005,-0.4046579281461644
1321,C1R_proteomics,-0.2864905324988496,0.3274229173708321,,
1322,GLIPR1_proteomics,-0.28631881382251906,,,
1326,LAMP1_proteomics,-0.28602668902776696,0.2761903213763691,,
1340,HAVCR2_proteomics,-0.29849657838787336,,,
1348,ZBTB16_proteomics,0.2841574790949915,,,
1367,ATG5_proteomics,-0.28234006588915345,,,
1369,C1S_proteomics,-0.2821693630281603,0.3350024040055341,,
1372,DBNL_proteomics,-0.2819403743281974,,,
1380,P4HB_proteomics,-0.2815180429941391,0.2505630940813727,,
1383,IMPDH1_proteomics,-0.281269062580362,,,
1386,PRKACA_proteomics,-0.2810284038356007,,,
1394,CGAS_proteomics,-0.3275898400986835,,,
1398,MMP2_proteomics,0.27992018449152833,,,
1400,HNRNPDL_proteomics,0.27963569462441984,,,
1402,PELI1_proteomics,-0.3085888254956973,,,
1406,PLAU_proteomics,-0.278912917799607,0.3693319986353616,,0.4518651709840114
1407,PDIA3_proteomics,-0.2789044127415569,0.2762747374056541,-0.2755142371831987,
1412,PRKCD_proteomics,-0.2782745859869231,,,
1414,IRAK3_proteomics,-0.2782226124789582,,,
1417,LTA4H_proteomics,-0.2781126575038521,-0.2504671176978964,,
1427,SELL_proteomics,-0.27701403320931445,,,
1429,RASGRP1_proteomics,0.27684680672608136,,,
1431,YWHAB_proteomics,0.2768376197984416,,,
1452,PDZD11_proteomics,-0.2753762501347,,,
1459,HPSE_proteomics,-0.28822345556065365,,,
1460,C1QA_proteomics,-0.2749934781156509,,,
1462,PJA2_proteomics,0.2749187429577972,,,
1467,SERPINA3_proteomics,-0.2743967727526828,,,
1480,C7_proteomics,-0.2739999905984316,0.26091378108737034,,
1488,ATP6V1G1_proteomics,-0.2734005157945214,,,
1497,HNRNPA2B1_proteomics,0.2723500194217455,,,
1498,ROCK1_proteomics,-0.27221951493811075,,,
1500,HSPA5_proteomics,-0.27210296053399763,0.3759095433597269,,
1506,PLCG1_proteomics,0.271862418763166,0.3474860175887242,,
1517,TGFB1_proteomics,-0.2711619364476538,0.2598893941046593,,
1519,FTH1_proteomics,-0.27112735654662723,,,
1522,SEC31A_proteomics,-0.27107095553168603,,,
1534,TIFA_proteomics,-0.3607947790130214,,,
1549,CPB2_proteomics,-0.26971373632875784,0.32314076281471144,,
1555,NCF2_proteomics,-0.269400062494989,0.3292078960286846,,
1556,FBXL7_proteomics,0.2693827066901429,,,
1562,PITPNA_proteomics,0.2689266728332616,,,
1565,DNAJC5_proteomics,0.26883981923332073,,,
1566,PLD1_proteomics,-0.2688170140825924,0.4516772497543106,,
1573,AHSG_proteomics,-0.2686479671818305,,,
1580,ATP11A_proteomics,,0.2968065769526761,,
1582,APAF1_proteomics,,,,
1589,DYNC1LI1_proteomics,,,,
1590,TMEM30A_proteomics,,,,
1600,PYGL_proteomics,,,,
1635,EIF4A2_proteomics,,,,
1639,PFKL_proteomics,,0.2886150068742591,,
1640,LPCAT1_proteomics,,,,
1653,IRAK4_proteomics,,,,
1658,PDAP1_proteomics,,,,
1683,AGL_proteomics,,,,
1688,PPIA_proteomics,,,,0.3477132005351692
1690,PPM1B_proteomics,,,,
1697,ACAA1_proteomics,,,,
1705,SH3GL2_proteomics,,,,
1720,ACLY_proteomics,,,,
1724,ATP6V1G2_proteomics,,,,
1731,ATP6V1A_proteomics,,,,
1732,MAPK1_proteomics,,,,
1757,CYB5R3_proteomics,,0.4737904192691325,,
1760,SLC2A3_proteomics,,0.42395414512036855,,
1764,CCT8_proteomics,,,,
1784,MID1_proteomics,,0.4074309259856072,,
1790,ATP6V1H_proteomics,,,,
1798,CCT2_proteomics,,,,
1800,ATP6V1E1_proteomics,,,,-0.2828984407002633
1807,TCP1_proteomics,,,,
1811,SIGIRR_proteomics,,-0.5136072448700153,,-0.3218090847988808
1828,IRF2_proteomics,,,,-0.37779324549130655
1830,CAB39_proteomics,,,,
1836,ICAM1_proteomics,,0.44472804485480427,0.3305299685651742,
1847,PTK2B_proteomics,,,-0.3561239550817171,
1859,TUBB2B_proteomics,,0.3791574647187977,,
1865,BRK1_proteomics,,0.2783273004165656,-0.2719286391948991,
1868,DHX36_proteomics,,0.23179605718022445,,
1875,ERP44_proteomics,,0.3900599038773416,,
1883,TRAPPC1_proteomics,,,-0.2977167296293429,
1887,TRIM26_proteomics,,0.2686566928893085,0.2866446692682137,-0.39858862687571495
1890,MAPKAP1_proteomics,,,,
1891,PGAM1_proteomics,,0.2483821520507188,,
1893,FBXO4_proteomics,,-0.24902246238010084,,
1894,ATP6V1D_proteomics,,,,
1895,WIPF2_proteomics,,-0.3666529976836546,0.3166605036272505,
1904,GGH_proteomics,,0.22984704692263064,,
1911,IQGAP2_proteomics,,,,-0.3594168273151861
1921,ATP6V1F_proteomics,,,,
1926,PSMD10_proteomics,,,0.2954577924450568,
1938,DCAF1_proteomics,,-0.3226749940569309,,
1949,SOD2_proteomics,,0.2373823981960637,-0.4312042116041133,-0.3399294560529331
1963,OSMR_proteomics,,,0.35420584739610683,
1971,NRAS_proteomics,,0.23792606573153616,,
1987,TALDO1_proteomics,,,,
1988,PRKCB_proteomics,,,-0.4470013385024822,-0.4542575089481806
1993,VCP_proteomics,,,,
2003,ARRB1_proteomics,,,,-0.4919111584556752
2018,IMPDH2_proteomics,,,,
2024,SEC24B_proteomics,,,,
2043,GAN_proteomics,,0.3475242744099307,,0.3625401441755228
2048,AP1S2_proteomics,,,,-0.4187672117278523
2050,GYG1_proteomics,,,,-0.3037053485014407
2059,CASP2_proteomics,,0.2450600697178909,0.29202037179598656,
2066,RNASE2_proteomics,,,,
2073,PA2G4_proteomics,,,,
2075,ERBB3_proteomics,,-0.3895071522481643,,
2082,CFL1_proteomics,,,,
2087,ATP6V1C1_proteomics,,,,
2091,PIGR_proteomics,,,0.3788356498840448,
2098,STBD1_proteomics,,,0.2705979209847958,
2100,SEC24D_proteomics,,,,
2103,PTPN23_proteomics,,,,-0.3280133981380261
2107,NKIRAS2_proteomics,,,,
2120,PPIE_proteomics,,,,
2122,GM2A_proteomics,,,,
2124,FADD_proteomics,,,0.3214310125937013,0.4253626536384056
2125,MME_proteomics,,0.3924572454229474,,
2128,AGA_proteomics,,,,
2140,APEH_proteomics,,,-0.2840861925075965,
2141,GRAP2_proteomics,,,,-0.4280928767245835
2142,FGF1_proteomics,,,,0.3658403201903384
2156,CUL1_proteomics,,0.30818099101436564,,
2164,MIF_proteomics,,,,
2168,ATP6V1B2_proteomics,,0.3038365843283354,,
2169,PPP2CB_proteomics,,,,
2174,NDUFC2_proteomics,,,,
2177,TLR3_proteomics,,,,
2184,PSAP_proteomics,,,,
2203,GZMM_proteomics,,,-0.3330831550054441,
2204,UBA5_proteomics,,,,
2224,NUP160_proteomics,,,,0.3242141823844661
2229,NKIRAS1_proteomics,,,,
2251,NBEAL2_proteomics,,,-0.33732735592920665,
2262,ASAH1_proteomics,,-0.2611427053887311,,-0.2911267701401511
2264,PDCD4_proteomics,,-0.264836160532578,-0.38922862177355744,
2265,HEBP2_proteomics,,,,
2277,JUP_proteomics,,0.295915897706427,,0.2877587051047095
2304,NPEPPS_proteomics,,-0.4445863441710845,,
2309,KSR1_proteomics,,,-0.2686631869165306,
2312,TREM1_proteomics,,,,
2317,ZAP70_proteomics,,,-0.3846125777501223,-0.4101673910556346
2325,TNFSF13_proteomics,,,,
2330,TIMP2_proteomics,,,,
2333,PIK3CB_proteomics,,,,
2336,IST1_proteomics,,,,
2337,NCF1_proteomics,,0.26313660992334964,-0.3611204979540282,-0.32328503888126164
2338,MRC2_proteomics,,,,
2346,ACTR3_proteomics,,0.3494027746729065,,
2350,HSP90AA1_proteomics,,,,0.3570810751761526
2353,BTNL9_proteomics,,,,
2368,UBE2Q1_proteomics,,,,
2375,FBXO30_proteomics,,,,
2379,PTGES2_proteomics,,,,
2389,YWHAZ_proteomics,,,,
2394,FKBP1A_proteomics,,0.2799030316551885,,
2419,UNC93B1_proteomics,,,,
2432,MAP3K7_proteomics,,,,
2435,ELMO2_proteomics,,,,-0.27074171636480393
2436,PPP2R5D_proteomics,,,,
2438,TUBB2A_proteomics,,,,
2446,GAB2_proteomics,,,,
2447,EEF1A1_proteomics,,0.31073389872670504,,
2457,RNF41_proteomics,,,,
2462,CFHR5_proteomics,,0.23395606107188696,-0.32590501863368904,
2469,LGALS3_proteomics,,,0.33522479846923514,
2473,DOCK1_proteomics,,,,
2474,TUBB4B_proteomics,,,,
2475,LRSAM1_proteomics,,-0.2787216629609324,,
2477,CFHR2_proteomics,,,-0.2943065754143616,
2479,CRISP3_proteomics,,,,
2481,ATOX1_proteomics,,,,
2483,TUBB4A_proteomics,,,,
2496,C5_proteomics,,0.3302829882005175,-0.30330457471141936,
2499,FCN3_proteomics,,0.3964917861111564,,
2503,TUBB3_proteomics,,0.3169556682583321,,0.31423496011112784
2513,RNF216_proteomics,,,,0.4216608368541965
2521,TUBB_proteomics,,0.3902227492454055,,
2535,SYNGAP1_proteomics,,,,
2539,CLU_proteomics,,,-0.3250378990335665,
2549,AP1M2_proteomics,,-0.302972149578375,,
2550,LTF_proteomics,,0.3431550415503409,,
2556,LBP_proteomics,,0.2745257205150643,-0.3186898637262729,
2567,XDH_proteomics,,0.31180464834002675,0.26185447849948784,
2572,UBE2C_proteomics,,,,
2580,CFH_proteomics,,0.27977737540460423,-0.2923000142711171,
2587,GATA3_proteomics,,-0.5989112714956837,,
2623,CD58_proteomics,,0.5267782596348842,,
2638,TRIM29_proteomics,,0.4957727337385333,,
2640,ANXA1_proteomics,,0.4945361033991621,,
2642,PVR_proteomics,,0.4935023210661758,,
2644,FSCN1_proteomics,,0.4931256667037333,,0.5264347695861407
2659,TUBB6_proteomics,,0.4765588616127261,,
2665,SIRPA_proteomics,,0.4735861701808813,,
2676,CXADR_proteomics,,0.4648515302129399,,
2678,TNFAIP3_proteomics,,0.4636670712974935,,
2684,MSN_proteomics,,0.4611501866251499,,
2685,TUBA1C_proteomics,,0.4607503770453698,0.3056855002887041,0.3437170592229224
2688,ASB13_proteomics,,-0.4879841451288161,,
2697,ATP11B_proteomics,,0.4533760846161086,,0.2981978665018438
2699,UBE3B_proteomics,,-0.4511200973396993,,
2705,KIF3A_proteomics,,-0.4464660835665781,,
2733,DNM2_proteomics,,0.4649930432730008,,
2734,CALR_proteomics,,0.4339849045327439,,
2738,PTPN14_proteomics,,0.4323073379454732,,
2739,SLPI_proteomics,,0.4312912917120652,,
2740,PKP1_proteomics,,0.43110981495619816,,0.2715645102939385
2746,KLC2_proteomics,,-0.42898458086161934,,
2748,JUN_proteomics,,0.4286790220446001,,
2753,WWP1_proteomics,,-0.42781903754807504,,
2759,PADI2_proteomics,,0.4263076824649111,,
2775,TRIM2_proteomics,,0.4225715405882233,0.30096561220430346,
2780,POLR3B_proteomics,,-0.4216044712049859,,
2793,LIMK1_proteomics,,0.4164989788007905,0.2918875489198835,
2797,ACTB_proteomics,,0.4149511205587343,,
2800,MYO9B_proteomics,,0.4135217497186319,,
2802,VAV3_proteomics,,-0.4132304868007112,,
2807,FLNA_proteomics,,0.4117632053565113,,0.2821836213147666
2818,MMP1_proteomics,,0.40975563496793627,,
2821,POLR3A_proteomics,,-0.40899710937153816,,
2828,DYNLL2_proteomics,,-0.40756495900667866,,
2834,SIAH2_proteomics,,-0.4048065686459631,,
2837,PGRMC1_proteomics,,0.4028636117421244,0.5123219374034529,
2843,IL6ST_proteomics,,-0.3988701293392191,,
2850,EEF2_proteomics,,0.3968504664980328,,
2852,TOM1_proteomics,,0.39636358445944586,,
2855,SEC23A_proteomics,,0.3954235010244579,,
2862,TKFC_proteomics,,-0.3942285225349621,,
2871,KCTD6_proteomics,,-0.4049953472475984,,
2874,VIM_proteomics,,0.3907480639475533,,
2882,KIF3B_proteomics,,-0.3896812115783856,,
2886,TUBA4A_proteomics,,0.3887835283819441,,
2893,ATAD3B_proteomics,,0.4000981391827585,,
2896,FCGR3B_proteomics,,0.3861569787471032,,
2906,RAP2B_proteomics,,0.3839358002920628,,0.3046147015766009
2911,DYNLT1_proteomics,,0.3828345691231344,,0.32808185005407586
2918,BPI_proteomics,,0.3808019136716037,-0.3275132273040691,
2920,SKP1_proteomics,,-0.3803687318098911,,
2939,UNKL_proteomics,,-0.3766356876778048,,
2963,C4BPB_proteomics,,0.3710513824395424,,
2964,KPNA3_proteomics,,0.3710110803525116,,
2967,DDOST_proteomics,,0.370169562491906,,
2969,CRACR2A_proteomics,,-0.3826961733393111,,-0.2920336689427909
2971,MUCL1_proteomics,,0.3697179278705541,,
2974,SOS1_proteomics,,0.3690597806945401,,
2977,DLG3_proteomics,,-0.3689901641896749,,
2982,ITGAV_proteomics,,0.3684859780200093,,0.4428407536140119
2994,SDCBP_proteomics,,0.3665500966278941,,
3002,FABP5_proteomics,,0.3649235803553036,,
3011,TUBA1A_proteomics,,0.36302952833990426,,
3021,PNP_proteomics,,0.3613701068768256,,
3031,MASP1_proteomics,,0.3599224174115152,,
3033,CPN2_proteomics,,0.35965312702162644,,
3044,KPNA4_proteomics,,0.3575442943475846,,
3048,CTSV_proteomics,,0.3570054789628833,,
3054,STUB1_proteomics,,-0.3566684617638479,0.3000690625742961,
3060,CAMK2D_proteomics,,0.35612467783692914,0.3957261304642395,
3068,MPO_proteomics,,0.3550331585667604,,
3074,VAV2_proteomics,,-0.3536374913070292,,
3082,CHIT1_proteomics,,0.3913341168138743,-0.3372041897432245,
3087,POLR3E_proteomics,,-0.35115871372395463,,
3092,CANT1_proteomics,,-0.35034463609233,,
3113,KIFAP3_proteomics,,-0.3478823386181416,0.2738598390852617,
3117,RPS6KA5_proteomics,,-0.3474873039347406,,
3124,GFRA1_proteomics,,-0.3583887588434155,,
3128,RPS6KA3_proteomics,,0.3458723403302417,,-0.276296087135136
3138,ACTG1_proteomics,,0.344270139963703,,
3144,VAMP3_proteomics,,0.34306585506357395,,
3146,AAMP_proteomics,,-0.3430295091209148,,
3154,IFNGR1_proteomics,,0.3415147264044261,0.34062214238550625,
3155,PKM_proteomics,,0.34151242730333004,,0.3089074557931122
3157,CDC20_proteomics,,0.341306430033827,,
3163,MMP9_proteomics,,0.3405920508651143,,
3171,FUCA2_proteomics,,-0.3397832150248987,0.3165916089896321,-0.3105737667417495
3207,GSDMD_proteomics,,-0.33599049379343265,,
3209,TANK_proteomics,,0.3355304863184944,,
3211,C4BPA_proteomics,,0.33537909857758663,,
3220,CCND1_proteomics,,-0.3340159201081023,,0.2846317289567843
3221,MASP2_proteomics,,0.3457696041501731,,
3227,TRAF2_proteomics,,-0.33318378675853044,,
3233,LRRC41_proteomics,,-0.3327063693627704,,
3239,SEC61B_proteomics,,0.3320245309930346,,
3242,KIT_proteomics,,0.3313446002888651,-0.32671116240392706,
3251,DEGS1_proteomics,,0.33049727124973505,,
3255,HMOX1_proteomics,,0.3296967850288369,,-0.317504680110774
3266,SRP14_proteomics,,-0.3287216389331329,,
3276,PTX3_proteomics,,0.32752657123640816,,
3279,NPDC1_proteomics,,-0.3273062670971437,,
3282,FBXW9_proteomics,,-0.3269353306631505,,
3285,AZU1_proteomics,,0.3266769470055632,,
3290,VRK3_proteomics,,-0.326196303170282,,-0.3542420892393686
3296,ELANE_proteomics,,0.3254640915374021,,
3307,SMAD3_proteomics,,-0.3248008484269844,,
3312,UBE3A_proteomics,,-0.3243431366157071,,
3315,AP1M1_proteomics,,0.3241407353889287,,
3329,S100A9_proteomics,,0.3220708410333311,,
3333,IRS1_proteomics,,-0.3215462229599648,,
3344,CASP4_proteomics,,0.3206991827551875,,
3349,RAPGEF2_proteomics,,0.3201981670893497,,-0.32056291810221205
3368,IKBKB_proteomics,,-0.31778179783951954,,
3376,S100A12_proteomics,,0.3171290268520108,,
3383,TXNIP_proteomics,,0.3151307050461952,,
3390,CKAP4_proteomics,,0.3145008431855101,,
3391,PRDX4_proteomics,,0.3143897965066628,,
3398,CDA_proteomics,,0.31358216649773085,,
3405,PDE12_proteomics,,-0.31317342551386634,,-0.34922024912598737
3407,S100A8_proteomics,,0.3128223126511461,,
3422,BAIAP2_proteomics,,-0.3115519076827345,,
3438,RASAL2_proteomics,,0.3097034337672657,,
3441,CHI3L1_proteomics,,0.31767349628239394,,
3447,PPP2CA_proteomics,,-0.3088573610596197,,
3457,POLR3GL_proteomics,,-0.3078101408303422,,
3460,DIAPH1_proteomics,,0.3076331442083624,,
3466,SPTBN2_proteomics,,0.3073332904358813,0.3613145270858196,
3467,RALA_proteomics,,0.3071526388881399,0.3131948060437252,0.3195536032255283
3468,AKT3_proteomics,,0.3070032122727079,,
3476,ABCE1_proteomics,,0.3059733571929484,,0.31580799375397084
3490,DEFA3_proteomics,,0.3048487029836407,,
3494,KIF2C_proteomics,,0.3046762583460405,,
3504,SKP2_proteomics,,0.4125056951004406,,
3524,S100B_proteomics,,0.30294631907956404,,
3537,TRIM38_proteomics,,0.301762007647748,,-0.2745414677518317
3538,CREBBP_proteomics,,-0.3015611179532707,,
3546,CFP_proteomics,,0.3010789084595921,-0.26843695586306754,
3550,GSTP1_proteomics,,0.30090631561155434,,
3567,SLC27A2_proteomics,,-0.29955277046667594,,-0.33721214581922865
3573,ACPP_proteomics,,0.3349563984283889,,
3578,PML_proteomics,,0.2986919913373905,,
3584,METTL7A_proteomics,,0.2982337374636957,,-0.3594868766801141
3593,TRIM3_proteomics,,-0.2974458499023121,,
3595,CAMP_proteomics,,0.2973618692866131,,
3642,CNKSR1_proteomics,,-0.2936143523086194,0.4587419709732064,
3643,IQGAP1_proteomics,,0.29336411889110153,,
3647,RASAL1_proteomics,,0.2931718732462196,,
3650,LCN2_proteomics,,0.2926456547677829,,
3652,CRCP_proteomics,,-0.2926047584779079,,
3656,NCK1_proteomics,,0.29227510052133915,,
3661,NFATC3_proteomics,,0.30215042924272223,,
3668,APOB_proteomics,,0.29143395355028834,,
3670,BOLA2_proteomics,,-0.291144684732346,,
3673,TNFRSF17_proteomics,,0.4264284750253402,,
3684,DSN1_proteomics,,-0.2897751796428301,,
3686,AGPAT2_proteomics,,0.30010511341865825,,
3699,HECTD1_proteomics,,0.28889825942202985,,
3709,TCN1_proteomics,,0.2958548870834645,,
3714,CUL2_proteomics,,0.28764614717929354,,
3716,PRTN3_proteomics,,0.2876061060627857,,
3719,RHOG_proteomics,,0.2873367969465227,,
3721,UBE2J2_proteomics,,0.2988927435644593,,
3730,SNAP29_proteomics,,-0.2862341498171015,,
3741,IDH1_proteomics,,0.2852393814365758,,
3746,PRKG1_proteomics,,0.2847431300793297,,
3756,ARG1_proteomics,,0.2842829616569734,,
3759,SRC_proteomics,,0.2841360515353343,,
3761,PSMD12_proteomics,,0.2840819226860049,,
3764,CPN1_proteomics,,0.28392707840015696,,
3767,FCN2_proteomics,,0.283888837362954,,
3768,CXCL10_proteomics,,0.33091333768701303,,
3787,VTN_proteomics,,0.282489162998851,,
3796,FN1_proteomics,,0.2816895684981858,,0.3608132634028629
3797,HLA-E_proteomics,,0.2813489187318408,,
3803,POLR3D_proteomics,,-0.2808934051567815,,
3808,GBP1_proteomics,,0.2804194621159429,,
3824,RAB7A_proteomics,,0.2789575421818337,,
3835,RETN_proteomics,,0.27833523561259793,,
3839,KLHL11_proteomics,,-0.2782013355043702,,
3846,MMP3_proteomics,,0.2772094321919222,,
3848,PGLYRP1_proteomics,,0.2953323157549799,,
3853,CRLF1_proteomics,,0.4903380075604439,,
3864,TRIM11_proteomics,,0.2756011153125503,,
3866,CBL_proteomics,,0.2752933871618289,-0.3001836237793613,-0.2710792856915243
3872,MLST8_proteomics,,-0.2746562364856837,,
3905,KIF23_proteomics,,0.2718957503162313,,
3908,POLR3F_proteomics,,-0.2716355734369288,,
3910,INPPL1_proteomics,,-0.2713804881735047,,-0.2750271614131501
3928,MYD88_proteomics,,0.28117297832663946,,
3932,ENPP4_proteomics,,-0.270029745210996,,-0.3878129721232836
3963,RILP_proteomics,,0.3868749916290025,,
3974,VAMP7_proteomics,,0.2662483258868995,0.3195141007065147,
3978,PRKCSH_proteomics,,0.2660015149022349,,
3979,EIF4G3_proteomics,,-0.26589790321020584,,
3992,POLR3C_proteomics,,-0.26499418035695843,,
4003,MAPK7_proteomics,,0.2643645508216976,,
4006,LAMTOR1_proteomics,,0.26414547075126604,,
4018,CD209_proteomics,,0.2822319964935658,-0.3508353728887912,
4032,NCSTN_proteomics,,0.2621804863140331,,
4039,FBXO22_proteomics,,-0.261889041748782,,
4041,RNF213_proteomics,,-0.26184372482075313,,-0.2962099167336589
4049,UBE2K_proteomics,,-0.2616031478154859,0.2723347585387305,
4050,CBLB_proteomics,,0.2614868970885436,,
4055,DEFA4_proteomics,,0.2927694452281032,,
4056,CEACAM1_proteomics,,0.2702866999419873,,
4057,GCA_proteomics,,0.2606466867594109,,
4060,DNAJC3_proteomics,,0.26051695624470433,,
4068,BCL2L1_proteomics,,-0.2601190001670621,,
4072,TUBA8_proteomics,,0.2600147977505607,,
4084,UBE2N_proteomics,,-0.25926036033570715,-0.3878812242577347,-0.3068213597235413
4089,FGR_proteomics,,0.25901742165458164,-0.2745170042138772,
4115,UBE4A_proteomics,,0.25749526249575033,,
4126,FOXO1_proteomics,,0.2664090177732231,-0.4021944124397684,
4129,TPP2_proteomics,,0.2675890715592905,,
4139,UBE2E3_proteomics,,0.2731931772583218,,
4141,KLC1_proteomics,,0.2890885614280199,,
4151,UBE2R2_proteomics,,-0.2555156327522982,,
4166,PDXK_proteomics,,0.25389817943858484,,
4168,PDPK1_proteomics,,-0.2535908322129382,,
4177,RAB3A_proteomics,,-0.2598206434015486,,
4189,COLEC10_proteomics,,-0.2615524520619609,,
4192,MAP2K1_proteomics,,0.2520535636835065,,
4193,MAVS_proteomics,,-0.25202783985144245,,
4208,APP_proteomics,,0.2508678995084769,0.39638553377727415,
4217,CALML5_proteomics,,0.24995127447809504,,
4224,DYNC1LI2_proteomics,,0.24946764591903225,,
4225,DSG1_proteomics,,0.34936956644012834,,
4228,CD44_proteomics,,0.2492272224248162,,0.317828413210813
4230,KRAS_proteomics,,0.24914148811872835,,0.33881626743431137
4233,PEBP1_proteomics,,-0.2490518132002273,,
4237,NECTIN2_proteomics,,-0.3069884817005495,,
4240,BIRC5_proteomics,,0.2584656002746302,,
4244,COMMD3_proteomics,,0.2786061556160672,,
4249,KEAP1_proteomics,,0.24784449348779125,,
4273,LMO7_proteomics,,0.2460887044257643,,
4275,SLC44A2_proteomics,,0.2458609575424831,,
4279,TTR_proteomics,,0.2455146251522305,,
4281,ITGA2B_proteomics,,0.2643783448094639,,
4283,CTSK_proteomics,,0.2454399683318441,,
4307,ASB9_proteomics,,0.25243677430261235,,
4313,MUC16_proteomics,,0.24967219626449594,,
4319,KIF20A_proteomics,,0.2427885808595136,,
4335,MT2A_proteomics,,0.241589927278696,,
4344,RIPK2_proteomics,,0.2407843104862631,,
4353,PJA1_proteomics,,0.2401901931142581,,
4369,BTN3A3_proteomics,,0.23934841289755385,,
4375,LYZ_proteomics,,0.2391763540379932,-0.3275256202977358,
4378,RAP1B_proteomics,,0.2390489943726128,,
4382,DYNC1I2_proteomics,,0.23885488951520595,,
4383,TRPC1_proteomics,,0.2387469352193084,,
4400,ATP6V1B1_proteomics,,-0.2378428746422435,-0.4082483240791149,
4407,ADAM17_proteomics,,0.2374676921084306,,0.3552378859118801
4411,ARAF_proteomics,,-0.2372312342905168,0.2745108055309992,-0.2855685253059017
4417,DNM1_proteomics,,0.2365372040090112,,
4422,HNRNPF_proteomics,,-0.23610241324853826,,
4427,CAPZA2_proteomics,,0.2358410949133335,,
4438,SPTBN1_proteomics,,0.235171201900294,-0.29294734445572435,
4441,EIF4G1_proteomics,,0.2348993084578261,0.2819729279117794,
4442,RASA2_proteomics,,0.2347419685806052,,
4444,LAMP2_proteomics,,0.2346736631707335,0.4789656878449278,0.4887170107488884
4446,RAB10_proteomics,,0.234574111210787,,
4458,RNF14_proteomics,,-0.23403363670569235,,
4463,MBL2_proteomics,,0.2335909995238348,,
4490,SCAMP1_proteomics,,-0.2323306455440519,,
4492,ACTR1A_proteomics,,0.2322740651227218,-0.3632989356902668,
4499,IRAK1_proteomics,,0.2316583919883895,,
4500,DTX3L_proteomics,,-0.2315640590804671,,
4508,NLRX1_proteomics,,0.2307718261896741,,
4522,LAMA5_proteomics,,0.2300022412252905,,
4523,CD36_proteomics,,0.22998045909729306,,
4528,KIF15_proteomics,,0.22983655606633915,,
4532,TAX1BP1_proteomics,,,0.5615544926721305,
4534,CDK13_proteomics,,,0.541352988659871,
4537,ELOB_proteomics,,,0.4991307487527018,
4552,STAT5B_proteomics,,,-0.4545850377152757,-0.3801315711032272
4555,PPP3CB_proteomics,,,-0.4487285436308015,
4556,FAF2_proteomics,,,0.44707511214636697,
4558,FBXL18_proteomics,,,0.4461440472373779,0.34697486005577777
4560,HMOX2_proteomics,,,0.4453657512368711,
4564,DDX41_proteomics,,,0.4366261247514048,
4571,PTK2_proteomics,,,0.4291742253312461,
4573,DUSP6_proteomics,,,0.4352850223471825,
4577,PRCP_proteomics,,,-0.41740023847814667,
4592,FGFR1_proteomics,,,-0.43453532126739,
4600,MGST1_proteomics,,,0.3957876248148128,
4603,MX1_proteomics,,,0.39147932676012986,
4613,PPP2R5E_proteomics,,,0.38417756959185706,
4618,SPTB_proteomics,,,0.4323135205030408,
4622,P2RX1_proteomics,,,-0.4481688277445325,
4623,KLC3_proteomics,,,0.37927614176576535,
4630,MX2_proteomics,,,0.3765522014332817,-0.29869884929521484
4638,LCK_proteomics,,,-0.3708936631703347,-0.33114856046998725
4640,IL37_proteomics,,,0.6124814208719738,
4645,VNN1_proteomics,,,-0.3667067713535783,
4648,ISG20_proteomics,,,-0.3657747820439717,-0.44029190301190735
4649,DCTN1_proteomics,,,-0.36536134692261335,-0.3030451879556937
4651,PIK3C3_proteomics,,,-0.3639695260466069,
4661,PLA2G2A_proteomics,,,-0.3612971725709889,
4662,MGRN1_proteomics,,,0.3611507686100598,
4675,CCL5_proteomics,,,-0.360819125513599,
4686,DCTN6_proteomics,,,-0.34900531621209524,
4687,HUWE1_proteomics,,,0.3488855797856701,
4690,ALDOA_proteomics,,,0.3481133539084685,
4698,IRF4_proteomics,,,-0.34638950559444665,-0.3864794009764706
4699,SH3RF1_proteomics,,,0.3463743524290569,
4709,JAK3_proteomics,,,-0.3497290849757277,
4711,MAP3K8_proteomics,,,-0.3574221256124127,
4712,ZNRF2_proteomics,,,0.34300118025131576,
4722,DCTN3_proteomics,,,-0.3406678430784859,
4726,MAP2K6_proteomics,,,-0.34001945305362125,
4731,CR2_proteomics,,,-0.4267788926902433,
4739,BLK_proteomics,,,-0.3655115525432901,
4747,SH2D1A_proteomics,,,-0.3327919848921612,-0.3450567286982775
4761,VWF_proteomics,,,-0.32946021890344,-0.30004498414701364
4797,TBC1D10C_proteomics,,,-0.3199777709787069,-0.4096547816248133
4800,PPL_proteomics,,,0.31940403557404196,
4806,TXLNA_proteomics,,,0.3166784538008221,
4814,DCTN5_proteomics,,,-0.3153468135321176,
4821,BCAP31_proteomics,,,0.3145199443413316,
4830,RASA1_proteomics,,,0.31303892663127925,
4838,IFIT1_proteomics,,,0.3117938160651506,
4847,IL1RAP_proteomics,,,0.31015530439086186,0.4387835907302015
4853,DCTN2_proteomics,,,-0.3096369251358584,-0.2940566397594879
4857,PRKN_proteomics,,,-0.36228208846619614,
4865,S100P_proteomics,,,-0.3072142337336016,
4866,HRAS_proteomics,,,0.3071144270075861,
4868,STIM1_proteomics,,,0.3061386099187955,
4872,HECW2_proteomics,,,0.30488706611373195,
4875,NUP50_proteomics,,,-0.30386879501038977,
4878,ACTR10_proteomics,,,-0.3032894653933757,
4889,PYGB_proteomics,,,-0.3018712670492088,
4907,CDH1_proteomics,,,0.2991641059128925,
4912,FTL_proteomics,,,-0.2985258401313832,
4919,HECTD3_proteomics,,,-0.297522107055933,
4931,CD3D_proteomics,,,-0.3463916724853442,
4942,CD8A_proteomics,,,-0.2924778985059609,
4943,KCNAB2_proteomics,,,-0.2924557019154113,-0.3924041757456884
4949,RASGRP4_proteomics,,,-0.3028866965004444,
4950,CD1A_proteomics,,,0.2985699058201312,
4966,CD74_proteomics,,,0.28948253566143,-0.2985459148052117
4968,ELOC_proteomics,,,0.2892393520545592,
4970,IL33_proteomics,,,-0.2890477966659533,-0.3097314695035649
4976,VAT1_proteomics,,,-0.2882721866469149,
4977,PAFAH1B2_proteomics,,,-0.2882230391470626,
4996,ABI1_proteomics,,,-0.28490208648917,
5034,BST2_proteomics,,,0.27891622861437304,
5035,CD59_proteomics,,,0.27888117590477685,
5039,ISG15_proteomics,,,0.27835094518536263,
5051,MAP2K7_proteomics,,,0.2764352554859911,
5054,CUL7_proteomics,,,0.275900409635809,
5061,S100A1_proteomics,,,0.30180493972976463,
5066,ANGPT1_proteomics,,,-0.2869963831365732,
5070,ORMDL3_proteomics,,,0.2786500858962834,
5072,CANX_proteomics,,,0.27351214351042263,
5073,POM121C_proteomics,,,0.27321451079027337,
5076,SQSTM1_proteomics,,,0.2730340258016054,
5079,RAB24_proteomics,,,0.2726352812386428,
5088,ICAM3_proteomics,,,-0.2721677669529182,-0.3317089362774565
5093,CD3G_proteomics,,,-0.3337055243147454,-0.38103218224103175
5098,HLA-DRA_proteomics,,,0.2708006135965101,
5103,MAPKAPK3_proteomics,,,0.2705657559872324,
5108,MUC13_proteomics,,,-0.3695367699825526,
5111,CEACAM6_proteomics,,,0.2700953314920356,
5113,PTPN4_proteomics,,,-0.36002157370185656,
5124,IFIH1_proteomics,,,0.26766327451953364,
5132,CFHR4_proteomics,,,-0.3041639711377059,
5141,SH3KBP1_proteomics,,,-0.26519209848810066,-0.3556599970394298
5142,IRF7_proteomics,,,0.29596607046414203,
5148,FGF2_proteomics,,,-0.2647148812729908,-0.3488605619450745
5156,TMEM63A_proteomics,,,0.2634357164196477,
5159,ATF1_proteomics,,,-0.2800038491571518,
5168,CYFIP2_proteomics,,,-0.26231384168897537,-0.4488312062809535
5169,MLEC_proteomics,,,0.26228066745701684,
5170,RPS27A_proteomics,,,-0.2621072302133121,
5181,IRF6_proteomics,,,,0.5142276477593416
5187,ITPR1_proteomics,,,,-0.462336012377833
5192,ZBP1_proteomics,,,,-0.442137854937479
5202,RIPK3_proteomics,,,,-0.42049314202604027
5210,CD34_proteomics,,,,-0.4116507158477375
5212,NUP133_proteomics,,,,0.4098573672235587
5213,NUP37_proteomics,,,,0.4021549575568661
5220,JAK1_proteomics,,,,-0.3911420532307712
5228,SAMHD1_proteomics,,,,-0.3869854638257351
5232,UBE2J1_proteomics,,,,-0.3849932453559095
5241,LYN_proteomics,,,,-0.3747085957835987
5242,ANXA2_proteomics,,,,0.37251289406400623
5243,SIGLEC1_proteomics,,,,-0.36999650094266656
5246,CD79A_proteomics,,,,-0.3666928672246005
5261,AAAS_proteomics,,,,0.3545782270401064
5271,PRKACB_proteomics,,,,-0.34779494939830663
5281,SVIP_proteomics,,,,-0.3727553330905261
5285,LILRB5_proteomics,,,,-0.3401006112757684
5309,GBP4_proteomics,,,,-0.32884134731967435
5312,DYNC1I1_proteomics,,,,0.33514773524931984
5313,PSMB5_proteomics,,,,0.3276122670291165
5315,LILRB2_proteomics,,,,-0.3264998631137973
5321,RHOF_proteomics,,,,-0.3425024788841923
5330,PIK3CA_proteomics,,,,0.3215062789033756
5332,FBXO6_proteomics,,,,-0.3211046136118161
5337,SLAMF6_proteomics,,,,-0.6428480174619281
5344,PSMB8_proteomics,,,,-0.3181321429601428
5346,CAT_proteomics,,,,-0.3176961551838217
5348,NUP85_proteomics,,,,0.3162331354846086
5352,TYK2_proteomics,,,,-0.3149496359188097
5353,LMNB1_proteomics,,,,-0.3149019798904261
5356,PAG1_proteomics,,,,-0.3140478186911367
5365,PSMB10_proteomics,,,,-0.3111701209422632
5366,PSMB7_proteomics,,,,0.3107610119294047
5367,BTN2A1_proteomics,,,,-0.31067896057361843
5370,DYNC1H1_proteomics,,,,0.3097439133865472
5378,PSME1_proteomics,,,,-0.3076893875639444
5384,CPPED1_proteomics,,,,-0.3064485539208616
5393,UBR4_proteomics,,,,0.3033333965668931
5397,CD3E_proteomics,,,,-0.33999421875020697
5402,LTBR_proteomics,,,,0.3102160288441351
5403,PLD4_proteomics,,,,-0.3175322994899946
5410,EIF4G2_proteomics,,,,0.2984222119873517
5411,TRIM14_proteomics,,,,-0.29803947937029096
5415,FBXO44_proteomics,,,,0.3130687126042977
5440,PSMB9_proteomics,,,,-0.2916016922955109
5449,SEC61G_proteomics,,,,0.2981188676104016
5452,HSPA1A_proteomics,,,,0.2896403096555897
5453,CD27_proteomics,,,,-0.3452768647618861
5457,GOLGA7_proteomics,,,,0.2890428223753205
5458,PSMC1_proteomics,,,,0.28902585779256257
5460,PSMD2_proteomics,,,,0.288501162302712
5466,PSMB6_proteomics,,,,0.28726155874403425
5467,TREX1_proteomics,,,,-0.2870444668197655
5482,COL17A1_proteomics,,,,0.2841235724873937
5486,MUC5B_proteomics,,,,-0.28344598214362504
5487,BPIFB2_proteomics,,,,-0.2834114898459641
5496,NUP210_proteomics,,,,-0.28201334164441383
5514,RAF1_proteomics,,,,-0.2791965306230452
5526,DSP_proteomics,,,,0.2765595980728908
5528,DUSP16_proteomics,,,,-0.5499499401475406
5537,VPS35L_proteomics,,,,-0.27462033555484816
5541,PSME2_proteomics,,,,-0.27334356469040505
5550,ATP6V0A4_proteomics,,,,-0.30603489672993217
5555,EIF4E3_proteomics,,,,-0.2701706355427917
5562,TRAT1_proteomics,,,,-0.5803231054174998
5565,TUBA1B_proteomics,,,,0.2689409452246986
5566,NUP107_proteomics,,,,0.2685825393432031
5570,HVCN1_proteomics,,,,-0.267907501422923
5573,CLTC_proteomics,,,,0.26763185609536105
5577,RAE1_proteomics,,,,
5580,NUP153_proteomics,,,,
5594,XRCC6_proteomics,,,,
5599,ARMC8_proteomics,,,,
5612,UBE2H_proteomics,,,,
5616,HMGB1_proteomics,,,,
5624,MUC5AC_proteomics,,,,
5625,CXCL8_proteomics,,,,
5653,POLR2L_proteomics,,,,
5670,STOM_proteomics,,,,
5674,CPNE1_proteomics,,,,
5678,MRE11_proteomics,,,,
5684,PPP3R1_proteomics,,,,
5697,CDC42_proteomics,,,,
5704,XRCC5_proteomics,,,,
5712,ABL1_proteomics,,,,
5726,GBP2_proteomics,,,,
5737,IFI35_proteomics,,,,
5738,PHB_proteomics,,,,
5769,OAS3_proteomics,,,,
5778,IFIT3_proteomics,,,,
5785,FCAR_proteomics,,,,
5788,PPP3CA_proteomics,,,,
5797,CD47_proteomics,,,,
5798,POLR1D_proteomics,,,,
5802,VAMP2_proteomics,,,,
5809,POLR2K_proteomics,,,,
5829,RBCK1_proteomics,,,,
5833,RNF114_proteomics,,,,
5838,NCAM1_proteomics,,,,
5853,PANX1_proteomics,,,,
5857,DNASE1L1_proteomics,,,,
5862,IL1RN_proteomics,,,,
5864,RASA4_proteomics,,,,
5881,ATP6AP2_proteomics,,,,
5903,RNF126_proteomics,,,,
5905,CAPN1_proteomics,,,,
5922,PTPN13_proteomics,,,,
5927,EDARADD_proteomics,,,,
5928,DAB2IP_proteomics,,,,
5938,TRAF7_proteomics,,,,
5941,GBP6_proteomics,,,,
5945,BIRC2_proteomics,,,,
5952,TEC_proteomics,,,,
5960,UBA6_proteomics,,,,
5966,TRIM5_proteomics,,,,
5989,FBXW8_proteomics,,,,
