Comparison,Correlation_Gbm,Correlation_kidney,Correlation_Ovar,Correlation_Brca,Correlation_Luad,Correlation_hnscc,Correlation_colon,Correlation_Lscc,Pos_Neg,Num_corr
PHLDA1_proteomics,0.8168478152481624,,,0.3647974044559096,,0.6642710702729873,,0.7098116757596845,False,4
GRB2_proteomics,-0.6108891162098071,,,,-0.3024385657756904,-0.532341215310538,,,False,3
SOCS2_proteomics,0.5627196030682289,,,,,,,0.478573820103939,False,2
PHLDA3_proteomics,0.5258827854613878,0.4325299757098131,,,,0.7637844857470779,,0.6856437017419061,False,4
WAS_proteomics,-0.5019180366341212,-0.27981387372305405,,,-0.3379086881786271,-0.5034268684782973,,,False,3
ARHGAP4_proteomics,-0.4989264348229207,,,,,-0.4664129768292121,,,False,2
NPC2_proteomics,-0.498790591960705,-0.319133468723472,,0.2795993233274339,0.29251983063392983,,,,False,2
GPRIN3_proteomics,-0.4978363548048215,,,,,-0.5445271846593618,,,False,2
EPHB3_proteomics,0.4960189368683785,,,0.36945002605750177,0.3547889384770181,0.3570800460487121,,,False,4
CLIP2_proteomics,0.4932799211035536,,,0.3475684993808784,,,,,False,2
STAB1_proteomics,-0.4929776568817793,,,,-0.30056770558688306,-0.3690812190840141,,,False,3
ARHGAP45_proteomics,-0.4925637699560174,-0.2862066056706469,,,,-0.4436198247737188,,,False,2
DOCK10_proteomics,-0.4897150736461749,,,,,-0.4211909004674405,,,False,2
OSTF1_proteomics,-0.4842980609146354,-0.4173499938529385,,,-0.2755570745759093,,,,False,2
CSK_proteomics,-0.481564725075465,,,,-0.36156774738483016,-0.3802600095388597,,,False,3
THEMIS2_proteomics,-0.4810653113683931,,,0.2867549232942161,-0.2935074113715896,-0.4010718283582962,,,False,2
NIPSNAP2_proteomics,0.4788812086777817,,,,0.42155672041097736,0.2699553552784687,,0.3793671559392153,False,3
LANCL2_proteomics,0.4787231306558208,,,0.30098089285215235,0.5888080582787203,0.7967283641326608,0.32078635342762024,0.5722612417035284,False,6
ARHGAP15_proteomics,-0.4748493488654879,,,,-0.31571400968009755,-0.3888292496480555,,,False,3
ZYG11B_proteomics,0.4738725020249037,,,,0.4427123003127549,,,,False,2
BCR_proteomics,0.47380283053930894,,,,,,,0.34242152130338577,False,2
ARMT1_proteomics,-0.4735976201606943,,,-0.4737404840606695,,,,,False,2
PLCG2_proteomics,-0.4724528986019063,-0.3170090773489909,,0.2686127470048235,-0.40815336175374417,-0.3789496501144576,,,False,4
GGA2_proteomics,-0.4714654913986547,-0.3158460144987256,,-0.4555283468975414,,,,,False,3
SYK_proteomics,-0.4708487814463348,-0.5524810495881947,,,,-0.2984282292601957,,,False,2
GMIP_proteomics,-0.4698996531247181,,,0.2355271303811929,,-0.4827415434899717,,,False,2
CD4_proteomics,-0.467479032996641,,,,,-0.4172324388659395,,,False,2
NCKAP1L_proteomics,-0.4671625433058982,,,,,-0.4107485259871254,,,False,2
ARHGAP30_proteomics,-0.4670639849246152,,,,-0.2890853981874569,-0.4656505687590924,,,False,2
PIK3CD_proteomics,-0.4662648948315302,,,,-0.33176003913986385,,,,False,2
LDLRAP1_proteomics,-0.465400890732669,-0.3121391279245416,,,,,,,False,2
FYB1_proteomics,-0.4650349443921815,,,,-0.2776553814679984,-0.3708165975212031,,,False,2
PARVG_proteomics,-0.4631967506858821,,,,,-0.32543517894943025,,,False,2
DOCK8_proteomics,-0.4629196820492616,-0.2884401744883809,,,,-0.4710626597250119,,,False,2
LCP2_proteomics,-0.4608809701320738,,,,,-0.3900975548371692,,,False,2
CTNNB1_proteomics,0.4608358789852845,,,0.2675313477073756,0.3474829302100987,,,0.3691984830054125,False,3
ABI3_proteomics,-0.4585684170672143,,,,,-0.4401279828463472,,,False,2
AIF1_proteomics,-0.458124004543946,-0.3035552725208481,,,,-0.32036573043644706,,,False,3
PLCB2_proteomics,-0.4539868320636522,-0.2714086987326587,,,-0.29281540435637554,-0.3957625801954976,,,False,2
TRAF3IP3_proteomics,-0.4537069264726966,,,,-0.3030530630380918,-0.30440296349242313,,,False,3
CTSL_proteomics,-0.4530784324156623,-0.3129602447108125,,0.2913654666388807,,,,,False,2
TBXAS1_proteomics,-0.4517004156979906,,,,-0.3573043796713608,-0.3694256012711927,,,False,3
FGD3_proteomics,-0.4505039970948786,-0.3642405132620469,,-0.24162866604548866,-0.2749275677867784,-0.3249135358972597,,,False,3
GAS2_proteomics,-0.4697398983127423,,,,-0.4247031694687673,,,,False,2
MYO10_proteomics,0.4474781939588647,,0.3741184352520944,0.5158009122647153,,0.3706030282877606,,0.292587908863532,False,4
FCGR3A_proteomics,-0.44714792640110335,,,0.2551058431474817,,-0.341007632865645,,,False,2
VAV1_proteomics,-0.44714281575333015,-0.2856930653299403,,,,-0.43946391089850745,,,False,2
RNASET2_proteomics,-0.4446926822173949,,,,,-0.3148212858831092,,,False,2
CTSS_proteomics,-0.4413047063447187,,,0.25104127479929383,,-0.4785301637263124,,,False,2
B3GLCT_proteomics,0.4397362703871937,,,0.3188327073755515,,,,,False,2
TFRC_proteomics,0.4387652236476279,0.3148480709301581,,0.2582450308346096,,0.3265898288225306,,,False,3
ARHGDIB_proteomics,-0.4342854740521416,-0.2712034679273321,,,,-0.4172130431511783,,,False,2
DOK3_proteomics,-0.4331266451370768,,,0.2467304724235917,,-0.3211521121775889,,,False,2
WDFY4_proteomics,-0.4312759004135461,-0.27234973944955376,,,-0.32135192591957873,-0.3763887693856817,,,False,3
MYO1F_proteomics,-0.4307765840534468,,,,,-0.375708563229194,,,False,2
DUSP23_proteomics,-0.4299489119185799,,,,,,,-0.3002596713743926,False,2
DOCK2_proteomics,-0.42884069263366176,-0.2937557130997037,,,-0.2917019737883516,-0.4400847028736206,,,False,2
PGM1_proteomics,0.4282548716357236,0.3007905203364999,0.4125612741165637,0.3484970962062566,,,0.3344864599829705,,False,5
PTPRC_proteomics,-0.42495788600673146,,,,,-0.4023965480766871,,,False,2
CPNE2_proteomics,0.4248405049107025,,,0.4723247240200951,,,,,False,2
HGF_proteomics,-0.4438754601660816,,,,-0.4076931163179989,,,,False,2
PTPN18_proteomics,-0.4238355954905362,,,,,-0.4258698642603373,,,False,2
WIPF1_proteomics,-0.4238181973608884,-0.402723067084872,,0.23230424680781514,-0.2875829935780019,-0.4332703408113532,,,False,3
BTK_proteomics,-0.4233800315892208,,,,-0.2780027066666871,-0.4548727098159328,,,False,2
GIMAP1-GIMAP5_proteomics,-0.4226368649588044,,,,-0.26666447246282776,-0.4496828072402679,,,False,2
DPYD_proteomics,-0.4222140537304998,-0.332345817166089,,0.2744573240178381,,,,,False,2
GIMAP4_proteomics,-0.4212923279613036,,,,-0.2898649042485531,-0.3986168265735719,,,False,2
PTER_proteomics,-0.4203613592944818,,,,,-0.30674012653466104,,,False,2
FGL2_proteomics,-0.4183446680806845,,,,,-0.4335338962802843,,,False,2
EVI2B_proteomics,-0.4174054665566349,-0.33802458466304397,,0.2468079750381217,-0.2627669804992079,-0.3359740579087178,,,False,3
HCLS1_proteomics,-0.4171020146537781,-0.2956994607880249,,,,-0.4407619945821126,,,False,2
BLOC1S5_proteomics,-0.4163216726122936,,,,,-0.4299276903252824,,,False,2
HMGA1_proteomics,-0.4154867251670677,-0.30870831448084,,,,,,,False,2
TRMT1L_proteomics,-0.4149458098301448,,,-0.3363758555388784,,,-0.3883018884350328,,False,3
DEF6_proteomics,-0.4148077668451957,-0.2686013726286775,,,-0.2946458855132201,-0.3215243772737957,,,False,2
CTSA_proteomics,-0.4145160484365489,-0.338514183328769,,,,,,,False,2
IRF5_proteomics,-0.4331115903040691,,,,,-0.4699488782845669,,,False,2
ITGAL_proteomics,-0.41264408258515983,,,,,-0.4438449068890873,,,False,2
WIPF3_proteomics,0.4120990789075213,,,0.370668589655942,,,,,False,2
ENTPD1_proteomics,-0.4109100759710935,,,,,-0.3519900752473725,,,False,2
FBXO17_proteomics,0.4104407031390381,0.3591625850772946,,,,,,,False,2
FBP1_proteomics,-0.41041375252678935,-0.3710154638825103,,-0.34962284124295473,,,,,False,3
LPXN_proteomics,-0.4096993086044339,,,0.2461485776372682,,-0.37065608620013335,,,False,2
GLB1_proteomics,-0.4085894131018872,-0.34395390313878,,,,,,,False,2
DDR1_proteomics,0.40830140973003015,,,,,0.2686670916935848,,0.4157504963307168,False,2
INPP5D_proteomics,-0.4081806069217912,-0.27189082418464383,,,-0.2719333361211945,-0.4400583857621493,,,False,2
CARD11_proteomics,-0.40816321074792977,,,,,-0.4048202958078945,,,False,2
CLIC2_proteomics,-0.4075197024185953,,,,,-0.4062465297524333,,,False,2
CDC34_proteomics,0.4074059174559267,0.2986334872975501,,,0.3354557618790956,,,,False,2
PTPRZ1_proteomics,0.4070490288685629,,,,,,,0.3013255915057146,False,2
ARPC2_proteomics,-0.4063273917893301,-0.33618147696140066,,0.2579989385852495,-0.2927053048353768,,,,False,2
MYO1C_proteomics,-0.4059147320458793,,,,-0.3358334732067911,,,,False,2
GPX3_proteomics,-0.4053625710111532,-0.34501927050048103,,,,,,,False,2
ADGRL2_proteomics,0.4050506627240138,,,0.30313004947011457,,,,,False,2
LRMP_proteomics,-0.404324668295278,,,,-0.2785986438135194,-0.3420216403731371,,,False,2
PLEKHO2_proteomics,-0.4036127628005014,-0.3284602432329894,,,,-0.34548879828584084,,,False,3
CD2AP_proteomics,-0.4032292148942779,,,-0.4119476125022682,,-0.2702917601921166,,,False,2
FMNL1_proteomics,-0.4026844501521673,,,,-0.29378011145663463,-0.3651388094817941,,,False,2
PTPN6_proteomics,-0.4020169106226247,,,,-0.3719903148809657,-0.411321190584976,,,False,3
ABCD1_proteomics,-0.4008443531187188,,,,,-0.3091011663493006,,,False,2
MAGED2_proteomics,-0.40013391079197663,,,-0.4996999685114255,,,-0.3810989393514945,,False,3
ITGA4_proteomics,-0.3996057835812449,,,,,-0.3356653844655365,,,False,2
COL14A1_proteomics,-0.3995424007342699,,,,,,,-0.4091488436056203,False,2
POU2F2_proteomics,-0.4624454522783024,,,,-0.3708639546423269,-0.4154489025835719,,,False,3
GIMAP6_proteomics,-0.41697283505827065,,,,,-0.3611911680513787,,,False,2
AOAH_proteomics,-0.3982750748919244,,,,-0.2907171345503743,-0.3453007146966486,,,False,2
PSAT1_proteomics,0.3979466242971892,,,0.6093187041227728,,,,,False,2
SEPT7_proteomics,0.3970678329466579,0.44398552443769895,,,,,,,False,2
FOLR2_proteomics,-0.3966539984038359,,,,-0.2763594401769126,-0.3235351416241986,,,False,2
GIMAP8_proteomics,-0.3962941148471736,,,,-0.3715955247598312,-0.4673424132737701,,,False,3
SALL2_proteomics,0.3950670279171111,,,-0.2695354589829479,0.3331717626366315,,,,False,2
MCC_proteomics,0.3950186172926452,,,,,0.2874013391198764,,0.3522895759281094,False,2
EVL_proteomics,-0.3944477315294467,,,-0.4474442683228739,-0.351042338119793,-0.3773487993726072,,,False,4
CCDC88B_proteomics,-0.3940931569868417,,,,-0.30931580866695896,-0.3152113044407828,,,False,3
PIK3CG_proteomics,-0.3940482187861718,,,,,-0.4024840049333565,,,False,2
NFATC2_proteomics,-0.3926023250196009,,,,,-0.4575363475179721,,,False,2
TNFAIP8L2_proteomics,-0.39257182507927146,,,,,-0.3756269287295837,,,False,2
LCP1_proteomics,-0.39249900664722415,-0.3005838657156559,,0.25010586839274945,-0.33398659758915433,-0.3243886196771405,,,False,4
SERPINB1_proteomics,-0.3920407666033816,,,-0.3283548000476273,,,,,False,2
RGS10_proteomics,-0.3918117211696854,-0.3086142413863185,,,,,,,False,2
GIMAP1_proteomics,-0.3908771779854077,,,,,-0.4029098239851556,,,False,2
DTNBP1_proteomics,-0.39041722015349145,,,,,-0.3352329283623577,,,False,2
SMARCD2_proteomics,-0.3901865118653788,,,-0.3942355727124522,,,,,False,2
CYTH4_proteomics,-0.4273470555038196,-0.349217682965967,,,,-0.2944344442017075,,,False,2
AOC3_proteomics,-0.42480934386139946,,,,,-0.3125458523499497,,,False,2
POU2F1_proteomics,-0.3877721888290956,,,-0.4144439671744974,,,,-0.3507902092521538,False,3
PTPN7_proteomics,-0.3869766328697451,-0.2747033179383748,,,-0.35413097456969705,-0.3383404855231624,,,False,3
MARC2_proteomics,0.38508963954026426,,0.36681365890333983,,,,,,False,2
TNFAIP8L3_proteomics,-0.4022236938039388,-0.356383429816966,,,-0.4277237785237742,,,,False,3
YES1_proteomics,0.3837622605810781,,,0.4091589127943173,,0.3455594680441884,,0.29150506710916824,False,3
CD33_proteomics,-0.3832688389438477,-0.397672347962286,,,,,,,False,2
VWA5A_proteomics,-0.3796734211304131,,,,,-0.3764894838324736,,,False,2
BCHE_proteomics,0.3792644877810271,,,0.2947129979084856,,,0.38202057884396334,,False,2
SHOC2_proteomics,-0.3777588599693792,-0.30147638288455536,,,-0.2778125431094801,,,,False,2
CAMSAP2_proteomics,0.3772588471341664,,,,,0.41541673440419147,,,False,2
IKZF1_proteomics,-0.3771072006771064,,,,,-0.4017369571387324,,,False,2
VANGL2_proteomics,0.3763389327615382,,,,,0.31499080599517104,,0.3676373131125616,False,3
ITGB8_proteomics,0.37551510675366095,,,0.27120047110969936,,0.4008437150067259,,0.4586921444006671,False,3
DOK1_proteomics,-0.3752386924655659,,,,,-0.3526652900795979,,,False,2
ABCG1_proteomics,-0.37522738860857,,,-0.3438054821922316,,,,,False,2
MAPKAPK2_proteomics,-0.37380392790261385,,,-0.3581469148557264,,,,,False,2
TXNDC5_proteomics,-0.3726049898938227,,,0.2374207931864575,-0.32586771014741145,,,,False,2
MAPK13_proteomics,-0.4092096496132467,,,,0.2792365828322856,,-0.37216992395217,,False,2
SEPT1_proteomics,-0.4086561248153019,-0.2836283043278879,,,-0.3749046702109369,-0.4621887773977032,,-0.3089888631953839,False,4
FUCA1_proteomics,-0.3710356484250017,,,-0.300690093706931,,-0.3248929874764853,,,False,3
STK10_proteomics,-0.3710072574688166,-0.34540211015772043,,,-0.2732074940314969,-0.353202366441315,0.2952534339832729,,False,3
DCLK2_proteomics,0.3705917110177973,,,0.3564464642803089,,,,,False,2
LSP1_proteomics,-0.3699416780625621,-0.3100836062034417,,,,-0.3456325541860066,,,False,3
FABP4_proteomics,-0.3692002642340195,,,,-0.3153043832454113,,,,False,2
DOK2_proteomics,-0.3862487983342143,-0.3295922371587231,,0.24345672121644085,,-0.4292908889983384,,,False,3
PCTP_proteomics,-0.3688736311380297,,,,,-0.3644661546158969,,,False,2
DENND3_proteomics,-0.3669389846332937,,,,-0.3528941592829694,,,,False,2
BLOC1S6_proteomics,-0.3656573725089364,,,,,,-0.3689039206385795,,False,2
SEPT9_proteomics,0.3647881303163169,0.4616985374897984,,,,,,,False,2
FERMT3_proteomics,-0.36387895937457615,,,0.2405550061750534,-0.2829655314328778,-0.4481105808159223,,,False,2
SYNPO2_proteomics,-0.3615734670331545,,,,,,,-0.3077689338150763,False,2
GDAP2_proteomics,-0.3599428348225043,-0.300247915054895,,,,,,,False,2
PHGDH_proteomics,0.3596728937391537,,,0.4464257331864679,,,,,False,2
GSTO1_proteomics,-0.35954528204549274,,,,-0.3348989616666405,,,,False,2
CD53_proteomics,-0.3588536156536186,,,,,-0.28156624335955216,,-0.3164592732944385,False,2
ISLR_proteomics,-0.35507847293022443,-0.30134525017430724,,,,,,,False,2
ITSN2_proteomics,-0.3547506828862561,,,,,-0.3295608764396142,,,False,2
CRYBB1_proteomics,-0.3546357842932302,,,,,-0.6957970298362244,,,False,2
ZNF316_proteomics,0.35427564897305497,,,,0.4130672388098267,,,,False,2
ECHDC1_proteomics,-0.35401105627119656,,,0.2464823715185976,,-0.3905817666044027,,,False,2
GIMAP7_proteomics,-0.3529221592472273,,,,-0.3834540004100019,-0.44404945238790944,,,False,3
FLI1_proteomics,-0.3676392747962505,,,,-0.3410238714262723,-0.3654210967946806,,,False,3
RASSF4_proteomics,-0.35041476860709914,,,,,-0.3875203747348511,,,False,2
ANKS1A_proteomics,-0.3501208799992487,,,,,,-0.3195611677805111,,False,2
ATP13A4_proteomics,0.3647371426583823,,,,0.34494653566058725,,,,False,2
CLUH_proteomics,0.3461056084679245,,,0.3182358525709896,,,,,False,2
RIPOR1_proteomics,-0.3440346503288826,,,,-0.33970765830679395,,,,False,2
ABRACL_proteomics,-0.34356640269123745,,,,,,-0.3192311204098313,,False,2
ATAD3A_proteomics,0.3430576212592168,,,0.31829691145797745,,,,,False,2
PLSCR4_proteomics,0.3427484459472194,0.4070104768852263,,,,,,,False,2
CSPG4_proteomics,0.34266242342119035,,,0.4382872006533078,,,0.3376749093488488,,False,3
GALK2_proteomics,-0.3408104819190366,,,,-0.3987735021277554,,,,False,2
POMT2_proteomics,0.34067223944177794,,,,0.4439864296559614,,,,False,2
FCHO1_proteomics,-0.3383038949791778,,,-0.3246986834268873,,-0.4600252488953242,,,False,3
ERP29_proteomics,-0.3375703686470155,-0.3834655849013757,,,,-0.30065484983593405,,,False,3
ARNTL_proteomics,0.3364165182371821,,,-0.2878384680742369,0.3120375214163913,,,,False,2
ALDH1L1_proteomics,0.3363462101849774,,0.4867613041483839,0.2457048448045911,,-0.2686834205236514,0.30223793564647616,,False,3
ENGASE_proteomics,0.33571463643356625,0.3398242543983749,,,,,,,False,2
NCALD_proteomics,0.3352842708366608,,0.36540537019392794,,0.2684960201034969,,,,False,2
CORO1A_proteomics,-0.33518573293798154,,,,-0.3337761760416429,-0.41624040770107457,,,False,3
SRPK2_proteomics,0.3350172662191391,,,,,0.3721877478835116,,,False,2
CYB5R4_proteomics,-0.33453568362547226,,,,-0.33759444184342946,,,,False,2
ARHGAP21_proteomics,0.3329692002062819,,,0.3710187610729364,,,,,False,2
TRAF6_proteomics,0.33175330051931,,,,,,0.3881534907655576,,False,2
TMF1_proteomics,-0.3286478211448224,,,-0.3433462297326204,,-0.37344615218821,,,False,3
LGALS9_proteomics,-0.3285113049124243,,,,,-0.36035775458671215,,,False,2
ACAD8_proteomics,0.3277373543401183,,,,0.3297951454620968,-0.2884076794746101,,,False,2
PPP6R1_proteomics,-0.327709123828079,-0.3209243555534481,,,,-0.2914774325246322,,,False,2
MZB1_proteomics,-0.384198722266214,,,,-0.3387826055986336,-0.33768598379266657,,,False,3
CDH2_proteomics,0.3255961627671761,0.3443165916139201,,,,,,,False,2
CCR1_proteomics,-0.3400585350303737,,,,,-0.5849297247082341,,,False,2
CIB1_proteomics,-0.3245502251160418,-0.2689140239830109,,-0.3381032769114605,0.2856680581790384,,,,False,2
SQLE_proteomics,0.3245007029720576,,,0.2948202544701171,,0.35305403726169554,,,False,2
TANC2_proteomics,0.3245006093072668,,,,0.3259689024507087,0.3620576467984281,,0.3128778728623338,False,4
NMRAL1_proteomics,0.32182958645970616,0.3298381349265081,,,0.2902634869551265,,,,False,2
ARRB2_proteomics,-0.3217300239776287,-0.2717641722142425,,,-0.32985409585007475,-0.3959667040338391,,,False,3
F3_proteomics,0.32149735077909336,,,,,,0.4004210267332596,,False,2
RAC2_proteomics,-0.3211783726449208,,,,-0.34993673127223235,-0.2771000333434056,,,False,2
COTL1_proteomics,-0.32108700345290603,-0.40938046478908596,,,-0.4463412857867368,-0.39002114651327097,,,False,4
CUTC_proteomics,-0.3207425244320007,,,,-0.4785805025172935,,,,False,2
TRIP13_proteomics,0.3202410222894252,,,0.2484191932277585,,,0.3241225911248616,,False,2
GRAMD2B_proteomics,0.3177824864698087,,,,0.5621979613870919,,,,False,2
ELMO1_proteomics,-0.3175894719550694,,,,-0.41009819444603257,-0.3727429888492144,,,False,3
DNMT3A_proteomics,0.3161527170785594,,,0.3213740339002975,,,,,False,2
PRKCQ_proteomics,-0.329765904450446,,,,-0.41817537058263576,-0.2844624529563252,,,False,2
PLEK_proteomics,-0.3145962011415929,,,,,-0.3111529779426722,,,False,2
TNIP2_proteomics,-0.3466985774132999,-0.31500637453264924,,,-0.3712874202843134,,,,False,3
F9_proteomics,-0.31423697210723905,,,0.27657367764298113,-0.3962497307025976,,,,False,2
GPI_proteomics,0.31387211202707144,0.29674510617975525,,0.3857478830736144,,,,,False,2
AKR1B1_proteomics,-0.3131656650164456,,,,,,,-0.36004509162937465,False,2
PHLDA2_proteomics,0.4570003747108699,,,0.3236551403785089,0.3913434565849656,0.6490337294497416,0.5859947970066203,0.5454221437190859,False,6
APOBR_proteomics,-0.3130500033763373,,,,,-0.3158699696832933,,,False,2
SERPINB9_proteomics,-0.3121949830527225,,,,,-0.31236917346119075,,,False,2
MPP5_proteomics,0.3121760994503185,,,,0.3230939247151184,,,,False,2
MECP2_proteomics,-0.3120941587430977,,,,,-0.3488588240441465,,,False,2
TMEM87B_proteomics,-0.31186261084986044,,,,,,-0.37211348495701535,,False,2
BBOX1_proteomics,0.31138404876734194,,,0.3761350995277293,,,,,False,2
NCKAP1_proteomics,0.3101900557576178,,,,,0.3316972508005989,,0.4318550268142002,False,3
CRIP1_proteomics,-0.3099272436735486,,,-0.3932163530528143,,,,,False,2
LIN7C_proteomics,0.3097822284838211,,,,,,,0.34938851972427243,False,2
ANKFY1_proteomics,0.3095359520870452,,,,,,0.4003123357505765,,False,2
TOR1A_proteomics,-0.3086557316378017,-0.41819380680502827,,,,,,,False,2
MICAL1_proteomics,-0.30849039871152384,,,,-0.3071395426699741,-0.35643321709863585,,,False,3
LRCH1_proteomics,-0.3084596427929074,-0.3224710455841339,,0.25996877585821543,-0.3009718229303497,,,,False,3
ARHGEF7_proteomics,0.3077561388031895,0.3043829812202483,,,,,,,False,2
ALDOC_proteomics,0.30754513047673904,0.5104417616271529,,0.36783962540817183,,0.32601999314961644,,,False,4
STX11_proteomics,-0.32178466833988983,,,,-0.2679143515644861,-0.3390628760414098,,,False,2
CBS_proteomics,0.3067580582045304,,,0.3355513941451772,,,,,False,2
DENND4A_proteomics,-0.3056488587584585,,,,-0.2721005478310354,-0.3036748274039722,,,False,2
RASA3_proteomics,0.3056308361620605,,,0.32564905706472674,,,,,False,2
MAP1B_proteomics,-0.30560298125624097,-0.3084622650678844,,0.2833867203553768,,,,,False,2
AJUBA_proteomics,0.3036396453166629,0.34962655834279033,,,0.26727013986983605,,,0.3267445002657511,False,3
STAT5A_proteomics,-0.30037275940720903,,,,-0.2775709193288341,-0.3625957253311337,,,False,2
IGSF3_proteomics,0.2997522272686096,,,0.28247619256720563,,0.3677938167876182,,0.35935626841233925,False,2
NRP1_proteomics,-0.2983859486497797,,,0.3425401629615256,0.3509663640708975,,,,False,2
ABAT_proteomics,0.2961569808725326,-0.3314931575385089,,-0.42952544649283975,,,,,False,2
GJA1_proteomics,0.29338048297417985,,,,,0.3698548008762631,,0.4159466729993556,False,2
PSPH_proteomics,0.29326647733080785,,,0.3316783110916617,0.2979523449067736,0.30531613601593444,,0.4136625526677965,False,3
ADA2_proteomics,-0.2931564028604989,-0.3732390479518142,,,-0.35043536954012755,-0.4658355656026935,,-0.28997689524173353,False,3
SPI1_proteomics,-0.3061139309615493,,,,,-0.40040034938292135,,,False,2
P4HA1_proteomics,-0.2912368974201657,,,0.4368757898713937,,0.4383802441052714,,0.3227840739567718,False,3
PILRA_proteomics,-0.3402265328780569,-0.5700082859322431,,,,,,,False,2
N4BP2L2_proteomics,0.29042755820709965,,,,-0.31457987607444976,-0.3492396801717045,,,False,2
ALDH6A1_proteomics,0.28992387988245205,-0.3072128631515061,,-0.3279651042601886,,,,,False,2
CA13_proteomics,-0.2893295572515117,,,0.3578124170924849,0.33566479865682153,,,,False,2
RSL1D1_proteomics,-0.2884519844838224,0.40950331982608695,,0.2600976574163047,,0.35141497025159685,,,False,2
PRR15_proteomics,-0.4271669613632493,,,-0.4191243298849992,,-0.6935381175179203,,,False,3
BMP1_proteomics,-0.28766827468656897,,,0.3718998940416749,,0.3727008244966104,,,False,2
WNT5A_proteomics,-0.28577304919656915,,,,,0.3099596060852554,,0.31249454162265683,False,2
ARHGAP25_proteomics,-0.2845265302038289,,,,-0.3595005704478397,-0.4661374699208939,,,False,2
ATP11C_proteomics,-0.2840958867050871,,,0.5287172399825971,0.2894792568998049,,0.3504138463951885,,False,2
RPL14_proteomics,-0.28312457892124737,,,0.3188799773447435,,0.3294569813310578,,,False,2
COLGALT1_proteomics,-0.2823755636867025,,,0.5290024876770371,,0.3752957073187173,,,False,2
GGCX_proteomics,-0.2806748868332248,,,,0.35231474916490296,0.31069009157755023,,0.3713271016311065,False,3
ASPH_proteomics,-0.27993955329356685,,,0.3478811484647677,0.3369404324495567,,,,False,2
SOCS6_proteomics,-0.37617897756212415,,,,-0.3874193522925575,,,,False,2
PLAU_proteomics,-0.278912917799607,,,0.3693319986353616,,0.4518651709840114,,0.3856654233448133,False,3
FZD6_proteomics,-0.2910141526293983,,,,0.29427916643627505,0.3744346757009685,,0.5004563630880492,False,2
ALDH5A1_proteomics,0.2764741657925369,,,-0.35684255212309346,,,-0.3217335221076768,,False,2
GPRC5C_proteomics,0.37122970640550457,,,,,,,0.3257399633098543,False,2
RND3_proteomics,-0.2890299894231685,,,0.4895059164442277,,,,0.38346825452368855,False,2
PTPRF_proteomics,0.2742950713430101,,,,0.3850418202269308,0.30234373764878997,,,False,2
C7_proteomics,-0.2739999905984316,,0.40667216832956576,0.26091378108737034,,,0.3244765384938605,,False,2
VPS13C_proteomics,-0.27275565656988354,-0.3848955675431936,,,,-0.3940090314155126,,,False,2
LOXL2_proteomics,-0.2707722353090501,,,0.3013557626439463,,0.35790069037620875,,,False,2
TIFA_proteomics,-0.3607947790130214,-0.3575014875121191,,,,,,,False,2
PLD1_proteomics,-0.2688170140825924,,,0.4516772497543106,,,0.4192192351125398,,False,2
CES2_proteomics,-0.2687433728026569,,,0.3843158166418253,,,,0.33245911762922103,False,2
NUDCD3_proteomics,,0.5562135224443416,,,0.5683828297279072,0.3774212466197147,,,False,3
ENPP3_proteomics,,0.5544967541293412,,0.4740232172024868,0.3496492358246868,,,,False,3
PGK1_proteomics,,0.53244966986068,,0.3114470468253621,,0.3012654301347171,,,False,3
PPP1R13L_proteomics,,0.5274531008381123,,0.3430911432247392,,,,0.440445730796978,False,3
NDUFA4L2_proteomics,,0.5204969693553742,,0.6098649748436494,,0.3506415574525591,,,False,3
SLC16A3_proteomics,,0.5145067279205569,,0.3180745627126265,,0.3241859591506814,,0.29136121340637056,False,3
PUS7_proteomics,,0.5059292037346123,,,,0.3929848999781237,,,False,2
JPT2_proteomics,,0.5050421842010804,,,0.3159338769147537,,,0.3915641164888692,False,3
PYGL_proteomics,,0.5031492276613793,,,,,0.4002626440579649,,False,2
NOL3_proteomics,,0.4959086735293742,,-0.2386160567239328,,,,0.4432696345486756,False,2
COX7A2L_proteomics,,-0.4908370552881602,,,,,-0.3020878126341425,,False,2
TCAF2_proteomics,,0.4784493398720986,,0.33605181018165114,,,,,False,2
RHOB_proteomics,,0.4759623651931178,,,,0.3601335237744018,,,False,2
KIAA1671_proteomics,,0.4684325116586195,,,,,,0.3707891549334851,False,2
TMSB10_proteomics,,0.4668196524948384,,0.3794501175760664,,,,,False,2
SEMA4B_proteomics,,0.4622726463604424,,,,0.3495422871484833,,0.3828963120554987,False,3
YWHAG_proteomics,,0.4506110008257434,,,,0.3144053726403919,,,False,2
PFKP_proteomics,,0.4475114417645887,,0.5576454572411504,,0.4721345292919824,,,False,3
ADAM9_proteomics,,0.4443930552223458,,0.3758139812555216,,,0.36118173303479867,0.34797969616975155,False,4
ANKZF1_proteomics,,0.4432515294453041,,0.3667993810345677,,,,,False,2
GYS1_proteomics,,0.4409781052531989,,0.3254541075527918,,,,,False,2
CA9_proteomics,,0.4381393311124113,,0.4586242021062971,,0.3494558732547925,,,False,3
FAM13A_proteomics,,0.4354934389879527,,,0.4376030424221389,,,,False,2
INPP4A_proteomics,,-0.427126141280248,,,,-0.3315766124661413,,,False,2
CLASP2_proteomics,,-0.433554028447844,,,,-0.355816980737797,,,False,2
GK_proteomics,,-0.42429165721696815,,,-0.3081080323019513,-0.31327795294811056,,,False,3
CPNE8_proteomics,,0.4239121938241529,,0.6164526528779661,,,,0.3900213066656441,False,3
RCC1_proteomics,,0.41956857450752577,,,0.4315642438461721,,,,False,2
SH3BP5L_proteomics,,0.4127119559528032,,,,,,0.33932526438924915,False,2
ZADH2_proteomics,,-0.41261962356142257,,-0.4200851544904807,-0.2708301408628225,,,,False,2
SLC16A1_proteomics,,0.41164533583629,,0.3054013349994498,,0.3619935072346706,,,False,3
RENBP_proteomics,,-0.40968172662334096,,,,-0.3535903430848322,,,False,2
LNPK_proteomics,,0.4093993605493632,,,0.30584422587907073,,,,False,2
DDX56_proteomics,,0.4093328008966161,,,0.3062093430129771,,,,False,2
ARHGEF16_proteomics,,0.4070890740222281,,,,,,0.3802093730838387,False,2
ANKRD44_proteomics,,-0.40493654947175456,,,,-0.44847678974932303,,,False,2
ALDH1B1_proteomics,,-0.4045201969002473,,0.2408100792092997,,,-0.3217344326953707,,False,2
WDR91_proteomics,,0.40280718141133204,0.3951980533055096,0.28385348703934066,,,,,False,2
PPIA_proteomics,,0.4022634117890272,,,,0.3477132005351692,,,False,2
NDRG1_proteomics,,0.4019084449796148,,0.5635350183366943,0.29629842330935285,0.4953263887241109,,0.4053827619374691,False,4
P3H2_proteomics,,0.4011045996771321,,,,,,0.31876402044269003,False,2
AK3_proteomics,,-0.40091328072265975,,,-0.2960770206299349,,-0.3594715065192014,,False,2
NDUFA2_proteomics,,-0.3977119325762647,,,-0.3992214001255991,,,,False,2
GNG12_proteomics,,0.3952830766399285,0.4372882581946351,,,0.30864050591773873,,0.3006953396460811,False,4
ANGPTL4_proteomics,,0.3929253058027984,,0.5927303341631387,,0.3168364776461824,,,False,3
FZD1_proteomics,,0.3909120145682141,,0.231741032049414,0.3270166056095501,,,,False,2
XPNPEP1_proteomics,,0.3895013062291278,,0.3597103225463801,-0.28032533056822023,,0.30131681327734106,,False,3
PGM3_proteomics,,0.3879359171924807,0.3623987926960782,,,,,,False,2
PLCL2_proteomics,,-0.3878597878423546,,,-0.4064919142953151,-0.3522889153773888,,,False,3
TRADD_proteomics,,0.38784998783404745,,0.3408630328408009,,,0.3021294571228932,,False,3
PMVK_proteomics,,0.38610056024315736,,,0.26658595986289463,0.3663520491686926,,,False,2
NNMT_proteomics,,0.3835203703687588,,0.3078542601653715,,,,,False,2
PTPRCAP_proteomics,,-0.4948637768637183,,,-0.36097708042436666,-0.4123476734791607,,,False,3
TBC1D13_proteomics,,-0.3822829611001698,,,,-0.330166636206976,,,False,2
GPD1L_proteomics,,-0.3821859261761337,,-0.3247849521794069,,,,,False,2
TMEM159_proteomics,,0.3815584414711376,,,0.4277741321616617,0.4172320149528149,,0.3430651678108463,False,4
H6PD_proteomics,,0.3796135927972575,,0.3151357247184697,,,,,False,2
SEPT6_proteomics,,-0.3790389139863016,,,,-0.40965608156970745,,,False,2
ANXA6_proteomics,,-0.3788574848666766,,,-0.4305207150302893,,,,False,2
CYB5R3_proteomics,,0.37723810341941705,,0.4737904192691325,,,,,False,2
SLC2A3_proteomics,,0.3771057611596619,,0.42395414512036855,,,,,False,2
RAB39A_proteomics,,0.3868968422862116,,,,,0.3976345290264794,,False,2
MYL6B_proteomics,,0.3733072929476111,,0.3568996841071631,,,,,False,2
EFNA1_proteomics,,0.37308274386325946,,,,0.4304135149258218,,,False,2
ALDH16A1_proteomics,,-0.3730760358203409,,,-0.30296753063350795,,,,False,2
ENO1_proteomics,,0.371415626532341,,0.4801493711879199,,0.3584253170432138,,,False,3
LRRC40_proteomics,,0.3703127767137431,,0.3257440319739721,,,,,False,2
MID1_proteomics,,0.3692587364155684,0.35876435457517497,0.4074309259856072,,,,,False,3
TRAPPC8_proteomics,,-0.36761191443548347,,,-0.41973919999709397,,,,False,2
TBC1D9B_proteomics,,0.36611840769269177,,,0.3060098352666505,,,,False,2
SEPT10_proteomics,,0.3658117262113822,,,,0.3478744230891494,,,False,2
SIGIRR_proteomics,,-0.3631945866415711,,-0.5136072448700153,,-0.3218090847988808,,,False,3
ASL_proteomics,,0.3626824128135495,0.4374369252599876,,,,,,False,2
AKR1C3_proteomics,,0.3626444159906593,,0.3335662029497345,,,,,False,2
PRKAR2B_proteomics,,-0.3612850861335267,,,,-0.4186443323233162,,,False,2
PLXNB2_proteomics,,0.3607694580828442,,,,0.3692881472803162,,0.41902871887672055,False,3
STRBP_proteomics,,-0.3581534935961332,-0.3895257836794436,-0.5148746843204373,,,,,False,3
IRF2_proteomics,,-0.3578071455498061,,,,-0.37779324549130655,,,False,2
APTX_proteomics,,-0.3553185990792588,,-0.3933373620625928,,,,,False,2
CHD3_proteomics,,-0.35486236523644765,,-0.3496982384975456,,,,,False,2
ICAM1_proteomics,,0.35476689044221504,,0.44472804485480427,0.3305299685651742,,,,False,3
ADH1C_proteomics,,-0.35424114976509724,,0.2434691987315205,-0.3787688840221904,,0.2978815247382828,,False,2
TTLL12_proteomics,,0.3534088475419026,,,,0.28231632670616835,,0.31821884003441153,False,2
PTK2B_proteomics,,-0.3532298235776936,,,-0.3561239550817171,,,,False,2
FNBP1_proteomics,,-0.3516118356102373,,,-0.2915133262262566,-0.4635221178342521,,,False,2
TRIP6_proteomics,,0.35146632452843085,,0.3313593117072636,,0.4404324988714384,,0.3024641866227619,False,4
VIL1_proteomics,,-0.34922323515762355,,,,-0.3409735051250739,-0.32776018624879266,,False,3
ATP2B4_proteomics,,0.3487729971921214,,,,0.4805627820273137,,,False,2
ERO1A_proteomics,,0.34813364763206844,0.5121576051190955,0.5090758594376754,,0.3809571010622293,,0.312916600756604,False,5
PFAS_proteomics,,0.34798048493948563,,-0.2821476758700308,,,0.3334432576546137,,False,2
GRAP_proteomics,,-0.4072123235138709,,,-0.5441949411386242,-0.4921052616130144,,,False,3
KRIT1_proteomics,,0.34708130031736795,,,0.27584686966077304,0.3836194564655627,,,False,2
HK2_proteomics,,0.34643842151101145,,0.3167136781651393,,0.2772241760425113,,,False,2
TRIM26_proteomics,,-0.3440023564452469,,0.2686566928893085,0.2866446692682137,-0.39858862687571495,-0.36329879938424825,,False,3
YWHAQ_proteomics,,0.34348453974608073,,0.3647898178962952,,0.3446367296539157,,,False,3
SLC2A1_proteomics,,0.3404138466398226,,0.5196022216464615,,0.40149734169546425,,0.4112543904760416,False,4
IQGAP2_proteomics,,-0.33801076111547856,,,,-0.3594168273151861,,-0.3164814990085916,False,3
TMSB4X_proteomics,,-0.3371021455817105,,,,-0.3236289680058129,,,False,2
PON2_proteomics,,0.33656143639035563,,0.3403836682668486,,,,,False,2
MAPRE1_proteomics,,-0.3344445157984299,,,,,-0.3320309596816213,,False,2
DCAF1_proteomics,,-0.33360887951948603,,-0.3226749940569309,,,,,False,2
ACYP2_proteomics,,-0.3331712052309361,,,-0.2707446203152828,-0.3022412453559818,,,False,2
PAXX_proteomics,,-0.32998400099864034,,,,-0.3020341678836648,,,False,2
HSD17B4_proteomics,,-0.3299568275645259,,-0.3586378166665009,,,,,False,2
PLOD3_proteomics,,0.32919439186070265,,0.4962888687612387,,0.3364371332353925,,,False,3
MSRA_proteomics,,-0.3290539411211363,,,-0.2894113338693083,-0.4302357864495482,,,False,2
SEMA4D_proteomics,,-0.32843919534607346,,,,-0.3252070895383794,,,False,2
ARHGEF10_proteomics,,0.3272539699896148,,0.3605072173325993,,,,,False,2
OSMR_proteomics,,0.4990228453275571,,,0.35420584739610683,,,,False,2
C9orf78_proteomics,,-0.32670900107520484,-0.3980674525297793,,,,,,False,2
SLFN11_proteomics,,0.3254023814357949,,0.3300309543916076,,,,,False,2
BICD1_proteomics,,0.3246584418105273,,0.33141961104891504,,,,,False,2
ASPSCR1_proteomics,,-0.3238881485667807,,-0.32365500557611915,,,,,False,2
WDR3_proteomics,,0.32239981941717794,,,,0.31417937712972405,,,False,2
DARS_proteomics,,0.3216533180292092,,0.2537134265059788,,0.3648868732450231,,,False,2
ARRB1_proteomics,,-0.32096521077346496,,,,-0.4919111584556752,,,False,2
DCXR_proteomics,,-0.3200094712935365,,-0.31699676017892603,,,,,False,2
HNRNPH2_proteomics,,-0.3193640760528544,,-0.3053213810427815,,,,,False,2
IQSEC1_proteomics,,-0.3173203858065907,,-0.2931875787392121,,-0.3259248236938228,,,False,2
HSD17B8_proteomics,,-0.31721657316193763,,-0.3243298951420446,,,,,False,2
ZPR1_proteomics,,0.3155123847224389,,0.4438652046185476,,,,,False,2
RFK_proteomics,,-0.3151588714734527,,,-0.3537687095831371,-0.3951549913154555,,-0.2940102843599658,False,3
GAN_proteomics,,0.32132006194435403,,0.3475242744099307,,0.3625401441755228,,,False,3
AP1S2_proteomics,,-0.3134692572896218,,,,-0.4187672117278523,,,False,2
MRPL53_proteomics,,-0.3132760320265669,,-0.328349615973763,,,,,False,2
TCEAL3_proteomics,,-0.31319919306299243,,-0.455559053246755,,,,,False,2
SKAP1_proteomics,,-0.39138088255326703,,,,-0.4224476839351175,,,False,2
ALPL_proteomics,,0.312203372629877,,0.3139195447073717,,,,,False,2
CAD_proteomics,,0.3120063314384046,,0.4160867324902719,,0.2753419613891346,,,False,2
LMTK2_proteomics,,0.3090342435335538,,,0.35039525879480804,,,,False,2
DDX5_proteomics,,-0.3083397916297749,-0.4446501270770963,,,,,,False,2
MYO5B_proteomics,,-0.3081224382975011,,-0.304268009845306,,,,,False,2
ADH1B_proteomics,,-0.3080584108164119,,,-0.30878734699862564,,,,False,2
SMAP2_proteomics,,-0.3065578957892228,,,,-0.4283908920160481,,,False,2
NAMPT_proteomics,,0.306552778810964,,0.5424696350033302,,,,,False,2
STBD1_proteomics,,0.3064853264042379,,,0.2705979209847958,,0.3263221254763571,,False,2
PTPN23_proteomics,,-0.30548438552675866,,,,-0.3280133981380261,,,False,2
DHCR24_proteomics,,0.32911519800250816,,,0.3717214214280116,,,,False,2
SNX33_proteomics,,0.3038079825465244,,,,,0.346440622699247,,False,2
MACC1_proteomics,,0.3035733777079229,,,0.5222575198923531,,,,False,2
GM2A_proteomics,,-0.30300598779538324,-0.4058631329686729,,,,,,False,2
FADD_proteomics,,0.30255434675079995,,,0.3214310125937013,0.4253626536384056,,,False,3
CHID1_proteomics,,-0.30250954374843103,,,,-0.3029099632229201,,,False,2
ITGA2_proteomics,,0.3014688663510591,,,,0.3927585591329192,,0.5305344871888873,False,3
SFXN2_proteomics,,-0.3014246377965205,,-0.4437727843475283,,,,,False,2
GRAP2_proteomics,,-0.3052896955008512,,,,-0.4280928767245835,,,False,2
DSG2_proteomics,,0.29960219347656075,,0.3370910853106883,,0.3068247360714295,,0.3793405225531985,False,3
ITGA5_proteomics,,0.2988124297045829,,0.4718690283575349,,0.3891455243561357,,,False,2
SPCS3_proteomics,,-0.2941587956684813,,,-0.35106769935706383,-0.3032237720145046,,,False,2
GZMM_proteomics,,-0.35820123558740946,,,-0.3330831550054441,,,,False,2
MICAL3_proteomics,,0.28366564091548,,0.4361748839073477,,,0.4121956036801262,,False,2
SEZ6L2_proteomics,,0.3394439652837305,,,0.3380824827537672,,,,False,2
ACAP1_proteomics,,-0.2869955541083131,,,-0.4240403377666107,-0.4422000273812984,,,False,2
CES3_proteomics,,0.31435659971848273,,,0.3632984751549485,,,,False,2
ZAP70_proteomics,,-0.2760870868487272,,,-0.3846125777501223,-0.4101673910556346,,,False,2
NCF1_proteomics,,-0.2744094153389521,,0.26313660992334964,-0.3611204979540282,-0.32328503888126164,0.29187255382682964,,False,2
S100A16_proteomics,,0.27408673545521,,,,0.3145033955918631,0.3787097040116302,0.3878179209727453,False,3
ESYT2_proteomics,,0.2721165049342507,0.3691429497209199,0.423221503324998,0.3661614073943552,,,,False,3
KIDINS220_proteomics,,0.26835890338871665,,,0.4389200379466213,0.2881179510387878,,0.3794139082961858,False,2
EMC3_proteomics,,-0.2676042730506813,,0.3501589588165009,0.420932796483273,,,,False,2
PC_proteomics,,-0.2673553990201649,,,0.3156838396261552,0.32956040975249445,,,False,2
EFNB1_proteomics,,0.26531693026977154,,0.3466889995335024,,0.36829328925921,,0.3564391912379398,False,3
NFIC_proteomics,,,0.4726618015365188,,0.31874339513933675,,,,False,2
IVNS1ABP_proteomics,,,0.4539583499595119,,,0.4070628568372416,,,False,2
TRIP10_proteomics,,,0.4506953102079415,0.5627884324370849,,,,,False,2
CALU_proteomics,,,0.4467257071243231,0.5339506757285655,,,,,False,2
LGALS3_proteomics,,,0.4444794311552248,,0.33522479846923514,,,,False,2
RALY_proteomics,,,-0.4444739224899567,,,,-0.44476400709496505,,False,2
USF1_proteomics,,,-0.4353685632609848,,,-0.32352324393580023,,,False,2
CRISP3_proteomics,,,0.4302447696379097,,,,0.3630791826422724,,False,2
KRT19_proteomics,,,0.4301595690487068,,,,,0.4547093715715852,False,2
PROZ_proteomics,,,0.4381097850931389,0.382754394572872,,,,,False,2
CLDND1_proteomics,,,0.4178396259515669,,,0.32595071077848903,,0.3178760371366544,False,3
FGD4_proteomics,,,0.4168692755654528,0.3009775176095677,,,,,False,2
SRSF7_proteomics,,,-0.4154580688612685,,,,-0.3040368040362979,,False,2
KRT16_proteomics,,,0.4062596125881645,0.5953254717268092,,,,0.35814649563355594,False,3
FCN3_proteomics,,,0.4047748763978697,0.3964917861111564,,,,,False,2
RNF216_proteomics,,,0.5877104848531128,,,0.4216608368541965,,,False,2
DCK_proteomics,,,-0.3899248942356381,,,-0.33365756237217825,,,False,2
STEAP3_proteomics,,,0.3889292452888983,0.4192198008853433,,0.27770448842258644,,,False,2
RIN1_proteomics,,,0.3886534759690498,,,0.37241351582226506,,0.5085529450060499,False,3
KRT17_proteomics,,,0.3838755025624948,0.4838078671121929,,,,0.3826411612215764,False,3
PLEKHA1_proteomics,,,0.3829926473904025,,,,,0.42635387951673204,False,2
TRIM16_proteomics,,,0.3983392528514783,0.5357323977714346,,,,,False,2
CDH3_proteomics,,,0.3818657418467631,,,0.34940088896658883,,,False,2
ACADM_proteomics,,,-0.3809024593969968,,-0.3784446454486524,-0.3603746160271388,,,False,3
CPSF6_proteomics,,,-0.3787513894588056,,,,-0.35136809822274584,,False,2
SUN1_proteomics,,,0.3784852455924117,0.5345705715261186,0.3527343149051201,0.3180604245703447,,,False,4
LAMC2_proteomics,,,0.3765184749683622,0.3871523879588853,,0.3863042786980868,0.35378319421947074,0.4764105493082775,False,5
RPRD1B_proteomics,,,-0.3756225071393111,,,,-0.4200391924928882,,False,2
POR_proteomics,,,0.3753400093263187,0.4691163978922902,,,,,False,2
TNKS1BP1_proteomics,,,0.3751208972537652,,0.3556809821682672,,,0.4477544135509863,False,3
C1orf116_proteomics,,,0.38981862572660103,0.3332708446141184,0.2656087403504626,,,,False,2
LTF_proteomics,,,0.37144760269468985,0.3431550415503409,,,,,False,2
RBM39_proteomics,,,-0.3707969345416428,,,,-0.3693365684420585,,False,2
SYNPO_proteomics,,,0.3704440838627738,0.3089742371607558,,,,,False,2
U2AF1_proteomics,,,-0.37016832944330624,,,,-0.40626706728279854,,False,2
PTP4A1_proteomics,,,-0.37003504593613856,,,,-0.31806928459519,,False,2
PTGFRN_proteomics,,,0.3694970329303313,0.3527978124576192,,0.2963511426920726,,0.3620301554630589,False,3
AMOT_proteomics,,,0.3853773604116526,,0.3182148376707782,,,,False,2
PROM2_proteomics,,,0.3658443627934368,,,,,0.5084142082234286,False,2
XDH_proteomics,,,0.4101757060870523,0.31180464834002675,0.26185447849948784,,,,False,2
NCOA5_proteomics,,,-0.3635925698450386,,,,-0.3339047639916365,,False,2
UBE2C_proteomics,,,-0.3626973227599256,,,,-0.3272376674844833,,False,2
KRT5_proteomics,,,,0.5947703956956036,,,,0.5031481448102282,False,2
NXN_proteomics,,,,0.5928643081653011,0.2662256779273597,0.33991289005012004,,,False,2
FMNL2_proteomics,,,,0.5798977074970961,,0.30325086753933284,,,False,2
MMP14_proteomics,,,,0.5611608759369696,,0.3806904916697732,,,False,2
PLOD1_proteomics,,,,0.5593190033157379,,0.4370437775073418,,,False,2
FAT1_proteomics,,,,0.5520735268804902,,0.3038837042564141,,0.4345354709209736,False,3
DSC3_proteomics,,,,0.5335853213297187,,0.38284338684804986,,0.40626226352193134,False,3
DYSF_proteomics,,,,0.5258927641310345,,,0.3084006887635828,,False,2
FERMT1_proteomics,,,,0.5392303793124618,-0.2671924243138432,0.39493834108300585,,0.34073821992571784,False,3
EXOC6_proteomics,,,,-0.5093363841981216,,-0.4944648402198387,,,False,2
CD58_proteomics,,,,0.5267782596348842,,,,0.3539456676489166,False,2
HID1_proteomics,,,,-0.5068383468344935,,-0.3887660174033151,,-0.3581336178910189,False,3
FKBP14_proteomics,,,,0.5032624547163831,0.266324260714157,0.3911524246647626,,,False,2
SERPINB5_proteomics,,,,0.5024008696922698,-0.28773685266931537,0.2711040897027663,,0.3979678885357461,False,2
SCCPDH_proteomics,,,,-0.4997769949640491,,,-0.31539991748499496,,False,2
KRT6A_proteomics,,,,0.4979495457391999,,,,0.4669559106222149,False,2
TRIM29_proteomics,,,,0.4957727337385333,,,,0.5407122774801669,False,2
ANXA1_proteomics,,,,0.4945361033991621,,,0.32173876313909444,,False,2
IVL_proteomics,,,,0.5084112648906325,0.4630537401098708,,,0.3928568010032339,False,3
FSCN1_proteomics,,,,0.4931256667037333,,0.5264347695861407,0.2964038199327153,0.4420777079305946,False,3
ANXA8L1_proteomics,,,,0.4859616284100746,,,,0.4191054907191797,False,2
ITGB4_proteomics,,,,0.4851230795618071,,,,0.5673799186736751,False,2
DNAJC12_proteomics,,,,-0.4760464349661978,,,,-0.3945662194048456,False,2
ITGA6_proteomics,,,,0.4726931621622974,,,,0.4600714925995109,False,2
LPCAT2_proteomics,,,,0.4675396679270082,,0.30359329506295385,,0.3148647043148708,False,3
NECTIN1_proteomics,,,,0.4800435008910061,,0.28546171623685185,,0.5220843119010871,False,2
ACADSB_proteomics,,,,-0.46284098742463997,,-0.37518976030247897,,,False,2
TUBA1C_proteomics,,,,0.4607503770453698,0.3056855002887041,0.3437170592229224,,0.3098148735147496,False,4
BSG_proteomics,,,,0.4560638228147118,,0.35223673281958684,,0.3824863431114357,False,3
ATP11B_proteomics,,,,0.4533760846161086,,0.2981978665018438,,0.3173220851177458,False,2
FN3K_proteomics,,,,-0.4507464466767832,,-0.4060099439765156,,,False,2
MT1X_proteomics,,,,0.4486255208226467,,0.3696286836494065,,0.307275562465969,False,3
TLDC1_proteomics,,,,0.44733099438533575,,0.3401391740190021,,0.3873336690670437,False,3
PTK7_proteomics,,,,0.4473227014955907,0.2721636681406815,0.3013318507966819,,,False,2
CDC42EP1_proteomics,,,,0.44510528120848747,,,0.3745899883407337,,False,2
PYM1_proteomics,,,,-0.4435263119882488,,-0.3235794328737257,,,False,2
DIDO1_proteomics,,,,-0.44085499559405067,,,-0.34756095797109965,,False,2
GNAI1_proteomics,,,,0.4399076473503408,,0.3296395509784296,,0.3996792360170014,False,3
ANP32A_proteomics,,,,-0.4391680729426208,-0.3023982371961225,,,,False,2
PKP1_proteomics,,,,0.43110981495619816,,0.2715645102939385,,0.3612593127553804,False,2
JUN_proteomics,,,,0.4286790220446001,,,,0.3112817340818155,False,2
A2ML1_proteomics,,,,0.4285764773195807,,,,0.34607240175762183,False,2
NSDHL_proteomics,,,,0.424296802754739,0.4665874173490521,0.3540841076767659,,,False,3
MAP3K6_proteomics,,,,0.4233171984971459,,,,0.4514053730388348,False,2
TRIM2_proteomics,,,,0.4225715405882233,0.30096561220430346,,,,False,2
RRAS2_proteomics,,,,0.42037245980071625,,0.3444588804023785,,,False,2
MPZL1_proteomics,,,,0.4194653036938949,,0.40738623389397255,,,False,2
EHD1_proteomics,,,,0.4144204906688824,,,0.3810178905562931,,False,2
RPS2_proteomics,,,,0.4117437031955458,,0.3337693599614702,,,False,2
PCBD2_proteomics,,,,-0.4110645335067926,,-0.3317381548838987,,,False,2
PARN_proteomics,,,,-0.4105101055030958,,0.29998780089894683,-0.3011480308909437,,False,2
MMP1_proteomics,,,,0.40975563496793627,,,0.3822398256339552,,False,2
RERG_proteomics,,,,-0.4043769552705583,,,-0.5223215392337767,,False,2
WLS_proteomics,,,,0.4661938124468421,0.3322323149078044,0.2893927245517767,,0.4316635129276851,False,3
PLOD2_proteomics,,,,0.3984938935430056,,0.3567342451183371,,,False,2
DSG3_proteomics,,,,0.4436863144055185,,0.2751481630523081,,0.4077454019992966,False,2
S100A2_proteomics,,,,0.3973867378423992,,0.3531872511157893,,0.4109128027094805,False,3
LAMB3_proteomics,,,,0.39435109459729417,,0.3732247715723949,,0.492286041839352,False,3
PLS3_proteomics,,,,0.3917748501408353,0.4526909438576488,0.3699193874531396,,,False,3
EMC1_proteomics,,,,0.3853170710974573,0.36945638520216106,,,,False,2
RAP2B_proteomics,,,,0.3839358002920628,,0.3046147015766009,,,False,2
DYNLT1_proteomics,,,,0.3828345691231344,,0.32808185005407586,,,False,2
ITGB6_proteomics,,,,0.3789276395192877,,0.31662832089683485,,,False,2
THTPA_proteomics,,,,-0.3789001246507349,,-0.3122905503178325,,-0.3172696662906201,False,3
FAM89A_proteomics,,,,0.4619356153095913,,0.3220373085528696,,,False,2
RMND1_proteomics,,,,-0.3768830160983079,,,-0.38419760599840025,,False,2
PARD3_proteomics,,,,0.3748261371115309,0.3216491176050135,,,,False,2
DGKH_proteomics,,,,0.3738467970045857,,,,0.34984564492145576,False,2
HDHD2_proteomics,,,,-0.3715172721938659,-0.3939376593973767,,,,False,2
PLCB3_proteomics,,,,0.371222071974319,,,,0.310494644273533,False,2
RPS8_proteomics,,,,0.3709535911776419,,0.3049645112080238,,,False,2
CCDC134_proteomics,,,,0.369771089077207,0.3896557687753603,,,,False,2
ELOVL1_proteomics,,,,0.3691361271076384,0.30353506701686395,,,0.3204543772016462,False,3
ITGAV_proteomics,,,,0.3684859780200093,,0.4428407536140119,,0.3175363683114337,False,3
ZNF740_proteomics,,,,-0.36700762398838027,-0.3637493926379496,,,,False,2
SPHK1_proteomics,,,,0.3668464284101504,,0.3362794595069332,,,False,2
YKT6_proteomics,,,,0.3658736662086694,0.3502614678035463,0.3860656057438393,,0.3481056486414835,False,4
CDCP1_proteomics,,,,0.36494090634623205,,0.3187881126744229,,0.4955338518235069,False,3
FABP5_proteomics,,,,0.3649235803553036,,,,0.34317045816585023,False,2
SART3_proteomics,,,,-0.36386764081049816,,,-0.3066972828716771,,False,2
ENDOD1_proteomics,,,,0.36356598494222203,0.35176341745595685,,0.3091266626783412,0.4927320429838205,False,4
ARL4C_proteomics,,,,0.4051844821595313,,0.46644341675607504,,0.3571668789443357,False,3
CPN2_proteomics,,,,0.35965312702162644,,,0.3575267062559485,,False,2
NT5E_proteomics,,,,0.35953281446652324,,,0.3547806064778028,,False,2
RPL3_proteomics,,,,0.35823721395605945,,0.3330668270183681,,,False,2
RAD50_proteomics,,,,-0.3576732324859945,,,-0.3729397864810128,,False,2
USP7_proteomics,,,,-0.3562200816264651,,,-0.3683515893363379,,False,2
CAMK2D_proteomics,,,,0.35612467783692914,0.3957261304642395,,,,False,2
ANXA8_proteomics,,,,0.3998910529391597,,0.2686593456907759,,0.4737156877077351,False,2
KRT14_proteomics,,,,0.35551416582829803,,,,0.4031571605373604,False,2
RPL10_proteomics,,,,0.3552425867964737,,0.3618252727126287,,,False,2
UQCC2_proteomics,,,,-0.3541523220598384,,,-0.37201078237843743,,False,2
MTIF3_proteomics,,,,-0.3504641733962125,,-0.27938841321196123,-0.3968953749866601,,False,2
ATL2_proteomics,,,,0.34876847233475405,,0.3211312037056694,,,False,2
ARPP19_proteomics,,,,-0.3487651768422132,-0.35602721589579417,,,,False,2
KIAA1324_proteomics,,,,-0.3481100201947006,,-0.3724026169637689,,,False,2
AKR7A3_proteomics,,,,-0.3479191749777289,-0.3165879632026871,,,,False,2
EFCAB14_proteomics,,,,0.35760489762482905,0.4074371841178925,,,,False,2
KRT6B_proteomics,,,,0.3459434862460518,,,,0.324734826371394,False,2
TMEM65_proteomics,,,,0.3682910873293416,0.3742366191307866,,,,False,2
PPP1R14C_proteomics,,,,0.3692885964407608,,0.3055654953355329,,,False,2
IFNGR1_proteomics,,,,0.3415147264044261,0.34062214238550625,,,,False,2
PKM_proteomics,,,,0.34151242730333004,,0.3089074557931122,,0.3120507462830577,False,3
TTYH3_proteomics,,,,0.3407829557389368,0.4402506487395471,,,0.4405505516333142,False,3
HSDL2_proteomics,,,,-0.3402943514095532,,,-0.3885678385449693,,False,2
CDC42BPG_proteomics,,,,0.34008109620185323,0.4180002250548582,,,0.4070375505582877,False,3
FKBP9_proteomics,,,,0.339954109181324,,0.3158714456064421,,,False,2
URGCP_proteomics,,,,0.3514264507339878,0.5157807882035345,,,,False,2
NAT1_proteomics,,,,-0.33905695991992546,,-0.3560904197669248,,,False,2
TENM2_proteomics,,,,0.43986165066075816,,0.4708342397356705,,,False,2
PLXNA1_proteomics,,,,0.3369657381578941,,0.3860884510627962,,0.4084144197801496,False,3
SFN_proteomics,,,,0.33543861746811554,,,,0.4949873896086441,False,2
NSF_proteomics,,,,-0.3333201600735607,,-0.4115194008275717,,,False,2
TFF3_proteomics,,,,-0.3318790161211717,,-0.37610831720599225,,,False,2
KANK4_proteomics,,,,0.33093673767102444,,0.39560660303761996,,,False,2
S100A10_proteomics,,,,0.3305966915130749,,0.3065322722098122,,,False,2
DEGS1_proteomics,,,,0.33049727124973505,,,,0.3126753818061127,False,2
TINAGL1_proteomics,,,,0.3295225728597877,-0.26848368982822457,,0.3520964345722024,,False,2
SPATS2L_proteomics,,,,0.3287607955906553,0.3916335625903311,,,,False,2
CYP2S1_proteomics,,,,0.33930187721629024,,,,0.3539692503736437,False,2
FAM83B_proteomics,,,,0.3272040829214473,,0.28048224982327946,,0.4323012200111496,False,2
PYGM_proteomics,,,,0.32662470061672905,,,0.3268976405253289,,False,2
VRK3_proteomics,,,,-0.326196303170282,,-0.3542420892393686,,,False,2
RBM34_proteomics,,,,0.3261747060667212,,0.30233933221541404,,,False,2
SAMD4A_proteomics,,,,0.3257578475111328,0.32034053184399325,,,,False,2
SNX8_proteomics,,,,0.3248035154974593,0.3622098442528179,,,,False,2
ACTBL2_proteomics,,,,0.3245335742237017,,,0.31061224861561954,,False,2
PTMS_proteomics,,,,-0.32419503051084125,-0.3645125925781465,,,,False,2
WIPI2_proteomics,,,,0.3236609957315403,0.32000049861113383,,,,False,2
SH3GL1_proteomics,,,,0.323040269832472,,,,0.3127967029463726,False,2
RHOH_proteomics,,,,-0.3916368498552203,-0.3522385283807881,,,,False,2
TFAP2C_proteomics,,,,0.32102899890824843,,0.33912197903670105,,,False,2
PON3_proteomics,,,,0.3208321195010973,0.32485547640151824,,,,False,2
ARFGEF2_proteomics,,,,-0.3191634140802405,,,-0.4171389360300544,,False,2
KRT7_proteomics,,,,0.3172580040603729,,,0.40086447711914347,,False,2
FAS_proteomics,,,,0.3165261362952961,,,0.3052978974965425,,False,2
OXCT1_proteomics,,,,0.31350025935288706,0.2778267901404698,,0.3242341649544023,,False,2
PDE12_proteomics,,,,-0.31317342551386634,,-0.34922024912598737,,,False,2
NDUFAB1_proteomics,,,,-0.31277097503890283,,,-0.4422006005880045,,False,2
MAPK8IP3_proteomics,,,,0.31121423169623585,,,,0.32127002537048605,False,2
MEMO1_proteomics,,,,0.3104605649361213,,,,0.3498868908183773,False,2
DPP8_proteomics,,,,-0.30931374295591313,-0.350814666362148,,,,False,2
EXT1_proteomics,,,,0.3573391057356626,,0.4372183642149689,,0.3720898810779201,False,3
HARS2_proteomics,,,,-0.3086969877437011,,,-0.3282116658138474,,False,2
DVL3_proteomics,,,,0.30869163760081664,,,,0.33098564207545056,False,2
NTHL1_proteomics,,,,-0.3086164346996015,,,-0.406304879177726,,False,2
SPTBN2_proteomics,,,,0.3073332904358813,0.3613145270858196,,0.3554170600857638,,False,3
RALA_proteomics,,,,0.3071526388881399,0.3131948060437252,0.3195536032255283,,,False,3
ABCE1_proteomics,,,,0.3059733571929484,,0.31580799375397084,,,False,2
CLCA2_proteomics,,,,0.32674217484037155,,0.3292490820494574,,0.4337020445892135,False,3
BAIAP2L1_proteomics,,,,0.30499503058756583,0.27079055889534576,0.39208310463083584,,0.3118579279111195,False,3
CTIF_proteomics,,,,0.3043103883814514,,,0.3883179219484808,,False,2
SPARC_proteomics,,,,0.30359750516300904,,0.30614135773868945,,,False,2
PLP2_proteomics,,,,0.31420589736632193,,,,0.340122305794769,False,2
OSBPL9_proteomics,,,,0.3030361825212188,,,0.30726055370738103,,False,2
ISCU_proteomics,,,,-0.3025597035009641,,,-0.3102364667906796,,False,2
ERLIN1_proteomics,,,,0.3023178750311653,,0.2860905860604352,,0.34774188658405336,False,2
ATP1A1_proteomics,,,,0.30149401317817826,0.28593196783889857,,,0.3557484633543858,False,2
CRYZ_proteomics,,,,-0.3003156762295185,,-0.30117737859322785,,,False,2
MSMO1_proteomics,,,,0.3191841956898893,,,,0.3182912997984554,False,2
RTKN_proteomics,,,,0.29556604302580136,,0.3779558742799378,,0.30225471472745696,False,2
AHDC1_proteomics,,,,0.2952803787857375,0.3006987500228113,0.3269671454640889,,,False,2
ACVR1_proteomics,,,,0.33362215663116024,,0.4137529443857799,,,False,2
LRRC8A_proteomics,,,,0.28210527592142665,,0.4086413027053424,,0.3278070025266387,False,2
PRNP_proteomics,,,,0.2648545963356671,,0.3895588658633055,,0.4064526389548037,False,2
RXRA_proteomics,,,,-0.2641094050219725,,0.3395321723437412,,0.3041241864390677,False,2
SYTL1_proteomics,,,,-0.2639814806132019,,,0.4531181876416993,0.3177819556133001,False,2
UBE2N_proteomics,,,,-0.25926036033570715,-0.3878812242577347,-0.3068213597235413,-0.2920758743870878,,False,2
ACAA2_proteomics,,,,0.2541678006297515,-0.3599474921748204,-0.3027559806502763,,,False,2
CD44_proteomics,,,,0.2492272224248162,,0.317828413210813,,0.3919625834536684,False,2
VSTM2L_proteomics,,,,0.3143627640916845,0.4564818237677586,,,,False,2
HDDC3_proteomics,,,,-0.2407358929907885,-0.3075265658982325,-0.3943840233785104,,,False,2
ADAM17_proteomics,,,,0.2374676921084306,,0.3552378859118801,,0.33916983282733304,False,2
LAMP2_proteomics,,,,0.2346736631707335,0.4789656878449278,0.4887170107488884,,,False,2
EXOC6B_proteomics,,,,0.2303769010342232,,0.3481077778647614,,0.3470103227622894,False,2
CCDC47_proteomics,,,,,0.4955948228302136,0.3087734013575478,,,False,2
BLVRA_proteomics,,,,,0.4548141222367076,,0.33714546909496723,,False,2
STAT5B_proteomics,,,,,-0.4545850377152757,-0.3801315711032272,,,False,2
PURB_proteomics,,,,,0.4540526646090707,0.4123792046608771,,,False,2
SPTLC2_proteomics,,,,,0.4508439366775842,,0.3971036796275895,,False,2
RAB38_proteomics,,,,,0.4466356662850438,,,0.3734066824680768,False,2
FBXL18_proteomics,,,,,0.4461440472373779,0.34697486005577777,,,False,2
TXNDC17_proteomics,,,,,0.4358109332325393,,,0.3920524662533641,False,2
PPP3CC_proteomics,,,,,-0.4322714867138228,-0.359171461486856,,,False,2
UFM1_proteomics,,,,,-0.4126784066355599,,-0.3308607009790803,,False,2
GPX2_proteomics,,,,,-0.4373507635473321,,-0.3524510317911441,,False,2
MS4A1_proteomics,,,,,-0.4272518229908282,-0.3643610610119348,,-0.2958372532855456,False,2
IKZF3_proteomics,,,,,-0.3943951156819243,-0.3226251712291206,,,False,2
GZMK_proteomics,,,,,-0.4250043099606932,-0.3191473739921007,,,False,2
SUMF2_proteomics,,,,,0.3823132473171332,0.513876120165785,,0.3439604184408954,False,3
KLC3_proteomics,,,,,0.37927614176576535,,,0.4317545053347317,False,2
MAP4K1_proteomics,,,,,-0.3775477461942977,-0.4232537960756701,,,False,2
ING3_proteomics,,,,,-0.3765334927697185,-0.30872535123001443,,,False,2
LCK_proteomics,,,,,-0.3708936631703347,-0.33114856046998725,,,False,2
DCTN1_proteomics,,,,,-0.36536134692261335,-0.3030451879556937,,,False,2
ADAM15_proteomics,,,,,0.3627875980742541,,,0.32772850436665285,False,2
NAAA_proteomics,,,,,-0.3535892515026209,-0.3902383003594543,,,False,2
EFR3A_proteomics,,,,,0.3519261866773138,,,0.3545282566393041,False,2
CDKN1B_proteomics,,,,,-0.3517042213149987,-0.32453544857690536,,-0.4115780717576431,False,3
ALDOA_proteomics,,,,,0.3481133539084685,,,0.3111494096369018,False,2
PRSS8_proteomics,,,,,0.34779044239667706,0.3356533932143295,,,False,2
IRF4_proteomics,,,,,-0.34638950559444665,-0.3864794009764706,,,False,2
CEP170B_proteomics,,,,,0.40424712010977215,0.3485116360202896,,,False,2
FBLN5_proteomics,,,,,-0.34442755207734777,,,-0.31763015608020473,False,2
ITIH5_proteomics,,,,,-0.34293406395967185,-0.3473024737686847,,,False,2
CR2_proteomics,,,,,-0.4267788926902433,,,-0.3224597793944298,False,2
PLVAP_proteomics,,,,,-0.3361204544769919,-0.324345313888901,,-0.3246586105211674,False,3
CARMIL2_proteomics,,,,,-0.3820765185630651,-0.4165152803861112,,,False,2
SH2D1A_proteomics,,,,,-0.3327919848921612,-0.3450567286982775,,,False,2
TNXB_proteomics,,,,,-0.3274112740768566,-0.3334140201854462,,,False,2
BZW2_proteomics,,,,,0.3238877428419372,0.3821228367552638,,,False,2
ZNF143_proteomics,,,,,-0.32151416124871346,,,-0.31226673119532544,False,2
ELF1_proteomics,,,,,-0.3210657531833593,,,-0.3140448183646826,False,2
CTNNA1_proteomics,,,,,0.3163446211607261,0.35226707660438794,,0.4163577521281071,False,3
GRK6_proteomics,,,,,-0.3163015830268164,-0.3433277605445449,,,False,2
VPS36_proteomics,,,,,-0.3151896882037829,,-0.3105450484726234,,False,2
ANKRD50_proteomics,,,,,0.3143962857384027,0.26966204707807506,,0.4600127760496875,False,2
REM1_proteomics,,,,,-0.33238538216229324,,,-0.345573525195551,False,2
IL1RAP_proteomics,,,,,0.31015530439086186,0.4387835907302015,,0.5498912671308103,False,3
SELP_proteomics,,,,,-0.3099975184943968,-0.4012807982103539,,,False,2
STIM1_proteomics,,,,,0.3061386099187955,,,0.3268010879240292,False,2
HIST2H2AB_proteomics,,,,,-0.3058247234865088,,,-0.3047833610317357,False,2
YAE1_proteomics,,,,,0.3730239433657165,0.31640674680883984,,,False,2
LIMD1_proteomics,,,,,-0.3010991688786062,-0.39761943757262935,,,False,2
CD3G_proteomics,,,,,-0.3337055243147454,-0.38103218224103175,,,False,2
PTPN4_proteomics,,,,,-0.36002157370185656,,,-0.3405688951656662,False,2
CLSTN1_proteomics,,,,,0.2686386647493031,0.3963304448309263,,0.3668129648931993,False,2
JAG1_proteomics,,,,,,0.5193675703808045,,0.3981032589546122,False,2
IRF6_proteomics,,,,,,0.5142276477593416,,0.4188591356438601,False,2
FHIT_proteomics,,,,,,-0.4681310660984413,,-0.3555673724547272,False,2
FAT2_proteomics,,,,,,0.4496946259901747,,0.5209714696535914,False,2
CARD8_proteomics,,,,,,-0.4420912074734858,,-0.3405557945494681,False,2
CHCHD2_proteomics,,,,,,0.4319130863266423,,0.5295961026925241,False,2
GPC1_proteomics,,,,,,0.4016066017618977,,0.4077527082530496,False,2
REPIN1_proteomics,,,,,,-0.38940737600229136,,-0.3349399256468221,False,2
ANXA2_proteomics,,,,,,0.37251289406400623,,0.3519658172192271,False,2
GSDME_proteomics,,,,,,0.3693651281843372,,0.3190198620349576,False,2
NPTN_proteomics,,,,,,0.35708585997216624,0.4031249569797845,0.4278186043848085,False,3
TMEM132A_proteomics,,,,,,0.3519668194545332,,0.4087144793113726,False,2
GALM_proteomics,,,,,,-0.3502873611648549,,-0.3128014867996633,False,2
TRIM47_proteomics,,,,,,0.349515474882496,0.3589301920634624,,False,2
VANGL1_proteomics,,,,,,0.3450558562216519,,0.41558432883377455,False,2
TNS4_proteomics,,,,,,0.34471364318572506,,0.4240889394745317,False,2
TMTC3_proteomics,,,,,,0.3246559722845259,,0.3954692892180359,False,2
RAB7B_proteomics,,,,,,0.3245631378783684,,0.3602322177286273,False,2
ARHGEF2_proteomics,,,,,,-0.3189580283736683,,-0.3870991151904453,False,2
FBXO3_proteomics,,,,,,0.3187906011720571,,0.3506099810597173,False,2
DDAH2_proteomics,,,,,,-0.3103498061261035,,-0.3074384236852638,False,2
FRRS1_proteomics,,,,,,0.3082896967478581,,0.4223488762974402,False,2
LTBR_proteomics,,,,,,0.3102160288441351,,0.314406700213104,False,2
TP63_proteomics,,,,,,0.3006102783988622,,0.3327458007745561,False,2
AFAP1L2_proteomics,,,,,,0.27176636562473816,0.4371760395058685,0.342662108852308,False,2
S100A14_proteomics,,,,,,,0.3513731718779979,0.3612771859811499,False,2
KIAA1522_proteomics,,,,,,,0.30929630866981306,0.3825044504375992,False,2
